country,country_code,abbreviation,group,player_name,short_name,role,position_detail,position_side,jersey_number,birth_date,height_cm,weight_kg,nationality_code,image_url,player_id,team_id,matches_played,goals,assists,yellow_cards,red_cards,preferred_foot,join_date,active_status,ifes_id
Algeria,ALG,ALG,Group J,Melvin MASTIL,MASTIL,Goalkeeper,Goalkeeper,Unknown,1,2000-02-19,194.0,90.0,ALG,https://digitalhub.fifa.com/transform/6d85724d-c5a6-400d-acb9-df73451a4bf4/MASTIL-Melvin_520070,520070,43843,,,,,,,2026-03-26T00:00:00Z,1,520070
Algeria,ALG,ALG,Group J,Aissa MANDI,MANDI,Defender,Defender,Unknown,2,1991-10-22,184.0,81.0,ALG,https://digitalhub.fifa.com/transform/dc4250ac-0a37-44da-9ae0-c858225ad8a1/MANDI-Aissa_376285,376285,43843,,,,,,,2013-11-13T00:00:00Z,1,376285
Algeria,ALG,ALG,Group J,Achref ABADA,Achref ABADA,Defender,Defender,Unknown,3,1999-06-15,185.0,78.0,ALG,https://digitalhub.fifa.com/transform/8b3d3f92-a378-40d7-92d2-85eed4a732d3/ABADA-Achraf_512127,512127,43843,,,,,,,2025-10-16T00:00:00Z,1,512127
Algeria,ALG,ALG,Group J,Mohamed Amine TOUGAI,TOUGAI,Defender,Defender,Unknown,4,2000-01-22,186.0,84.0,ALG,https://digitalhub.fifa.com/transform/08ab7f46-1067-4c5a-9a23-64bda657aca0/TOUGAI-Mohamed-Amine_433600,433600,43843,,,,,,,2021-10-06T00:00:00Z,1,433600
Algeria,ALG,ALG,Group J,Zineddine BELAID,BELAID,Defender,Defender,Unknown,5,1999-03-20,186.0,83.0,ALG,https://digitalhub.fifa.com/transform/f638bd61-6020-4634-bb13-4c19e3b209de/BELAID-Zineddine_480983,480983,43843,,,,,,,2023-12-30T00:00:00Z,1,480983
Algeria,ALG,ALG,Group J,Ramiz ZERROUKI,ZERROUKI,Midfielder,Midfielder,Unknown,6,1998-05-26,183.0,82.0,ALG,https://digitalhub.fifa.com/transform/48a3b28e-cee7-4c5b-87b9-6344b3977983/ZERROUKI-Ramiz_433679,433679,43843,,,,,,,2021-10-09T00:00:00Z,1,433679
Algeria,ALG,ALG,Group J,Riyad Mahrez,MAHREZ,Forward,Forward,Unknown,7,1991-02-21,179.0,73.0,ALG,https://digitalhub.fifa.com/transform/172fb59c-24f2-4bc0-82a2-cdc869badf53/MAHREZ-Riyad_379942,379942,43843,,,,,,,2014-05-10T00:00:00Z,1,379942
Algeria,ALG,ALG,Group J,Houssem Aouar,AOUAR,Midfielder,Midfielder,Unknown,8,1998-06-30,175.0,70.0,ALG,https://digitalhub.fifa.com/transform/ac743888-d671-4971-9df9-594b591f2425/AOUAR-Houssem_430698,430698,43843,,,,,,,2023-03-04T00:00:00Z,1,430698
Algeria,ALG,ALG,Group J,Amine GOUIRI,GOUIRI,Forward,Forward,Unknown,9,2000-02-16,180.0,72.0,ALG,https://digitalhub.fifa.com/transform/4818d176-036a-4494-b53e-ada08bba749c/GOUIRI-Amine_405877,405877,43843,,,,,,,2023-08-28T00:00:00Z,1,405877
Algeria,ALG,ALG,Group J,Fares CHAIBI,CHAIBI,Midfielder,Midfielder,Unknown,10,2002-11-28,183.0,82.0,ALG,https://digitalhub.fifa.com/transform/81f29a61-d5a0-466a-86dd-d52b61f29462/CHAIBI-Fares_477795,477795,43843,,,,,,,2023-11-08T00:00:00Z,1,477795
Algeria,ALG,ALG,Group J,Anis HADJ MOUSSA,HADJ MOUSSA,Forward,Forward,Unknown,11,2002-02-11,176.0,75.0,ALG,https://digitalhub.fifa.com/transform/7446a4bb-0884-461c-8fd7-7ce4c93a0a46/HADJ-MOUSSA-Anis_482874,482874,43843,,,,,,,2024-03-21T00:00:00Z,1,482874
Algeria,ALG,ALG,Group J,Nadhir BENBOUALI,BENBOUALI,Forward,Forward,Unknown,12,2000-04-17,190.0,85.0,ALG,https://digitalhub.fifa.com/transform/9e9811da-2a8a-48cd-9088-1a45b6f90e0a/BENBOUALI-Nadhir_520071,520071,43843,,,,,,,2026-03-26T00:00:00Z,1,520071
Algeria,ALG,ALG,Group J,Jaouen HADJAM,HADJAM,Defender,Defender,Unknown,13,2003-03-26,185.0,83.0,ALG,https://digitalhub.fifa.com/transform/c24e6b93-736c-41a7-be57-2e165509ce5c/HADJAM-Jaouen_482869,482869,43843,,,,,,,2024-03-21T00:00:00Z,1,482869
Algeria,ALG,ALG,Group J,Hicham BOUDAOUI,BOUDAOUI,Midfielder,Midfielder,Unknown,14,1999-09-23,175.0,75.0,ALG,https://digitalhub.fifa.com/transform/76a28e94-3869-40e2-a82e-9fb973181eb6/BOUDAOUI-Hicham_441350,441350,43843,,,,,,,2022-03-25T00:00:00Z,1,441350
Algeria,ALG,ALG,Group J,Rayan AIT-NOURI,AIT NOURI,Defender,Defender,Unknown,15,2001-06-06,180.0,80.0,ALG,https://digitalhub.fifa.com/transform/7d7c26f5-81ee-4c6b-97b5-a8c6f67f0772/ZIZO_431858,431858,43843,,,,,,,2022-11-10T00:00:00Z,1,431858
Algeria,ALG,ALG,Group J,Oussama BENBOT,BENBOT,Goalkeeper,Goalkeeper,Unknown,16,1994-10-11,188.0,90.0,ALG,https://digitalhub.fifa.com/transform/884914ab-5fde-4b43-a31a-99b35849afc8/BENBOT-Oussama_477817,477817,43843,,,,,,,2023-11-08T00:00:00Z,1,477817
Algeria,ALG,ALG,Group J,Rafik BELGHALI,BELGHALI,Defender,Defender,Unknown,17,2002-06-07,180.0,75.0,ALG,https://digitalhub.fifa.com/transform/0007b754-4911-4f39-8c81-df2c156f7aa5/BELGHALI-Rafik_511009,511009,43843,,,,,,,2025-10-08T00:00:00Z,1,511009
Algeria,ALG,ALG,Group J,Mohamed AMOURA,AMOURA,Forward,Forward,Unknown,18,2000-05-09,170.0,68.0,ALG,https://digitalhub.fifa.com/transform/5aa32614-1ae5-49be-aed3-f9636a556385/AMOURA-Mohamed_477790,477790,43843,,,,,,,2023-11-08T00:00:00Z,1,477790
Algeria,ALG,ALG,Group J,Nabil Bentaleb,BENTALEB,Midfielder,Midfielder,Unknown,19,1994-11-24,189.0,76.0,ALG,https://digitalhub.fifa.com/transform/02fbf423-afa1-4863-8ddc-af2136fb5685/BENTALEB-Nabil_379939,379939,43843,,,,,,,2014-05-10T00:00:00Z,1,379939
Algeria,ALG,ALG,Group J,Adil BOULBINA,BOULBINA,Forward,Forward,Unknown,20,2003-05-02,183.0,80.0,ALG,https://digitalhub.fifa.com/transform/167d2400-d78c-4931-8a84-7b27284bd386/BOULBINA-Adil_512132,512132,43843,,,,,,,2025-10-16T00:00:00Z,1,512132
Algeria,ALG,ALG,Group J,Ramy BENSEBAINI,BENSEBAINI,Defender,Defender,Unknown,21,1995-04-16,187.0,84.0,ALG,https://digitalhub.fifa.com/transform/329752fa-e310-4124-8fb2-be7cc478b929/BENSEBAINI-Ramy_395113,395113,43843,,,,,,,2015-10-07T00:00:00Z,1,395113
Algeria,ALG,ALG,Group J,Ibrahim MAZA,MAZA,Midfielder,Midfielder,Unknown,22,2005-11-24,180.0,78.0,ALG,https://digitalhub.fifa.com/transform/d1a9f2e9-3dda-4bdb-b2a1-f026bb97d9ce/MAZA-Ibrahim_494291,494291,43843,,,,,,,2025-03-17T00:00:00Z,1,494291
Algeria,ALG,ALG,Group J,Luca ZIDANE,ZIDANE,Goalkeeper,Goalkeeper,Unknown,23,1998-05-13,183.0,78.0,ALG,https://digitalhub.fifa.com/transform/9a389290-d443-4b83-8e3a-70e481bca3f1/ZIDANE-Luca_389879,389879,43843,,,,,,,2025-09-19T00:00:00Z,1,389879
Algeria,ALG,ALG,Group J,Yassine TITRAOUI,TITRAOUI,Midfielder,Midfielder,Unknown,24,2003-07-26,180.0,70.0,ALG,https://digitalhub.fifa.com/transform/d5bf01cd-ba36-4a99-80c8-9287c6df0069/TITRAOUI-Yassine_433631,433631,43843,,,,,,,2021-10-06T00:00:00Z,1,433631
Algeria,ALG,ALG,Group J,Fares GHEDJEMIS,GHEDJEMIS,Forward,Forward,Unknown,25,2002-09-06,183.0,82.0,ALG,https://digitalhub.fifa.com/transform/39118134-164a-4baa-9884-de4f4821a0b7/GHEDJEMIS-Fares_520072,520072,43843,,,,,,,2026-03-26T00:00:00Z,1,520072
Algeria,ALG,ALG,Group J,Samir CHERGUI,CHERGUI,Defender,Defender,Unknown,26,1999-02-06,185.0,85.0,ALG,https://digitalhub.fifa.com/transform/5a1d62d5-a732-4036-b925-d011389a66fb/CHERGUI-Samir_511010,511010,43843,,,,,,,2025-10-08T00:00:00Z,1,511010
Argentina,ARG,ARG,Group J,Juan MUSSO,MUSSO,Goalkeeper,Goalkeeper,Unknown,1,1994-05-06,193.0,94.0,ARG,https://digitalhub.fifa.com/transform/c4a2b6b7-378f-422d-b2d1-42a04e5b1dfb/MUSSO-Juan_430624,430624,43922,,,,,,,2022-03-28T00:00:00Z,1,430624
Argentina,ARG,ARG,Group J,Marcos SENESI,SENESI,Defender,Defender,Unknown,2,1997-05-10,185.0,80.0,ARG,https://digitalhub.fifa.com/transform/6e675b37-0a1a-4b1e-8ec8-34425ac08d86/MARCOS-SENESI_402934,402934,43922,,,,,,,2022-10-21T00:00:00Z,1,402934
Argentina,ARG,ARG,Group J,Nicolas TAGLIAFICO,TAGLIAFICO,Defender,Defender,Unknown,3,1992-08-31,172.0,65.0,ARG,https://digitalhub.fifa.com/transform/dd4d5f75-b3d4-4ff2-81bf-c16bf0b0a061/TAGLIAFICO-Nicolas_308322,308322,43922,,,,,,,2018-05-15T00:00:00Z,1,308322
Argentina,ARG,ARG,Group J,Gonzalo MONTIEL,MONTIEL,Defender,Defender,Unknown,4,1997-01-01,175.0,70.0,ARG,https://digitalhub.fifa.com/transform/b8cd278f-c843-4b99-9fb3-c8f081fbb2a8/MONTIEL-Gonzalo_402926,402926,43922,,,,,,,2020-11-13T00:00:00Z,1,402926
Argentina,ARG,ARG,Group J,Leandro PAREDES,PAREDES,Midfielder,Midfielder,Unknown,5,1994-06-29,182.0,74.0,ARG,https://digitalhub.fifa.com/transform/76c073ae-2d3c-47b6-8fb5-698893f91a6f/PAREDES-Leandro_332847,332847,43922,,,,,,,2015-10-08T00:00:00Z,1,332847
Argentina,ARG,ARG,Group J,Lisandro MARTINEZ,MARTÍNEZ,Defender,Defender,Unknown,6,1998-01-18,175.0,78.0,ARG,https://digitalhub.fifa.com/transform/1b4390f3-e94f-4851-a36b-595356b3d414/MARTINEZ-Lisandro_402921,402921,43922,,,,,,,2022-06-02T00:00:00Z,1,402921
Argentina,ARG,ARG,Group J,Rodrigo DE PAUL,DE PAUL,Midfielder,Midfielder,Unknown,7,1994-05-24,178.0,73.0,ARG,https://digitalhub.fifa.com/transform/314bcb4c-8c81-4bce-9750-85827a209c1b/DE-PAUL-Rodrigo_428882,428882,43922,,,,,,,2020-11-13T00:00:00Z,1,428882
Argentina,ARG,ARG,Group J,Valentin BARCO,BARCO,Midfielder,Midfielder,Unknown,8,2004-07-23,172.0,67.0,ARG,https://digitalhub.fifa.com/transform/b3a01b61-2e37-439e-b277-5d37c89923ab/BARCO-Valentin_463661,463661,43922,,,,,,,2024-06-06T00:00:00Z,1,463661
Argentina,ARG,ARG,Group J,Julian ALVAREZ,J. ALVAREZ,Forward,Forward,Unknown,9,2000-01-31,170.0,73.0,ARG,https://digitalhub.fifa.com/transform/c7715f12-adb9-4504-9be2-e2899bdbd172/ALVAREZ-Julian_416081,416081,43922,,,,,,,2022-03-26T00:00:00Z,1,416081
Argentina,ARG,ARG,Group J,Lionel MESSI,MESSI,Forward,Forward,Unknown,10,1987-06-24,170.0,68.0,ARG,https://digitalhub.fifa.com/transform/19823774-fac0-485a-8a8f-572e7324c6c2/MESSI-Lionel_229397,229397,43922,,,,,,,2006-06-09T00:00:00Z,1,229397
Argentina,ARG,ARG,Group J,Giovani Lo Celso,LO CELSO,Midfielder,Midfielder,Unknown,11,1996-04-09,177.0,75.0,ARG,https://digitalhub.fifa.com/transform/ddda0414-89fe-4118-9830-8ef417990db4/LO-CELSO-Giovani_395414,395414,43922,,,,,,,2018-05-15T00:00:00Z,1,395414
Argentina,ARG,ARG,Group J,Geronimo RULLI,RULLI,Goalkeeper,Goalkeeper,Unknown,12,1992-05-20,189.0,80.0,ARG,https://digitalhub.fifa.com/transform/db91883b-99ec-4aa2-bf1a-cc7912040c7b/RULLI-Geronimo_394824,394824,43922,,,,,,,2016-05-12T00:00:00Z,1,394824
Argentina,ARG,ARG,Group J,Cristian ROMERO,ROMERO,Defender,Defender,Unknown,13,1998-04-27,185.0,78.0,ARG,https://digitalhub.fifa.com/transform/61d5d60a-7e5a-4a29-919d-c52bd80b9a5a/ROMERO-Cristian_431196,431196,43922,,,,,,,2021-06-04T00:00:00Z,1,431196
Argentina,ARG,ARG,Group J,Exequiel PALACIOS,PALACIOS,Midfielder,Midfielder,Unknown,14,1998-10-05,177.0,72.0,ARG,https://digitalhub.fifa.com/transform/0c3725a4-a529-412d-867b-2ca0929a7a85/PALACIOS-Exequiel_389485,389485,43922,,,,,,,2020-10-14T00:00:00Z,1,389485
Argentina,ARG,ARG,Group J,Nico GONZALEZ,N. GONZALEZ,Midfielder,Midfielder,Unknown,15,1998-04-06,180.0,80.0,ARG,https://digitalhub.fifa.com/transform/7c86f0b3-0e7b-46e4-adb5-eafcd09d5cd0/GONZALEZ-Nico_430631,430631,43922,,,,,,,2022-03-26T00:00:00Z,1,430631
Argentina,ARG,ARG,Group J,Thiago ALMADA,ALMADA,Forward,Forward,Unknown,16,2001-04-26,171.0,63.0,ARG,https://digitalhub.fifa.com/transform/2bcc1c2f-7d0e-46c9-bcd9-1c02ed4d408a/ALMADA-Thiago_418975,418975,43922,,,,,,,2022-10-21T00:00:00Z,1,418975
Argentina,ARG,ARG,Group J,Giuliano SIMEONE,SIMEONE,Forward,Forward,Unknown,17,2002-12-18,174.0,71.0,ARG,https://digitalhub.fifa.com/transform/5d379193-ed78-498b-81c0-0e1a50f2f7c9/SIMEONE-Giuliano_485595,485595,43922,,,,,,,2024-08-26T00:00:00Z,1,485595
Argentina,ARG,ARG,Group J,Nico PAZ,NICO PAZ,Forward,Forward,Unknown,18,2004-09-08,185.0,79.0,ARG,https://digitalhub.fifa.com/transform/db59cb7d-9b9e-4cdc-be14-07e16631dbd8/PAZ-Nico_441422,441422,43922,,,,,,,2022-03-28T00:00:00Z,1,441422
Argentina,ARG,ARG,Group J,Nicolas OTAMENDI,OTAMENDI,Defender,Defender,Unknown,19,1988-02-12,182.0,84.0,ARG,https://digitalhub.fifa.com/transform/4aedbffa-a35c-4aa5-a7ce-8a29c2af3e72/OTAMENDI-Nicolas_310116,310116,43922,,,,,,,2009-06-11T00:00:00Z,1,310116
Argentina,ARG,ARG,Group J,Alexis MAC ALLISTER,MAC ALLISTER,Midfielder,Midfielder,Unknown,20,1998-12-24,176.0,75.0,ARG,https://digitalhub.fifa.com/transform/78b6a9e4-f2b9-4e19-b414-79b18858caaf/MAC-ALLISTER-Alexis_430628,430628,43922,,,,,,,2022-03-26T00:00:00Z,1,430628
Argentina,ARG,ARG,Group J,Jose Manuel LOPEZ,LOPEZ,Forward,Forward,Unknown,21,2000-12-06,190.0,77.0,ARG,https://digitalhub.fifa.com/transform/fe5c273f-95e7-49c7-b9a5-a332e4da801b/LOPEZ-Jose-Manuel_495054,495054,43922,,,,,,,2025-08-18T00:00:00Z,1,495054
Argentina,ARG,ARG,Group J,Lautaro MARTINEZ,L. MARTINEZ,Forward,Forward,Unknown,22,1997-08-22,175.0,80.0,ARG,https://digitalhub.fifa.com/transform/2368bf53-1f73-427b-929e-557187d53ac7/MARTINEZ-Lautaro_402920,402920,43922,,,,,,,2018-05-15T00:00:00Z,1,402920
Argentina,ARG,ARG,Group J,Emiliano MARTINEZ,E. MARTINEZ,Goalkeeper,Goalkeeper,Unknown,23,1992-09-02,195.0,98.0,ARG,https://digitalhub.fifa.com/transform/f5f477fe-a519-4c69-bb68-f6f5b97c1399/MARTINEZ_Emiliano_308300,308300,43922,,,,,,,2022-06-02T00:00:00Z,1,308300
Argentina,ARG,ARG,Group J,Enzo FERNANDEZ,E. FERNANDEZ,Midfielder,Midfielder,Unknown,24,2001-01-17,178.0,83.0,ARG,https://digitalhub.fifa.com/transform/b88c6da2-28db-4d61-a668-ac8e84114063/FERNANDEZ-Enzo_448252,448252,43922,,,,,,,2022-10-21T00:00:00Z,1,448252
Argentina,ARG,ARG,Group J,Facundo MEDINA,MEDINA,Defender,Defender,Unknown,25,1999-05-28,184.0,80.0,ARG,https://digitalhub.fifa.com/transform/6d4b9a27-2cd5-4372-8426-51876990ba1b/MEDINA-Facundo_418963,418963,43922,,,,,,,2022-10-21T00:00:00Z,1,418963
Argentina,ARG,ARG,Group J,Nahuel MOLINA,MOLINA,Defender,Defender,Unknown,26,1998-04-06,179.0,74.0,ARG,https://digitalhub.fifa.com/transform/7aef8344-2a5b-42f0-b1a0-565d5220aa76/MOLINA-Nahuel_402925,402925,43922,,,,,,,2022-03-26T00:00:00Z,1,402925
Australia,AUS,AUS,Group D,Mathew RYAN,RYAN,Goalkeeper,Goalkeeper,Unknown,1,1992-04-08,184.0,82.0,AUS,https://digitalhub.fifa.com/transform/7c98d5eb-1514-4e8f-a6c6-60f4017b2175/RYAN-Mathew_339117,339117,43976,,,,,,,2011-06-29T00:00:00Z,1,339117
Australia,AUS,AUS,Group D,Milos DEGENEK,DEGENEK,Defender,Defender,Unknown,2,1994-04-28,187.0,82.0,AUS,https://digitalhub.fifa.com/transform/93c60eb1-755d-4019-aedb-4da099ceb670/DEGENEK-Milos_331149,331149,43976,,,,,,,2015-03-12T00:00:00Z,1,331149
Australia,AUS,AUS,Group D,Alessandro CIRCATI,CIRCATI,Defender,Defender,Unknown,3,2003-10-10,191.0,85.0,AUS,https://digitalhub.fifa.com/transform/0bbf6585-1c6b-4416-8a3f-31a1d8d1625b/CIRCATI-Alessandro_448014,448014,43976,,,,,,,2022-10-21T00:00:00Z,1,448014
Australia,AUS,AUS,Group D,Jacob ITALIANO,ITALIANO,Defender,Defender,Unknown,4,2001-07-30,177.0,72.0,AUS,https://digitalhub.fifa.com/transform/58be20f9-ed45-4c69-9c3d-d148271e8e92/ITALIANO-Jacob_430450,430450,43976,,,,,,,2025-10-13T00:00:00Z,1,430450
Australia,AUS,AUS,Group D,Jordan BOS,BOS,Defender,Defender,Unknown,5,2002-10-29,180.0,83.0,AUS,https://digitalhub.fifa.com/transform/4b537554-d211-4b77-aa31-0935973fdd50/BOS-Jordan_423522,423522,43976,,,,,,,2023-11-13T00:00:00Z,1,423522
Australia,AUS,AUS,Group D,Jason GERIA,GERIA,Defender,Defender,Unknown,6,1993-05-10,181.0,75.0,AUS,https://digitalhub.fifa.com/transform/33a991a9-eb66-43b2-ad39-2718a8147c51/GERIA-Jason_339112,339112,43976,,,,,,,2015-03-12T00:00:00Z,1,339112
Australia,AUS,AUS,Group D,Mathew LECKIE,LECKIE,Forward,Forward,Unknown,7,1991-02-04,181.0,79.0,AUS,https://digitalhub.fifa.com/transform/bc1b0683-9839-4c4e-acf1-2256bc2e58a3/LECKIE-Mathew_321697,321697,43976,,,,,,,2010-03-05T00:00:00Z,1,321697
Australia,AUS,AUS,Group D,Connor METCALFE,METCALFE,Midfielder,Midfielder,Unknown,8,1999-11-05,183.0,75.0,AUS,https://digitalhub.fifa.com/transform/a539f793-3d95-46b8-805e-67156152ac8b/METCALFE-Connor_430452,430452,43976,,,,,,,2022-03-23T00:00:00Z,1,430452
Australia,AUS,AUS,Group D,Mohamed TOURE,TOURE,Forward,Forward,Unknown,9,2004-03-26,186.0,78.0,AUS,https://digitalhub.fifa.com/transform/069af350-e4d8-4b30-af2d-6938b9a379fa/TOURE-Mohamed_498806,498806,43976,,,,,,,2025-06-03T00:00:00Z,1,498806
Australia,AUS,AUS,Group D,Ajdin HRUSTIC,HRUSTIC,Forward,Forward,Unknown,10,1996-07-05,180.0,75.0,AUS,https://digitalhub.fifa.com/transform/c63012a5-37f8-4317-8a69-60f861fb03a7/HRUSTIC-Ajdin_404319,404319,43976,,,,,,,2017-05-18T00:00:00Z,1,404319
Australia,AUS,AUS,Group D,Awer MABIL,MABIL,Forward,Forward,Unknown,11,1995-09-15,178.0,71.0,AUS,https://digitalhub.fifa.com/transform/9beaa464-b945-4d89-b310-025eea682693/MABIL-Awer_406606,406606,43976,,,,,,,2017-09-14T00:00:00Z,1,406606
Australia,AUS,AUS,Group D,Paul Izzo,IZZO,Goalkeeper,Goalkeeper,Unknown,12,1995-01-06,184.0,82.0,AUS,https://digitalhub.fifa.com/transform/b64e66f2-6c65-4a90-8f28-6fc699fcf5ce/IZZO-Paul_331135,331135,43976,,,,,,,2024-01-03T00:00:00Z,1,331135
Australia,AUS,AUS,Group D,Aiden ONEILL,O'NEILL,Midfielder,Midfielder,Unknown,13,1998-07-04,180.0,78.0,AUS,https://digitalhub.fifa.com/transform/a7dc9d98-0215-4756-995a-09b61830ab8b/ONEILL-Aiden_430440,430440,43976,,,,,,,2023-11-13T00:00:00Z,1,430440
Australia,AUS,AUS,Group D,Cameron DEVLIN,DEVLIN,Midfielder,Midfielder,Unknown,14,1998-06-07,170.0,67.0,AUS,https://digitalhub.fifa.com/transform/1c095f2b-8169-4023-a676-48c6fb3e6897/DEVLIN-Cameron_430437,430437,43976,,,,,,,2022-10-21T00:00:00Z,1,430437
Australia,AUS,AUS,Group D,Kai TREWIN,TREWIN,Defender,Defender,Unknown,15,2001-05-18,183.0,73.0,AUS,https://digitalhub.fifa.com/transform/5753796c-c01e-444e-8896-5c6c79dcd9fb/TREWIN-Kai_494411,494411,43976,,,,,,,2025-03-18T00:00:00Z,1,494411
Australia,AUS,AUS,Group D,Aziz BEHICH,BEHICH,Defender,Defender,Unknown,16,1990-12-16,170.0,65.0,AUS,https://digitalhub.fifa.com/transform/7b166229-d82d-4323-9c79-eb973e996408/BEHICH-Aziz_349342,349342,43976,,,,,,,2015-01-09T00:00:00Z,1,349342
Australia,AUS,AUS,Group D,Nestory IRANKUNDA,IRANKUNDA,Forward,Forward,Unknown,17,2006-02-09,165.0,75.0,AUS,https://digitalhub.fifa.com/transform/ebc599f9-d929-4c6c-a60e-7f081cfb7bd6/IRANKUNDA-Nestory_486306,486306,43976,,,,,,,2024-06-04T00:00:00Z,1,486306
Australia,AUS,AUS,Group D,Patrick BEACH,BEACH,Goalkeeper,Goalkeeper,Unknown,18,2003-08-06,189.0,76.0,AUS,https://digitalhub.fifa.com/transform/0ea3c68c-c425-41c4-b973-c60e2d5b4685/BEACH-Patrick_494557,494557,43976,,,,,,,2025-03-19T00:00:00Z,1,494557
Australia,AUS,AUS,Group D,Harry SOUTTAR,SOUTTAR,Defender,Defender,Unknown,19,1998-10-22,198.0,100.0,AUS,https://digitalhub.fifa.com/transform/6777563e-5036-4252-9809-a0cc21d96147/SOUTTAR-Harry_430442,430442,43976,,,,,,,2021-06-16T00:00:00Z,1,430442
Australia,AUS,AUS,Group D,Cristian VOLPATO,VOLPATO,Forward,Forward,Unknown,20,2003-11-15,187.0,76.0,AUS,https://digitalhub.fifa.com/transform/e455ae41-95f0-454b-bd12-abdaffa68b7d/VOLPATO-Cristian_448015,448015,43976,,,,,,,2022-10-21T00:00:00Z,1,448015
Australia,AUS,AUS,Group D,Cameron BURGESS,BURGESS,Defender,Defender,Unknown,21,1995-10-21,194.0,93.0,AUS,https://digitalhub.fifa.com/transform/75870c29-917d-4ad0-984c-c7ba4e85953c/BURGESS-Cameron_382312,382312,43976,,,,,,,2023-11-13T00:00:00Z,1,382312
Australia,AUS,AUS,Group D,Jackson IRVINE,IRVINE,Midfielder,Midfielder,Unknown,22,1993-03-07,189.0,79.0,AUS,https://digitalhub.fifa.com/transform/7726492b-0996-47a2-aafd-bd362844d9df/IRVINE-Jackson_355775,355775,43976,,,,,,,2012-05-22T00:00:00Z,1,355775
Australia,AUS,AUS,Group D,Nishan VELUPILLAY,VELUPILLAY,Forward,Forward,Unknown,23,2001-05-07,181.0,77.0,AUS,https://digitalhub.fifa.com/transform/27f30c93-f04b-4195-b105-4504c81abf6e/VELUPILLAY-Nishan_491166,491166,43976,,,,,,,2024-10-07T00:00:00Z,1,491166
Australia,AUS,AUS,Group D,Paul OKON-ENGSTLER,OKON-ENGSTLER,Midfielder,Midfielder,Unknown,24,2005-01-24,185.0,82.0,AUS,https://digitalhub.fifa.com/transform/c010f6a9-53af-4d79-b16d-f25b96670225/OKON-ENGSTLER-Paul_498421,498421,43976,,,,,,,2025-05-30T00:00:00Z,1,498421
Australia,AUS,AUS,Group D,Lucas HERRINGTON,HERRINGTON,Defender,Defender,Unknown,25,2007-09-05,193.0,82.0,AUS,https://digitalhub.fifa.com/transform/b0e45418-ff7e-4fdf-a7ac-8e7bf2d63624/HERRINGTON-Lucas_504931,504931,43976,,,,,,,2026-03-03T00:00:00Z,1,504931
Australia,AUS,AUS,Group D,Tete YENGI,YENGI,Forward,Forward,Unknown,26,2000-11-28,197.0,87.0,AUS,https://digitalhub.fifa.com/transform/e581f23a-032d-448c-b389-d49738c8e9c1/YENGI-Tete_518200,518200,43976,,,,,,,2026-03-03T00:00:00Z,1,518200
Austria,AUT,AUT,Group J,Alexander SCHLAGER,SCHLAGER,Goalkeeper,Goalkeeper,Unknown,1,1996-02-01,188.0,78.0,AUT,https://digitalhub.fifa.com/transform/9612130f-7351-47d4-b346-dcd331a62cbe/SCHLAGER-Alexander_371739,371739,43934,,,,,,,2023-04-11T00:00:00Z,1,371739
Austria,AUT,AUT,Group J,David AFFENGRUBER,AFFENGRUBER,Defender,Defender,Unknown,2,2001-03-19,185.0,79.0,AUT,https://digitalhub.fifa.com/transform/cc8957b4-30b2-4559-9ae1-c8d14a3260a5/AFFENGRUBER-David_520035,520035,43934,,,,,,,2026-03-25T00:00:00Z,1,520035
Austria,AUT,AUT,Group J,Kevin Danso,DANSO,Defender,Defender,Unknown,3,1998-09-19,190.0,85.0,AUT,https://digitalhub.fifa.com/transform/ff76ce8c-bd4a-436b-87d8-f62532d898b7/DANSO-Kevin_405263,405263,43934,,,,,,,2017-07-20T00:00:00Z,1,405263
Austria,AUT,AUT,Group J,Xaver Schlager,XAVER,Midfielder,Midfielder,Unknown,4,1997-09-28,174.0,72.0,AUT,https://digitalhub.fifa.com/transform/f00dad89-01ad-4a76-9b69-9da9b0cccceb/SCHLAGER-Xaver_385531,385531,43934,,,,,,,2022-03-23T00:00:00Z,1,385531
Austria,AUT,AUT,Group J,Stefan POSCH,POSCH,Defender,Defender,Unknown,5,1997-05-14,188.0,76.0,AUT,https://digitalhub.fifa.com/transform/c888b84b-0ddd-496f-b621-f281e4e54911/POSCH-Stefan_441067,441067,43934,,,,,,,2022-03-23T00:00:00Z,1,441067
Austria,AUT,AUT,Group J,Nicolas SEIWALD,SEIWALD,Midfielder,Midfielder,Unknown,6,2001-05-04,179.0,79.0,AUT,https://digitalhub.fifa.com/transform/fe3dce4a-3a64-48bd-bfd9-63614aa55336/SEIWALD-Nicolas_441088,441088,43934,,,,,,,2022-03-23T00:00:00Z,1,441088
Austria,AUT,AUT,Group J,Marko ARNAUTOVIC,ARNAUTOVIC,Forward,Forward,Unknown,7,1989-04-19,192.0,88.0,AUT,https://digitalhub.fifa.com/transform/8bc6e66f-1f5a-4f1d-813d-41c4ab04c6ac/ARNAUTOVIC-Marko_299200,299200,43934,,,,,,,2008-07-22T00:00:00Z,1,299200
Austria,AUT,AUT,Group J,David ALABA,ALABA,Defender,Defender,Unknown,8,1992-06-24,180.0,78.0,AUT,https://digitalhub.fifa.com/transform/3ef36338-4967-43c2-8698-1fb504ce30fd/ALABA-David_316002,316002,43934,,,,,,,2009-10-01T00:00:00Z,1,316002
Austria,AUT,AUT,Group J,Marcel SABITZER,SABITZER,Midfielder,Midfielder,Unknown,9,1994-03-17,178.0,77.0,AUT,https://digitalhub.fifa.com/transform/aa016ba2-828d-4d40-8e48-8f07a8d275d9/SABITZER-Marcel_358241,358241,43934,,,,,,,2012-07-30T00:00:00Z,1,358241
Austria,AUT,AUT,Group J,Florian GRILLITSCH,GRILLITSCH,Midfielder,Midfielder,Unknown,10,1995-08-07,186.0,74.0,AUT,https://digitalhub.fifa.com/transform/255e18de-7d1d-4a99-a05c-8047149ec1bc/GRILLITSCH-Florian_385248,385248,43934,,,,,,,2016-09-04T00:00:00Z,1,385248
Austria,AUT,AUT,Group J,Michael Gregoritsch,GREGORITSCH,Forward,Forward,Unknown,11,1994-04-18,193.0,91.0,AUT,https://digitalhub.fifa.com/transform/d33de7b2-c69b-4669-aaac-155c5657be16/GREGORITSCH-Michael_401131,401131,43934,,,,,,,2016-11-22T00:00:00Z,1,401131
Austria,AUT,AUT,Group J,Florian WIEGELE,WIEGELE,Goalkeeper,Goalkeeper,Unknown,12,2001-03-21,205.0,98.0,AUT,https://digitalhub.fifa.com/transform/7feedee9-3390-40e2-a9aa-8867abd8b89e/WIEGELE-Florian_520034,520034,43934,,,,,,,2026-03-25T00:00:00Z,1,520034
Austria,AUT,AUT,Group J,Patrick PENTZ,PENTZ,Goalkeeper,Goalkeeper,Unknown,13,1997-01-02,183.0,72.0,AUT,https://digitalhub.fifa.com/transform/fee95866-9f5e-4663-b49f-3db6a86f0e80/PENTZ-Patrick_441065,441065,43934,,,,,,,2022-03-23T00:00:00Z,1,441065
Austria,AUT,AUT,Group J,Sasa KALAJDZIC,KALAJDZIC,Forward,Forward,Unknown,14,1997-07-07,200.0,90.0,AUT,https://digitalhub.fifa.com/transform/5d061c8b-6223-45c9-b1fa-c02624542eee/KALAJDZIC-Sasa_430100,430100,43934,,,,,,,2021-03-26T00:00:00Z,1,430100
Austria,AUT,AUT,Group J,Philipp Lienhart,LIENHART,Defender,Defender,Unknown,15,1996-07-11,189.0,80.0,AUT,https://digitalhub.fifa.com/transform/b2217b87-df88-4228-8235-a7ec752aef31/LIENHART-Philipp_372243,372243,43934,,,,,,,2016-09-04T00:00:00Z,1,372243
Austria,AUT,AUT,Group J,Phillip MWENE,MWENE,Defender,Defender,Unknown,16,1994-01-29,170.0,66.0,AUT,https://digitalhub.fifa.com/transform/c7b91eab-9cfc-4f0f-be61-71d31d1c4db8/MWENE-Phillip_463288,463288,43934,,,,,,,2023-04-11T00:00:00Z,1,463288
Austria,AUT,AUT,Group J,Carney CHUKWUEMEKA,CHUKWUEMEKA,Midfielder,Midfielder,Unknown,17,2003-10-20,187.0,78.0,AUT,https://digitalhub.fifa.com/transform/469aeffb-5ff1-4782-87c4-b3791f045384/CHUKWUEMEKA-Carney_463800,463800,43934,,,,,,,2026-03-13T00:00:00Z,1,463800
Austria,AUT,AUT,Group J,Romano SCHMID,SCHMID,Midfielder,Midfielder,Unknown,18,2000-01-27,168.0,69.0,AUT,https://digitalhub.fifa.com/transform/558d5b09-0c44-4c7e-bccb-1bf9ac31ca72/SCHMID-Romano_463283,463283,43934,,,,,,,2023-04-11T00:00:00Z,1,463283
Austria,AUT,AUT,Group J,Dejan LJUBICIC,LJUBICIC,Midfielder,Midfielder,Unknown,19,1997-10-08,187.0,74.0,AUT,https://digitalhub.fifa.com/transform/a9966145-1cd8-429d-99a2-ccb9cda89e87/LJUBICIC-Dejan_441068,441068,43934,,,,,,,2022-03-23T00:00:00Z,1,441068
Austria,AUT,AUT,Group J,Konrad LAIMER,LAIMER,Midfielder,Midfielder,Unknown,20,1997-05-27,180.0,72.0,AUT,https://digitalhub.fifa.com/transform/e5140daf-dd57-4b76-9777-85aec86e6c22/LAIMER-Konrad_385259,385259,43934,,,,,,,2016-09-04T00:00:00Z,1,385259
Austria,AUT,AUT,Group J,Patrick WIMMER,WIMMER,Forward,Forward,Unknown,21,2001-05-30,182.0,77.0,AUT,https://digitalhub.fifa.com/transform/30760937-4e34-4c1b-b5a3-8b1375d79728/WIMMER-Patrick_463286,463286,43934,,,,,,,2023-04-11T00:00:00Z,1,463286
Austria,AUT,AUT,Group J,Alexander PRASS,PRASS,Midfielder,Midfielder,Unknown,22,2001-05-26,180.0,72.0,AUT,https://digitalhub.fifa.com/transform/be716fd1-7641-4a96-a618-5f2c2214c84f/PRASS-Alexander_463282,463282,43934,,,,,,,2023-04-11T00:00:00Z,1,463282
Austria,AUT,AUT,Group J,Marco FRIEDL,FRIEDL,Defender,Defender,Unknown,23,1998-03-16,187.0,82.0,AUT,https://digitalhub.fifa.com/transform/dfc45944-180c-4df6-96b2-ef69faee7ee7/FRIEDL-Marco_463287,463287,43934,,,,,,,2023-04-11T00:00:00Z,1,463287
Austria,AUT,AUT,Group J,Paul WANNER,WANNER,Midfielder,Midfielder,Unknown,24,2005-12-23,185.0,75.0,AUT,https://digitalhub.fifa.com/transform/b0954793-5e15-4708-9ed0-ea59e3501b8c/WANNER-Paul_520036,520036,43934,,,,,,,2026-03-25T00:00:00Z,1,520036
Austria,AUT,AUT,Group J,Michael SVOBODA,SVOBODA,Defender,Defender,Unknown,25,1998-10-15,195.0,90.0,AUT,https://digitalhub.fifa.com/transform/f096e299-95db-4ab3-bcb4-ef15da6cda71/SVOBODA-Michael_491269,491269,43934,,,,,,,2024-10-08T00:00:00Z,1,491269
Austria,AUT,AUT,Group J,Alessandro SCHOEPF,SCHÖPF,Midfielder,Midfielder,Unknown,26,1994-02-07,178.0,74.0,AUT,https://digitalhub.fifa.com/transform/712811cf-a3ff-4043-91f0-5044f8028dee/SCHOEPF-Alessandro_375600,375600,43934,,,,,,,2016-11-22T00:00:00Z,1,375600
Belgium,BEL,BEL,Group G,Thibaut COURTOIS,COURTOIS,Goalkeeper,Goalkeeper,Unknown,1,1992-05-11,199.0,96.0,BEL,https://digitalhub.fifa.com/transform/b630bdbe-3615-43b0-b715-8da37b1ecfa6/COURTOIS-Thibaut_358106,358106,43935,,,,,,,2012-07-27T00:00:00Z,1,358106
Belgium,BEL,BEL,Group G,Zeno DEBAST,DEBAST,Defender,Defender,Unknown,2,2003-10-24,189.0,80.0,BEL,https://digitalhub.fifa.com/transform/f6f8a277-eb22-4353-9ce1-a8abe7749d1d/DEBAST-Zeno_448369,448369,43935,,,,,,,2022-10-21T00:00:00Z,1,448369
Belgium,BEL,BEL,Group G,Arthur THEATE,THEATE,Defender,Defender,Unknown,3,2000-05-25,185.0,78.0,BEL,https://digitalhub.fifa.com/transform/34da124d-c474-4154-90e9-aa132a5df818/THEATE-Arthur_448346,448346,43935,,,,,,,2022-10-21T00:00:00Z,1,448346
Belgium,BEL,BEL,Group G,Brandon MECHELE,MECHELE,Defender,Defender,Unknown,4,1993-01-28,190.0,78.0,BEL,https://digitalhub.fifa.com/transform/dda9e35d-eedf-403b-8953-a5dc213fbf67/MECHELE-Brandon_448360,448360,43935,,,,,,,2022-10-21T00:00:00Z,1,448360
Belgium,BEL,BEL,Group G,Maxim DE CUYPER,DE CUYPER,Defender,Defender,Unknown,5,2000-12-22,182.0,71.0,BEL,https://digitalhub.fifa.com/transform/1c22dfc4-3eb2-4778-b310-ef4b62aef0c6/DE-CUYPER-Maxim_448373,448373,43935,,,,,,,2022-10-21T00:00:00Z,1,448373
Belgium,BEL,BEL,Group G,Axel WITSEL,WITSEL,Midfielder,Midfielder,Unknown,6,1989-01-12,186.0,82.0,BEL,https://digitalhub.fifa.com/transform/ff0110d3-0721-4983-bc62-018a993d8486/WITSEL-Axel_290821,290821,43935,,,,,,,2012-07-27T00:00:00Z,1,290821
Belgium,BEL,BEL,Group G,Kevin DE BRUYNE,DE BRUYNE,Midfielder,Midfielder,Unknown,7,1991-06-28,181.0,79.0,BEL,https://digitalhub.fifa.com/transform/41fb7de3-9f9e-44f1-b63f-0551f5d33b2b/DE-BRUYNE-Kevin_358120,358120,43935,,,,,,,2012-07-27T00:00:00Z,1,358120
Belgium,BEL,BEL,Group G,Youri TIELEMANS,TIELEMANS,Midfielder,Midfielder,Unknown,8,1997-05-07,176.0,72.0,BEL,https://digitalhub.fifa.com/transform/158822ad-a0e9-406c-a84d-e79b0392409f/TIELEMANS-Youri_401444,401444,43935,,,,,,,2016-12-12T00:00:00Z,1,401444
Belgium,BEL,BEL,Group G,Romelu LUKAKU,LUKAKU,Forward,Forward,Unknown,9,1993-05-13,190.0,103.0,BEL,https://digitalhub.fifa.com/transform/302b7fb7-6964-4a52-8db4-9c12778b80fa/LUKAKU-Romelu_358112,358112,43935,,,,,,,2012-07-27T00:00:00Z,1,358112
Belgium,BEL,BEL,Group G,Leandro TROSSARD,TROSSARD,Forward,Forward,Unknown,10,1994-12-04,172.0,65.0,BEL,https://digitalhub.fifa.com/transform/78476568-5abb-4047-b6c0-fd9651e0f39d/TROSSARD-Leandro_448355,448355,43935,,,,,,,2022-10-21T00:00:00Z,1,448355
Belgium,BEL,BEL,Group G,Jeremy DOKU,DOKU,Forward,Forward,Unknown,11,2002-05-27,173.0,82.0,BEL,https://digitalhub.fifa.com/transform/df41be47-900d-41fe-90eb-b493f7609869/DOKU-Jeremy_448341,448341,43935,,,,,,,2022-10-21T00:00:00Z,1,448341
Belgium,BEL,BEL,Group G,Senne LAMMENS,LAMMENS,Goalkeeper,Goalkeeper,Unknown,12,2002-07-07,193.0,88.0,BEL,https://digitalhub.fifa.com/transform/9e407610-b85c-45d8-847a-2bae1d24e699/LAMMENS-Senne_495348,495348,43935,,,,,,,2025-04-01T00:00:00Z,1,495348
Belgium,BEL,BEL,Group G,Mike PENDERS,PENDERS,Goalkeeper,Goalkeeper,Unknown,13,2005-07-31,200.0,104.0,BEL,https://digitalhub.fifa.com/transform/88da8ae8-d4af-47b1-8f4c-e3ac46fbc226/PENDERS-Mike_499803,499803,43935,,,,,,,2025-08-31T00:00:00Z,1,499803
Belgium,BEL,BEL,Group G,Dodi LUKEBAKIO,LUKEBAKIO,Forward,Forward,Unknown,14,1997-09-24,184.0,77.0,BEL,https://digitalhub.fifa.com/transform/5672576a-616d-45a3-8f06-95aa772bb821/LUKEBAKIO-Dodi_448377,448377,43935,,,,,,,2022-10-21T00:00:00Z,1,448377
Belgium,BEL,BEL,Group G,Thomas MEUNIER,MEUNIER,Defender,Defender,Unknown,15,1991-09-12,190.0,88.0,BEL,https://digitalhub.fifa.com/transform/13d6695b-4220-48cb-91b1-16a60dff2aa6/MEUNIER-Thomas_358122,358122,43935,,,,,,,2012-07-27T00:00:00Z,1,358122
Belgium,BEL,BEL,Group G,Koni DE WINTER,DE WINTER,Defender,Defender,Unknown,16,2002-06-12,191.0,84.0,BEL,https://digitalhub.fifa.com/transform/a19702c3-a309-4e23-9957-dfbe0d9d5d43/DE-WINTER-Koni_448366,448366,43935,,,,,,,2022-10-21T00:00:00Z,1,448366
Belgium,BEL,BEL,Group G,Charles DE KETELAERE,DE KETELAERE,Forward,Forward,Unknown,17,2001-03-10,192.0,83.0,BEL,https://digitalhub.fifa.com/transform/2ce231c2-05f7-4353-921c-242c863a8d54/DE-KETELAERE-Charles_448362,448362,43935,,,,,,,2022-10-21T00:00:00Z,1,448362
Belgium,BEL,BEL,Group G,Joaquin SEYS,SEYS,Defender,Defender,Unknown,18,2005-03-28,178.0,71.0,BEL,https://digitalhub.fifa.com/transform/33c2b9de-5ae7-4fa1-8db8-6cff8e2b02f0/SEYS-Joaquin_506088,506088,43935,,,,,,,2025-09-01T00:00:00Z,1,506088
Belgium,BEL,BEL,Group G,Diego MOREIRA,MOREIRA JR,Midfielder,Midfielder,Unknown,19,2004-08-06,179.0,72.0,BEL,https://digitalhub.fifa.com/transform/dfe97726-1409-4cc2-8463-39184fab3a04/MOREIRA-Diego_497902,497902,43935,,,,,,,2025-05-20T00:00:00Z,1,497902
Belgium,BEL,BEL,Group G,Hans VANAKEN,VANAKEN,Midfielder,Midfielder,Unknown,20,1992-08-24,195.0,86.0,BEL,https://digitalhub.fifa.com/transform/9018ca03-c5c1-4dc1-8d4f-7ee07308dc55/VANAKEN-Hans_448343,448343,43935,,,,,,,2022-10-21T00:00:00Z,1,448343
Belgium,BEL,BEL,Group G,Timothy CASTAGNE,CASTAGNE,Defender,Defender,Unknown,21,1995-12-05,185.0,80.0,BEL,https://digitalhub.fifa.com/transform/58f1cc7c-04f4-43ba-bc82-85c1226fb7a2/CASTAGNE-Timothy_411443,411443,43935,,,,,,,2018-05-15T00:00:00Z,1,411443
Belgium,BEL,BEL,Group G,Alexis SAELEMAEKERS,SAELEMAEKERS,Midfielder,Midfielder,Unknown,22,1999-06-27,180.0,72.0,BEL,https://digitalhub.fifa.com/transform/f4764c32-f702-4695-9658-28479916fa99/SAELEMAEKERS-Alexis_433092,433092,43935,,,,,,,2021-09-03T00:00:00Z,1,433092
Belgium,BEL,BEL,Group G,Nicolas RASKIN,RASKIN,Midfielder,Midfielder,Unknown,23,2001-02-23,178.0,76.0,BEL,https://digitalhub.fifa.com/transform/2a366682-88f4-4d6f-ae54-e474030615cc/RASKIN-Nicolas_495349,495349,43935,,,,,,,2025-04-01T00:00:00Z,1,495349
Belgium,BEL,BEL,Group G,Amadou ONANA,ONANA,Midfielder,Midfielder,Unknown,24,2001-08-16,192.0,76.0,BEL,https://digitalhub.fifa.com/transform/697ee4f8-3df1-4ce5-a8b9-c9dae1ed6aba/ONANA-Amadou_448364,448364,43935,,,,,,,2022-10-21T00:00:00Z,1,448364
Belgium,BEL,BEL,Group G,Nathan NGOY,NGOY,Defender,Defender,Unknown,25,2003-06-10,183.0,78.0,BEL,https://digitalhub.fifa.com/transform/77bea513-328c-4af6-a1b6-89efdfeb03ae/NGOY-Nathan_514166,514166,43935,,,,,,,2025-11-10T00:00:00Z,1,514166
Belgium,BEL,BEL,Group G,Matias FERNANDEZ-PARDO,FERNANDEZ-PARDO,Forward,Forward,Unknown,26,2005-02-03,188.0,86.0,BEL,https://digitalhub.fifa.com/transform/568ca230-b521-4f9c-9601-fb0cb6841fde/FERNANDEZ-PARDO-Matias_494025,494025,43935,,,,,,,2026-05-13T00:00:00Z,1,494025
Bosnia and Herzegovina,BIH,BIH,Group B,Nikola VASILJ,VASILJ,Goalkeeper,Goalkeeper,Unknown,1,1995-12-02,193.0,86.0,BIH,https://digitalhub.fifa.com/transform/be1c5819-9bc1-4bf3-b677-9172d1be6bea/VASILJ-Nikola_482978,482978,44037,,,,,,,2024-03-22T00:00:00Z,1,482978
Bosnia and Herzegovina,BIH,BIH,Group B,Nihad MUJAKIC,MUJAKIĆ,Defender,Defender,Unknown,2,1998-04-15,189.0,79.0,BIH,https://digitalhub.fifa.com/transform/2722d62f-602e-4c37-8513-f74b7d11efe4/MUJAKIC-Nihad_482969,482969,44037,,,,,,,2024-03-22T00:00:00Z,1,482969
Bosnia and Herzegovina,BIH,BIH,Group B,Dennis HADZIKADUNIC,HADŽIKADUNIĆ,Defender,Defender,Unknown,3,1998-07-09,191.0,81.0,BIH,https://digitalhub.fifa.com/transform/6cacbe9a-89b9-4eee-8d20-4e68fc0ef7ad/HADZIKADUNIC-Dennis_430194,430194,44037,,,,,,,2021-04-01T00:00:00Z,1,430194
Bosnia and Herzegovina,BIH,BIH,Group B,Tarik MUHAREMOVIC,MUHAREMOVIĆ,Defender,Defender,Unknown,4,2003-02-28,192.0,84.0,BIH,https://digitalhub.fifa.com/transform/a230cb00-997c-4a8c-9983-b03fa2dbe2ad/MUHAREMOVIC-Tarik_484022,484022,44037,,,,,,,2024-04-29T00:00:00Z,1,484022
Bosnia and Herzegovina,BIH,BIH,Group B,Sead KOLASINAC,KOLAŠINAC,Defender,Defender,Unknown,5,1993-06-20,183.0,84.0,BIH,https://digitalhub.fifa.com/transform/bed62578-6b40-402e-8c63-94159988fe95/KOLASINAC-Sead_376230,376230,44037,,,,,,,2014-05-07T00:00:00Z,1,376230
Bosnia and Herzegovina,BIH,BIH,Group B,Benjamin TAHIROVIC,TAHIROVIĆ,Midfielder,Midfielder,Unknown,6,2003-03-03,191.0,84.0,BIH,https://digitalhub.fifa.com/transform/998f85b6-06db-4822-99de-68010b6cdc61/TAHIROVIC-Benjamin_483966,483966,44037,,,,,,,2024-04-29T00:00:00Z,1,483966
Bosnia and Herzegovina,BIH,BIH,Group B,Amar DEDIC,DEDIĆ,Defender,Defender,Unknown,7,2002-08-18,180.0,74.0,BIH,https://digitalhub.fifa.com/transform/87dcec5a-fbf4-45d7-8f1e-26e00140cce7/DEDIC-Amar_482976,482976,44037,,,,,,,2024-03-22T00:00:00Z,1,482976
Bosnia and Herzegovina,BIH,BIH,Group B,Armin GIGOVIC,GIGOVIĆ,Midfielder,Midfielder,Unknown,8,2002-04-06,187.0,77.0,BIH,https://digitalhub.fifa.com/transform/41529cf6-4725-4885-abc1-00dc358ca8b9/GIGOVIC-Armin_489523,489523,44037,,,,,,,2024-08-30T00:00:00Z,1,489523
Bosnia and Herzegovina,BIH,BIH,Group B,Samed BAZDAR,BAŽDAR,Forward,Forward,Unknown,9,2004-01-31,189.0,80.0,BIH,https://digitalhub.fifa.com/transform/5bd9c46f-fb55-4097-ae91-9c7e4f6bb308/BAZDAR-Samed_485063,485063,44037,,,,,,,2024-11-16T00:00:00Z,1,485063
Bosnia and Herzegovina,BIH,BIH,Group B,Ermedin DEMIROVIC,DEMIROVIĆ,Forward,Forward,Unknown,10,1998-03-25,185.0,84.0,BIH,https://digitalhub.fifa.com/transform/b9e9f187-0936-4aba-9c70-2a4bcf2281e0/DEMIROVIC-Ermedin_436743,436743,44037,,,,,,,2021-11-17T00:00:00Z,1,436743
Bosnia and Herzegovina,BIH,BIH,Group B,Edin DZEKO,DŽEKO,Forward,Forward,Unknown,11,1986-03-17,192.0,80.0,BIH,https://digitalhub.fifa.com/transform/b5fa7216-27c0-4652-b7df-b099e97a5604/DZEKO-Edin_300409,300409,44037,,,,,,,2008-08-19T00:00:00Z,1,300409
Bosnia and Herzegovina,BIH,BIH,Group B,Mladen JURKAS,JURKAS,Goalkeeper,Goalkeeper,Unknown,12,2007-10-07,193.0,90.0,BIH,https://digitalhub.fifa.com/transform/d568a177-8466-4ef0-89d6-990d70cac911/JURKAS-Mladen_522842,522842,44037,,,,,,,2026-05-13T00:00:00Z,1,522842
Bosnia and Herzegovina,BIH,BIH,Group B,Ivan BASIC,BAŠIĆ,Midfielder,Midfielder,Unknown,13,2002-04-30,178.0,76.0,BIH,https://digitalhub.fifa.com/transform/7ab9c56e-39f0-4d4a-b5c4-e0583fd57319/BASIC-Ivan_482974,482974,44037,,,,,,,2024-03-22T00:00:00Z,1,482974
Bosnia and Herzegovina,BIH,BIH,Group B,Ivan SUNJIC,ŠUNJIĆ,Midfielder,Midfielder,Unknown,14,1996-10-09,183.0,70.0,BIH,https://digitalhub.fifa.com/transform/ddc91c53-fc37-453c-b16e-50ef5e2dd2da/SUNJIC-Ivan_372436,372436,44037,,,,,,,2024-10-29T00:00:00Z,1,372436
Bosnia and Herzegovina,BIH,BIH,Group B,Amar MEMIC,MEMIĆ,Midfielder,Midfielder,Unknown,15,2001-01-20,176.0,72.0,BIH,https://digitalhub.fifa.com/transform/c57e2c22-f510-4109-b3e7-72b5a6b862a9/MEMIC-Amar_494640,494640,44037,,,,,,,2025-03-21T00:00:00Z,1,494640
Bosnia and Herzegovina,BIH,BIH,Group B,Amir HADZIAHMETOVIC,HADŽIAHMETOVIĆ,Midfielder,Midfielder,Unknown,16,1997-03-08,179.0,71.0,BIH,https://digitalhub.fifa.com/transform/bbe9f175-c9cd-4a96-a655-cb2c4321d03b/HADZIAHMETOVIC-Amir_430196,430196,44037,,,,,,,2021-04-01T00:00:00Z,1,430196
Bosnia and Herzegovina,BIH,BIH,Group B,Dzenis BURNIC,BURNIĆ,Midfielder,Midfielder,Unknown,17,1998-05-22,182.0,73.0,BIH,https://digitalhub.fifa.com/transform/87cebb80-d20e-42c4-9030-8adcb1a3e1a8/BURNIC-Dzenis_389886,389886,44037,,,,,,,2022-05-29T00:00:00Z,1,389886
Bosnia and Herzegovina,BIH,BIH,Group B,Nikola KATIC,KATIĆ,Defender,Defender,Unknown,18,1996-10-10,194.0,90.0,BIH,https://digitalhub.fifa.com/transform/71b1a703-25aa-4193-8bd7-daf0108e7009/KATIC-Nikola_489520,489520,44037,,,,,,,2024-08-30T00:00:00Z,1,489520
Bosnia and Herzegovina,BIH,BIH,Group B,Kerim ALAJBEGOVIC,ALAJBEGOVIĆ,Forward,Forward,Unknown,19,2007-09-21,186.0,74.0,BIH,https://digitalhub.fifa.com/transform/9587bf1f-6c8f-4b8d-80c7-799edc4a7036/ALAJBEGOVIC-Kerim_504990,504990,44037,,,,,,,2025-08-19T00:00:00Z,1,504990
Bosnia and Herzegovina,BIH,BIH,Group B,Esmir BAJRAKTAREVIC,BAJRAKTAREVIĆ,Forward,Forward,Unknown,20,2005-03-10,175.0,67.0,BIH,https://digitalhub.fifa.com/transform/6a74409c-c030-405e-a042-1c01f408eeff/BAJRAKTAREVIC-Esmir_464566,464566,44037,,,,,,,2024-08-28T00:00:00Z,1,464566
Bosnia and Herzegovina,BIH,BIH,Group B,Stjepan RADELJIC,RADELJIĆ,Defender,Defender,Unknown,21,1997-09-05,201.0,91.0,BIH,https://digitalhub.fifa.com/transform/d1b9ca91-fc68-44ee-8548-8f2fb4d10a46/RADELJIC-Stjepan_489521,489521,44037,,,,,,,2024-08-30T00:00:00Z,1,489521
Bosnia and Herzegovina,BIH,BIH,Group B,Martin ZLOMISLIC,ZLOMISLIĆ,Goalkeeper,Goalkeeper,Unknown,22,1998-08-16,189.0,85.0,BIH,https://digitalhub.fifa.com/transform/c2bf5ce5-0160-4561-a0e0-4508621e1820/ZLOMISLIC-Martin_491228,491228,44037,,,,,,,2024-10-08T00:00:00Z,1,491228
Bosnia and Herzegovina,BIH,BIH,Group B,Haris TABAKOVIC,TABAKOVIĆ,Forward,Forward,Unknown,23,1994-06-20,196.0,90.0,BIH,https://digitalhub.fifa.com/transform/b84ad80f-6b2b-455d-9c2e-f71195b5c2ba/TABAKOVIC-Haris_482984,482984,44037,,,,,,,2024-03-22T00:00:00Z,1,482984
Bosnia and Herzegovina,BIH,BIH,Group B,Arjan MALIC,MALIĆ,Defender,Defender,Unknown,24,2005-08-28,188.0,76.0,BIH,https://digitalhub.fifa.com/transform/8b907cf5-e659-4584-acc5-5b0db0f85594/MALIC-Arjan_494639,494639,44037,,,,,,,2025-03-21T00:00:00Z,1,494639
Bosnia and Herzegovina,BIH,BIH,Group B,Jovo LUKIC,LUKIĆ,Forward,Forward,Unknown,25,1998-11-28,190.0,80.0,BIH,https://digitalhub.fifa.com/transform/8fc08945-7c3e-4e0f-95b4-0c94a72a718d/LUKIC-Jovo_519954,519954,44037,,,,,,,2026-03-25T00:00:00Z,1,519954
Bosnia and Herzegovina,BIH,BIH,Group B,Ermin MAHMIC,MAHMIĆ,Midfielder,Midfielder,Unknown,26,2005-03-14,182.0,80.0,BIH,https://digitalhub.fifa.com/transform/ef292137-a5b1-44b8-b329-031d23320552/MAHMIC-Ermin_522846,522846,44037,,,,,,,2026-05-13T00:00:00Z,1,522846
Brazil,BRA,BRA,Group C,ALISSON,A. BECKER,Goalkeeper,Goalkeeper,Unknown,1,1992-10-02,193.0,91.0,BRA,https://digitalhub.fifa.com/transform/6b051628-d407-41ce-8a60-dc354ac4ccb8/ALISSON_308370,308370,43924,,,,,,,2015-10-08T00:00:00Z,1,308370
Brazil,BRA,BRA,Group C,EDERSON SILVA,EDERSON SILVA,Midfielder,Midfielder,Unknown,2,1999-07-07,184.0,87.0,BRA,https://digitalhub.fifa.com/transform/5e5df9e4-86e2-4292-bc7a-8e95b4aa7e47/EDERSON-SILVA_485069,485069,43924,,,,,,,2024-05-20T00:00:00Z,1,485069
Brazil,BRA,BRA,Group C,GABRIEL MAGALHAES,GABRIEL,Defender,Defender,Unknown,3,1997-12-19,190.0,92.0,BRA,https://digitalhub.fifa.com/transform/b5870a76-5391-40b7-a348-e2b17995637b/GABRIEL-MAGALHAES_430601,430601,43924,,,,,,,2022-10-21T00:00:00Z,1,430601
Brazil,BRA,BRA,Group C,MARQUINHOS,MARQUINHOS,Defender,Defender,Unknown,4,1994-05-14,183.0,79.0,BRA,https://digitalhub.fifa.com/transform/30069661-f88d-4ff7-9c4e-071a5cf3c093/MARQUINHOS_332946,332946,43924,,,,,,,2015-10-08T00:00:00Z,1,332946
Brazil,BRA,BRA,Group C,CASEMIRO,CASEMIRO,Midfielder,Midfielder,Unknown,5,1992-02-23,185.0,84.0,BRA,https://digitalhub.fifa.com/transform/49558d20-3d5d-4afb-bf2a-9dc1ab60a6e6/CASEMIRO_308386,308386,43924,,,,,,,2015-10-08T00:00:00Z,1,308386
Brazil,BRA,BRA,Group C,ALEX SANDRO,ALEX SANDRO,Defender,Defender,Unknown,6,1991-01-26,180.0,82.0,BRA,https://digitalhub.fifa.com/transform/c9b49c28-0494-4261-bb60-c2848b4e1120/ALEX-SANDRO_335658,335658,43924,,,,,,,2015-10-08T00:00:00Z,1,335658
Brazil,BRA,BRA,Group C,VINICIUS JUNIOR,VINI JR.,Forward,Forward,Unknown,7,2000-07-12,176.0,77.0,BRA,https://digitalhub.fifa.com/transform/1c2722c3-a70b-49d8-bdb4-77109161f533/VINICIUS-JUNIOR_405742,405742,43924,,,,,,,2021-11-12T00:00:00Z,1,405742
Brazil,BRA,BRA,Group C,BRUNO GUIMARAES,BRUNO G.,Midfielder,Midfielder,Unknown,8,1997-11-16,182.0,78.0,BRA,https://digitalhub.fifa.com/transform/0215cb23-c389-4c5a-9bb0-c7044ae7059a/BRUNO-GUIMARAES_430605,430605,43924,,,,,,,2021-09-03T00:00:00Z,1,430605
Brazil,BRA,BRA,Group C,MATHEUS CUNHA,CUNHA,Forward,Forward,Unknown,9,1999-05-27,183.0,82.0,BRA,https://digitalhub.fifa.com/transform/9189da72-e1b5-4e7b-800d-7eeca119f08c/MATHEUS-CUNHA_430609,430609,43924,,,,,,,2022-10-21T00:00:00Z,1,430609
Brazil,BRA,BRA,Group C,NEYMAR JR,NEYMAR JR,Forward,Forward,Unknown,10,1992-02-05,175.0,74.0,BRA,https://digitalhub.fifa.com/transform/49424ad5-f8d5-485a-a55b-07c22b49bd07/NEYMAR_314197,314197,43924,,,,,,,2011-07-01T00:00:00Z,1,314197
Brazil,BRA,BRA,Group C,RAPHINHA,RAPHINHA,Forward,Forward,Unknown,11,1996-12-14,176.0,64.0,BRA,https://digitalhub.fifa.com/transform/b4def0b2-7d6f-4f3a-bcde-600b292096d6/RAPHINHA_433872,433872,43924,,,,,,,2022-01-28T00:00:00Z,1,433872
Brazil,BRA,BRA,Group C,WEVERTON,WEVERTON,Goalkeeper,Goalkeeper,Unknown,12,1987-12-13,189.0,84.0,BRA,https://digitalhub.fifa.com/transform/c66a5712-81fa-4527-9e5a-8221f11b3274/WEVERTON_396315,396315,43924,,,,,,,2015-10-08T00:00:00Z,1,396315
Brazil,BRA,BRA,Group C,DANILO,DANILO,Defender,Defender,Unknown,13,1991-07-15,184.0,84.0,BRA,https://digitalhub.fifa.com/transform/364f443f-83df-4e8e-803c-765feae146a3/DANILO_335656,335656,43924,,,,,,,2015-10-08T00:00:00Z,1,335656
Brazil,BRA,BRA,Group C,BREMER,BREMER,Defender,Defender,Unknown,14,1997-03-18,188.0,87.0,BRA,https://digitalhub.fifa.com/transform/65ba7159-8278-4610-ac57-2cb9f2bbf11b/BREMER_431889,431889,43924,,,,,,,2022-10-21T00:00:00Z,1,431889
Brazil,BRA,BRA,Group C,LEO PEREIRA,LÉO PEREIRA,Defender,Defender,Unknown,15,1996-01-31,189.0,80.0,BRA,https://digitalhub.fifa.com/transform/9f0ecbc1-e1f8-4c5a-a39b-34902fd3cfe7/LEO-PEREIRA_371956,371956,43924,,,,,,,2026-03-24T00:00:00Z,1,371956
Brazil,BRA,BRA,Group C,DOUGLAS SANTOS,DOUGLAS S.,Defender,Defender,Unknown,16,1994-03-22,173.0,69.0,BRA,https://digitalhub.fifa.com/transform/7cef9b58-da05-42ba-afe9-aebcd4d40a0e/DOUGLAS-SANTOS_367981,367981,43924,,,,,,,2013-04-10T00:00:00Z,1,367981
Brazil,BRA,BRA,Group C,FABINHO,FABINHO,Midfielder,Midfielder,Unknown,17,1993-10-23,188.0,79.0,BRA,https://digitalhub.fifa.com/transform/f32cd105-d97b-4a7b-8eb0-258271640a72/FABINHO_394456,394456,43924,,,,,,,2016-04-13T00:00:00Z,1,394456
Brazil,BRA,BRA,Group C,DANILO SANTOS,DANILO S.,Midfielder,Midfielder,Unknown,18,2001-04-29,177.0,70.0,BRA,https://digitalhub.fifa.com/transform/e564b92f-7a69-49fe-b259-c5deebf6e451/DANILO-SANTOS_429392,429392,43924,,,,,,,2026-03-24T00:00:00Z,1,429392
Brazil,BRA,BRA,Group C,ENDRICK,ENDRICK,Forward,Forward,Unknown,19,2006-07-21,172.0,67.0,BRA,https://digitalhub.fifa.com/transform/a3eda53d-b792-4cbf-8924-159d1b6d75af/ENDRICK_463746,463746,43924,,,,,,,2023-11-17T00:00:00Z,1,463746
Brazil,BRA,BRA,Group C,LUCAS PAQUETA,L. PAQUETÁ,Midfielder,Midfielder,Unknown,20,1997-08-27,183.0,73.0,BRA,https://digitalhub.fifa.com/transform/7d7fce96-8d80-43c3-aa72-c45c44d370c5/LUCAS-PAQUETA_411726,411726,43924,,,,,,,2018-05-18T00:00:00Z,1,411726
Brazil,BRA,BRA,Group C,LUIZ HENRIQUE,L. HENRIQUE,Forward,Forward,Unknown,21,2001-01-02,182.0,77.0,BRA,https://digitalhub.fifa.com/transform/a2b269b6-cc1d-4693-b72a-6359c41597b7/LUIZ-HENRIQUE_448420,448420,43924,,,,,,,2022-10-21T00:00:00Z,1,448420
Brazil,BRA,BRA,Group C,GABRIEL MARTINELLI,MARTINELLI,Forward,Forward,Unknown,22,2001-06-18,178.0,74.0,BRA,https://digitalhub.fifa.com/transform/4ef5dbd2-50dc-4def-8ae5-5c9f6fee72c2/GABRIEL-MARTINELLI_430597,430597,43924,,,,,,,2022-03-25T00:00:00Z,1,430597
Brazil,BRA,BRA,Group C,EDERSON,EDERSON,Goalkeeper,Goalkeeper,Unknown,23,1993-08-17,188.0,90.0,BRA,https://digitalhub.fifa.com/transform/2a1d5731-391b-4644-a926-1bc899b86c81/EDERSON_395427,395427,43924,,,,,,,2015-10-08T00:00:00Z,1,395427
Brazil,BRA,BRA,Group C,ROGER IBANEZ,IBAÑEZ,Defender,Defender,Unknown,24,1998-11-23,186.0,80.0,BRA,https://digitalhub.fifa.com/transform/0b88bb57-5b4b-448f-9af1-44869f36172a/ROGER-IBANEZ_430594,430594,43924,,,,,,,2022-10-21T00:00:00Z,1,430594
Brazil,BRA,BRA,Group C,IGOR THIAGO,THIAGO,Forward,Forward,Unknown,25,2001-06-26,190.0,95.0,BRA,https://digitalhub.fifa.com/transform/d547cc13-69d0-4204-91bf-baf63bbb7328/IGOR-THIAGO_519836,519836,43924,,,,,,,2026-03-24T00:00:00Z,1,519836
Brazil,BRA,BRA,Group C,RAYAN,RAYAN,Forward,Forward,Unknown,26,2006-08-03,187.0,88.0,BRA,https://digitalhub.fifa.com/transform/c5de4283-2fbb-4691-8de4-39959ad7b755/RAYAN_475036,475036,43924,,,,,,,2026-03-24T00:00:00Z,1,475036
Cabo Verde,CPV,CPV,Group H,VOZINHA,VOZINHA,Goalkeeper,Goalkeeper,Unknown,1,1986-06-03,189.0,74.0,CPV,https://digitalhub.fifa.com/transform/b8286230-b161-484e-87a9-ce5a20e6f7d1/VOZINHA_364752,364752,43850,,,,,,,2013-01-17T00:00:00Z,1,364752
Cabo Verde,CPV,CPV,Group H,STOPIRA,STOPIRA,Defender,Defender,Unknown,2,1988-05-20,178.0,72.0,CPV,https://digitalhub.fifa.com/transform/2cf947a1-aabe-4e69-84c7-4e22c24e01da/STOPIRA_297266,297266,43850,,,,,,,2008-05-19T00:00:00Z,1,297266
Cabo Verde,CPV,CPV,Group H,DINEY BORGES,BORGES,Defender,Defender,Unknown,3,1995-01-17,185.0,78.0,CPV,https://digitalhub.fifa.com/transform/9bffceda-d572-41b1-917b-06196bbffb3c/DINEY-BORGES_409241,409241,43850,,,,,,,2017-11-15T00:00:00Z,1,409241
Cabo Verde,CPV,CPV,Group H,PICO LOPES,LOPES,Defender,Defender,Unknown,4,1992-06-17,186.0,83.0,CPV,https://digitalhub.fifa.com/transform/aae92383-d5ce-4d00-8eb8-71891a619d11/PICO-LOPES_477770,477770,43850,,,,,,,2023-11-08T00:00:00Z,1,477770
Cabo Verde,CPV,CPV,Group H,LOGAN COSTA,COSTA,Defender,Defender,Unknown,5,2001-04-01,190.0,91.0,CPV,https://digitalhub.fifa.com/transform/248677f0-fc09-4244-a18f-7ef9afb98dcc/LOGAN-COSTA_477831,477831,43850,,,,,,,2023-11-08T00:00:00Z,1,477831
Cabo Verde,CPV,CPV,Group H,KEVIN PINA,KEVIN L.,Midfielder,Midfielder,Unknown,6,1997-01-27,177.0,81.0,CPV,https://digitalhub.fifa.com/transform/40e5a4a5-c7f0-4b0e-8a6e-d8ffbaa12d29/KEVIN-PINA_477852,477852,43850,,,,,,,2023-11-08T00:00:00Z,1,477852
Cabo Verde,CPV,CPV,Group H,JOVANE CABRAL,JOVANE,Midfielder,Midfielder,Unknown,7,1998-06-14,174.0,72.0,CPV,https://digitalhub.fifa.com/transform/4bc8360c-8ddd-4449-9e5f-a100502763b7/JOVANE-CABRAL_477856,477856,43850,,,,,,,2023-11-08T00:00:00Z,1,477856
Cabo Verde,CPV,CPV,Group H,JOAO PAULO,JOÃO PAULO,Midfielder,Midfielder,Unknown,8,1998-05-26,180.0,75.0,CPV,https://digitalhub.fifa.com/transform/18ee15aa-604d-4dea-964e-7b0a73f3f710/JOAO-PAULO_477855,477855,43850,,,,,,,2023-11-08T00:00:00Z,1,477855
Cabo Verde,CPV,CPV,Group H,GILSON BENCHIMOL,BENCHIMOL,Forward,Forward,Unknown,9,2001-12-29,187.0,79.0,CPV,https://digitalhub.fifa.com/transform/11269eaf-5399-423a-9e27-934a7058a71d/GILSON-BENCHIMOL_477862,477862,43850,,,,,,,2023-11-08T00:00:00Z,1,477862
Cabo Verde,CPV,CPV,Group H,JAMIRO MONTEIRO,MONTEIRO,Midfielder,Midfielder,Unknown,10,1993-11-23,175.0,68.0,CPV,https://digitalhub.fifa.com/transform/04f8c613-3779-443b-8aa4-25ed1d3a60f1/JAMIRO-MONTEIRO_401894,401894,43850,,,,,,,2017-01-30T00:00:00Z,1,401894
Cabo Verde,CPV,CPV,Group H,GARRY RODRIGUES,RODRIGUES,Midfielder,Midfielder,Unknown,11,1990-11-27,173.0,65.0,CPV,https://digitalhub.fifa.com/transform/c8ad756c-e6dc-4458-ad13-d34d2b668c63/GARRY-RODRIGUES_373344,373344,43850,,,,,,,2013-09-12T00:00:00Z,1,373344
Cabo Verde,CPV,CPV,Group H,MARCIO ROSA,MARCIO,Goalkeeper,Goalkeeper,Unknown,12,1997-02-23,186.0,82.0,CPV,https://digitalhub.fifa.com/transform/fcc402a3-4dbd-4c2e-9856-c8a3104ce221/MARCIO-ROSA_407114,407114,43850,,,,,,,2017-10-02T00:00:00Z,1,407114
Cabo Verde,CPV,CPV,Group H,SIDNY LOPES CABRAL,LOPES CABRAL,Defender,Defender,Unknown,13,2002-09-18,176.0,73.0,CPV,https://digitalhub.fifa.com/transform/4fd8eea9-a8fe-4571-8bbc-fe728f6160e7/SIDNY-LOPES-CABRAL_477832,477832,43850,,,,,,,2023-11-08T00:00:00Z,1,477832
Cabo Verde,CPV,CPV,Group H,DEROY DUARTE,D. DUARTE,Midfielder,Midfielder,Unknown,14,1999-07-04,177.0,69.0,CPV,https://digitalhub.fifa.com/transform/c2a1dda5-24bd-4ef1-8ef4-cde9f3f3b644/DEROY-DUARTE_477827,477827,43850,,,,,,,2023-11-08T00:00:00Z,1,477827
Cabo Verde,CPV,CPV,Group H,LAROS DUARTE,L. DUARTE,Midfielder,Midfielder,Unknown,15,1997-02-28,180.0,72.0,CPV,https://digitalhub.fifa.com/transform/2650fbd7-f8a2-409e-8b2d-85042a719c52/LAROS-DUARTE_480966,480966,43850,,,,,,,2023-12-29T00:00:00Z,1,480966
Cabo Verde,CPV,CPV,Group H,YANNICK SEMEDO,Y. SEMEDO,Midfielder,Midfielder,Unknown,16,1995-12-29,176.0,60.0,CPV,https://digitalhub.fifa.com/transform/7d0c9c98-3bbe-4379-a6e4-df45573f6e90/YANNICK-SEMEDO_494313,494313,43850,,,,,,,2025-03-17T00:00:00Z,1,494313
Cabo Verde,CPV,CPV,Group H,WILLY SEMEDO,SEMEDO,Midfielder,Midfielder,Unknown,17,1994-04-27,185.0,69.0,CPV,https://digitalhub.fifa.com/transform/37b3a4c5-6899-487c-892a-1d9791945ba3/WILLY-SEMEDO_433724,433724,43850,,,,,,,2021-10-11T00:00:00Z,1,433724
Cabo Verde,CPV,CPV,Group H,TELMO ARCANJO,ARCANJO,Midfielder,Midfielder,Unknown,18,2001-06-21,180.0,78.0,CPV,https://digitalhub.fifa.com/transform/16e60922-64b4-40df-ae20-f53a44891fe9/TELMO-ARCANJO_494314,494314,43850,,,,,,,2025-03-17T00:00:00Z,1,494314
Cabo Verde,CPV,CPV,Group H,DAILON LIVRAMENTO,LIVRAMENTO,Forward,Forward,Unknown,19,2001-05-04,185.0,73.0,CPV,https://digitalhub.fifa.com/transform/cded048a-5237-4aac-83d6-cbdbc3fec36f/DAILON-LIVRAMENTO_482782,482782,43850,,,,,,,2024-03-20T00:00:00Z,1,482782
Cabo Verde,CPV,CPV,Group H,RYAN MENDES,RYAN,Forward,Forward,Unknown,20,1990-01-08,178.0,70.0,CPV,https://digitalhub.fifa.com/transform/69224c23-3cb2-4d08-967c-0c318328366a/RYAN-MENDES_355642,355642,43850,,,,,,,2012-05-21T00:00:00Z,1,355642
Cabo Verde,CPV,CPV,Group H,NUNO DA COSTA,DA COSTA,Midfielder,Midfielder,Unknown,21,1991-02-10,182.0,69.0,CPV,https://digitalhub.fifa.com/transform/a9555196-ece6-4f39-8c07-103e12f4c900/NUNO-DA-COSTA_401893,401893,43850,,,,,,,2017-01-30T00:00:00Z,1,401893
Cabo Verde,CPV,CPV,Group H,STEVEN MOREIRA,MOREIRA,Defender,Defender,Unknown,22,1994-08-13,178.0,72.0,CPV,https://digitalhub.fifa.com/transform/79a2bdd5-b9a9-41d1-8fdd-3dff50346705/STEVEN-MOREIRA_477847,477847,43850,,,,,,,2023-11-08T00:00:00Z,1,477847
Cabo Verde,CPV,CPV,Group H,CJ DOS SANTOS,DOS SANTOS,Goalkeeper,Goalkeeper,Unknown,23,2000-08-24,189.0,79.0,CPV,https://digitalhub.fifa.com/transform/ecf9ed76-fe11-4089-96d4-8126286db543/CJ-DOS-SANTOS_406281,406281,43850,,,,,,,2026-03-17T00:00:00Z,1,406281
Cabo Verde,CPV,CPV,Group H,WAGNER PINA,WAGNER P.,Defender,Defender,Unknown,24,2002-11-03,180.0,72.0,CPV,https://digitalhub.fifa.com/transform/b0ebca3f-fcb5-4872-a5ce-a17d0d39a88c/WAGNER-PINA_482783,482783,43850,,,,,,,2024-03-20T00:00:00Z,1,482783
Cabo Verde,CPV,CPV,Group H,KELVIN PIRES,KELVIN,Defender,Defender,Unknown,25,2000-06-05,193.0,85.0,CPV,https://digitalhub.fifa.com/transform/612ea8e3-613d-4c06-a13b-d7a1de98a43d/KELVIN-PIRES_482780,482780,43850,,,,,,,2024-03-20T00:00:00Z,1,482780
Cabo Verde,CPV,CPV,Group H,HELIO VARELA,HÉLIO,Midfielder,Midfielder,Unknown,26,2002-05-03,176.0,72.0,CPV,https://digitalhub.fifa.com/transform/8c4d8ef4-54e9-4144-84c4-d4933b752442/HELIO-VARELA_477849,477849,43850,,,,,,,2023-11-08T00:00:00Z,1,477849
Canada,CAN,CAN,Group B,Dayne ST. CLAIR,ST. CLAIR,Goalkeeper,Goalkeeper,Unknown,1,1997-05-09,191.0,88.0,CAN,https://digitalhub.fifa.com/transform/0583604e-3974-45f0-ac6c-cdf0deaabe5c/ST-CLAIR-Dayne_441255,441255,43899,,,,,,,2022-03-25T00:00:00Z,1,441255
Canada,CAN,CAN,Group B,Alistair JOHNSTON,JOHNSTON,Defender,Defender,Unknown,2,1998-10-08,180.0,77.0,CAN,https://digitalhub.fifa.com/transform/bd760593-4ed3-405e-b497-f508dbc8bbdf/JOHNSTON-Alistair_441252,441252,43899,,,,,,,2022-03-25T00:00:00Z,1,441252
Canada,CAN,CAN,Group B,Alfie JONES,JONES,Defender,Defender,Unknown,3,1997-10-07,191.0,89.0,CAN,https://digitalhub.fifa.com/transform/59f64291-f9e7-4d71-82cd-e15eb9a91a1c/JONES-Alfie_514070,514070,43899,,,,,,,2025-11-07T00:00:00Z,1,514070
Canada,CAN,CAN,Group B,Luc DE FOUGEROLLES,DE FOUGEROLLES,Defender,Defender,Unknown,4,2005-10-12,183.0,81.0,CAN,https://digitalhub.fifa.com/transform/5a74297e-1aa4-41fa-a151-782f1211d1a0/DE-FOUGEROLLES-Luc_480322,480322,43899,,,,,,,2023-11-30T00:00:00Z,1,480322
Canada,CAN,CAN,Group B,Joel WATERMAN,WATERMAN,Defender,Defender,Unknown,5,1996-01-24,185.0,73.0,CAN,https://digitalhub.fifa.com/transform/f5b31eb7-c506-4ad3-b857-06c22e1bb263/WATERMAN-Joel_448402,448402,43899,,,,,,,2022-10-21T00:00:00Z,1,448402
Canada,CAN,CAN,Group B,Mathieu CHOINIERE,CHOINIÈRE,Midfielder,Midfielder,Unknown,6,1999-02-07,173.0,68.0,CAN,https://digitalhub.fifa.com/transform/d74aed0f-7268-4a91-8dc2-13a76e2cdf28/CHOINIERE-Mathieu_448390,448390,43899,,,,,,,2022-10-21T00:00:00Z,1,448390
Canada,CAN,CAN,Group B,Stephen EUSTAQUIO,EUSTÁQUIO,Midfielder,Midfielder,Unknown,7,1996-12-21,175.0,69.0,CAN,https://digitalhub.fifa.com/transform/1c0650a1-bba7-4998-b6b6-ebddeed58058/EUSTAQUIO-Stephen_433635,433635,43899,,,,,,,2021-10-08T00:00:00Z,1,433635
Canada,CAN,CAN,Group B,Ismael KONE,KONÉ,Midfielder,Midfielder,Unknown,8,2002-06-16,188.0,76.0,CAN,https://digitalhub.fifa.com/transform/51344b42-77de-4109-a167-7723dc1d4dd2/KONE-Ismael_441258,441258,43899,,,,,,,2022-03-25T00:00:00Z,1,441258
Canada,CAN,CAN,Group B,Cyle LARIN,LARIN,Forward,Forward,Unknown,9,1995-04-17,188.0,92.0,CAN,https://digitalhub.fifa.com/transform/21086aea-3ec5-47b2-a81f-f7316489183a/LARIN-Cyle_390670,390670,43899,,,,,,,2015-09-08T00:00:00Z,1,390670
Canada,CAN,CAN,Group B,Jonathan DAVID,J. DAVID,Forward,Forward,Unknown,10,2000-01-14,175.0,80.0,CAN,https://digitalhub.fifa.com/transform/97ad628a-b97d-4657-ac41-f2a667c534e6/DAVID-Jonathan_441257,441257,43899,,,,,,,2022-03-25T00:00:00Z,1,441257
Canada,CAN,CAN,Group B,Liam MILLAR,MILLAR,Midfielder,Midfielder,Unknown,11,1999-09-27,176.0,74.0,CAN,https://digitalhub.fifa.com/transform/3f5479a0-7d7d-408f-b9c8-b0185e1d8ae4/MILLAR-Liam_441259,441259,43899,,,,,,,2022-03-25T00:00:00Z,1,441259
Canada,CAN,CAN,Group B,Tani OLUWASEYI,OLUWASEYI,Forward,Forward,Unknown,12,2000-05-15,187.0,82.0,CAN,https://digitalhub.fifa.com/transform/c761fb38-4f2b-47a9-9ede-6bee5f09d6bd/OLUWASEYI-Tani_486929,486929,43899,,,,,,,2024-06-17T00:00:00Z,1,486929
Canada,CAN,CAN,Group B,Derek CORNELIUS,CORNELIUS,Defender,Defender,Unknown,13,1997-11-25,186.0,87.0,CAN,https://digitalhub.fifa.com/transform/efe78874-6cb4-4156-a6ce-af7c6374d11f/CORNELIUS-Derek_371958,371958,43899,,,,,,,2022-03-25T00:00:00Z,1,371958
Canada,CAN,CAN,Group B,Jacob SHAFFELBURG,SHAFFELBURG,Midfielder,Midfielder,Unknown,14,1999-11-26,181.0,73.0,CAN,https://digitalhub.fifa.com/transform/fd23f2a2-eb9d-4232-97ff-03c924d6b24e/SHAFFELBURG-Jacob_448411,448411,43899,,,,,,,2022-10-21T00:00:00Z,1,448411
Canada,CAN,CAN,Group B,Moise BOMBITO,BOMBITO,Defender,Defender,Unknown,15,2000-03-30,190.0,85.0,CAN,https://digitalhub.fifa.com/transform/2d2bbffa-0dcf-47c1-b681-706566867489/BOMBITO-Moise_466585,466585,43899,,,,,,,2023-06-15T00:00:00Z,1,466585
Canada,CAN,CAN,Group B,Maxime CREPEAU,CRÉPEAU,Goalkeeper,Goalkeeper,Unknown,16,1994-05-11,185.0,86.0,CAN,https://digitalhub.fifa.com/transform/c4570ca7-10a7-44ca-901d-fee1e11e4400/CREPEAU-Maxime_331732,331732,43899,,,,,,,2015-03-22T00:00:00Z,1,331732
Canada,CAN,CAN,Group B,Tajon BUCHANAN,BUCHANAN,Forward,Forward,Unknown,17,1999-02-08,183.0,74.0,CAN,https://digitalhub.fifa.com/transform/a607b6f5-fe42-4a89-9e88-cb9690e4bcd1/BUCHANAN-Tajon_430138,430138,43899,,,,,,,2021-09-09T00:00:00Z,1,430138
Canada,CAN,CAN,Group B,Owen GOODMAN,GOODMAN,Goalkeeper,Goalkeeper,Unknown,18,2003-11-27,193.0,92.0,CAN,https://digitalhub.fifa.com/transform/a226584e-2566-49be-b8e7-b8e73d3aa127/GOODMAN-Owen_463817,463817,43899,,,,,,,2025-11-14T00:00:00Z,1,463817
Canada,CAN,CAN,Group B,Alphonso DAVIES,DAVIES,Defender,Defender,Unknown,19,2000-11-02,183.0,77.0,CAN,https://digitalhub.fifa.com/transform/4b0a6361-55a2-4bde-82a4-8275181091f5/DAVIES-Alphonso_412144,412144,43899,,,,,,,2021-06-09T00:00:00Z,1,412144
Canada,CAN,CAN,Group B,Ali AHMED,AHMED,Forward,Forward,Unknown,20,2000-10-10,180.0,75.0,CAN,https://digitalhub.fifa.com/transform/123bdaa9-e54b-4b1c-8fd4-5dac88de915e/AHMED-Ali_466687,466687,43899,,,,,,,2023-06-16T00:00:00Z,1,466687
Canada,CAN,CAN,Group B,Jonathan OSORIO,OSORIO,Midfielder,Midfielder,Unknown,21,1992-06-12,175.0,70.0,CAN,https://digitalhub.fifa.com/transform/982a5ed2-0878-4733-b071-cd7cc532ee37/OSORIO-Jonathan_370986,370986,43899,,,,,,,2013-07-10T00:00:00Z,1,370986
Canada,CAN,CAN,Group B,Richie LARYEA,LARYEA,Defender,Defender,Unknown,22,1995-01-07,175.0,71.0,CAN,https://digitalhub.fifa.com/transform/612f188f-bb60-45db-8932-fc7dd2ca13ec/LARYEA-Richie_431696,431696,43899,,,,,,,2021-06-13T00:00:00Z,1,431696
Canada,CAN,CAN,Group B,Niko SIGUR,SIGUR,Defender,Defender,Unknown,23,2003-09-09,178.0,77.0,CAN,https://digitalhub.fifa.com/transform/e0c93e53-1609-4a5c-95be-b4eb0c044003/SIGUR-Niko_485064,485064,43899,,,,,,,2025-03-17T00:00:00Z,1,485064
Canada,CAN,CAN,Group B,Promise DAVID,PROMISE,Forward,Forward,Unknown,24,2001-07-03,195.0,90.0,CAN,https://digitalhub.fifa.com/transform/5e47f75f-c26f-4a7b-81e5-7957cc1027eb/DAVID-Promise_493970,493970,43899,,,,,,,2025-02-22T00:00:00Z,1,493970
Canada,CAN,CAN,Group B,Nathan SALIBA,SALIBA,Midfielder,Midfielder,Unknown,25,2004-02-07,174.0,80.0,CAN,https://digitalhub.fifa.com/transform/1da64224-0271-489f-bea3-2aaa2e4cdf14/SALIBA-Nathan_423941,423941,43899,,,,,,,2024-03-08T00:00:00Z,1,423941
Canada,CAN,CAN,Group B,Jayden Nelson,NELSON,Forward,Forward,Unknown,26,2002-09-26,170.0,68.0,CAN,https://digitalhub.fifa.com/transform/11fd224d-e90c-41f4-8497-e387c702f00a/NELSON-Jayden_423933,423933,43899,,,,,,,2022-10-21T00:00:00Z,1,423933
Colombia,COL,COL,Group K,David OSPINA,OSPINA,Goalkeeper,Goalkeeper,Unknown,1,1988-08-31,183.0,80.0,COL,https://digitalhub.fifa.com/transform/bb1dfed7-fde5-4558-8bf0-fe299883d6fa/OSPINA-David_228686,228686,43926,,,,,,,2007-10-13T00:00:00Z,1,228686
Colombia,COL,COL,Group K,Daniel MUNOZ,D. MUÑOZ,Defender,Defender,Unknown,2,1996-05-26,180.0,74.0,COL,https://digitalhub.fifa.com/transform/597b88e8-d3ab-4f1f-9ba5-c031478769d3/MUNOZ-Daniel_431200,431200,43926,,,,,,,2021-06-04T00:00:00Z,1,431200
Colombia,COL,COL,Group K,Jhon LUCUMI,J. LUCUMI,Defender,Defender,Unknown,3,1998-06-26,187.0,87.0,COL,https://digitalhub.fifa.com/transform/73d7ea6f-ca50-4665-97cf-4c319351dce6/LUCUMI-Jhon_441622,441622,43926,,,,,,,2022-03-30T00:00:00Z,1,441622
Colombia,COL,COL,Group K,Santiago ARIAS,ARIAS,Defender,Defender,Unknown,4,1992-01-13,177.0,76.0,COL,https://digitalhub.fifa.com/transform/5617bc24-ff35-493b-95f2-22239373414a/ARIAS-Santiago_315614,315614,43926,,,,,,,2011-10-07T00:00:00Z,1,315614
Colombia,COL,COL,Group K,Kevin CASTANO,K. CASTAÑO,Midfielder,Midfielder,Unknown,5,2000-09-29,179.0,70.0,COL,https://digitalhub.fifa.com/transform/0ba9e182-1726-4513-ab33-e6224e61815a/CASTANO-Kevin_470759,470759,43926,,,,,,,2023-07-23T00:00:00Z,1,470759
Colombia,COL,COL,Group K,Richard RIOS,RICHARD RIOS,Midfielder,Midfielder,Unknown,6,2000-06-02,185.0,85.0,COL,https://digitalhub.fifa.com/transform/3beeef45-2af9-4641-aa23-24aabb1ff865/RIOS-Richard_473050,473050,43926,,,,,,,2023-09-06T00:00:00Z,1,473050
Colombia,COL,COL,Group K,Luis DIAZ,LUIS DIAZ,Forward,Forward,Unknown,7,1997-01-13,179.0,71.0,COL,https://digitalhub.fifa.com/transform/e1e5fb3a-67cb-4e0d-9a70-95b7cc6d5ebf/DIAZ-Luis_428886,428886,43926,,,,,,,2020-11-14T00:00:00Z,1,428886
Colombia,COL,COL,Group K,Jorge CARRASCAL,CARRASCAL,Midfielder,Midfielder,Unknown,8,1998-05-25,180.0,77.0,COL,https://digitalhub.fifa.com/transform/52a87992-08b2-4124-b02b-d25bd6e83c09/CARRASCAL-Jorge_425580,425580,43926,,,,,,,2023-07-23T00:00:00Z,1,425580
Colombia,COL,COL,Group K,Jhon CORDOBA,CORDOBA,Forward,Forward,Unknown,9,1993-05-11,186.0,84.0,COL,https://digitalhub.fifa.com/transform/549e0eab-ae8f-4f4b-8d9b-36cbeaae716c/CORDOBA-Jhon_369530,369530,43926,,,,,,,2023-09-06T00:00:00Z,1,369530
Colombia,COL,COL,Group K,James RODRIGUEZ,JAMES,Midfielder,Midfielder,Unknown,10,1991-07-12,181.0,79.0,COL,https://digitalhub.fifa.com/transform/800cc17f-8f64-4d16-90e9-c5ab79c4d302/RODRIGUEZ-James_269058,269058,43926,,,,,,,2011-10-03T00:00:00Z,1,269058
Colombia,COL,COL,Group K,Jhon ARIAS,J. ARIAS,Midfielder,Midfielder,Unknown,11,1997-09-21,168.0,83.0,COL,https://digitalhub.fifa.com/transform/1449efe8-a491-4d19-8c7d-c6fb0b6e8d0f/ARIAS-Jhon_470760,470760,43926,,,,,,,2023-07-23T00:00:00Z,1,470760
Colombia,COL,COL,Group K,Camilo VARGAS,C. VARGAS,Goalkeeper,Goalkeeper,Unknown,12,1989-03-09,183.0,84.0,COL,https://digitalhub.fifa.com/transform/0a3646b6-8b61-4004-a460-0aad23a8ff36/VARGAS-Camilo_360642,360642,43926,,,,,,,2012-09-11T00:00:00Z,1,360642
Colombia,COL,COL,Group K,Yerry MINA,Y. MINA,Defender,Defender,Unknown,13,1994-09-23,195.0,95.0,COL,https://digitalhub.fifa.com/transform/908d10ae-e26e-4937-82b2-6baa54784ac7/MINA-Yerry_395552,395552,43926,,,,,,,2015-10-08T00:00:00Z,1,395552
Colombia,COL,COL,Group K,Gustavo PUERTA,PUERTA,Defender,Defender,Unknown,14,2003-07-23,173.0,73.0,COL,https://digitalhub.fifa.com/transform/818f768e-54da-4c5f-88ef-8f596240c2b5/PUERTA-Gustavo_463902,463902,43926,,,,,,,2024-11-10T00:00:00Z,1,463902
Colombia,COL,COL,Group K,Juan PORTILLA,PORTILLA,Midfielder,Midfielder,Unknown,15,1998-09-12,181.0,78.0,COL,https://digitalhub.fifa.com/transform/80d3008e-fc71-4841-bedb-fbb9e0bfe3b8/PORTILLA-Juan_489849,489849,43926,,,,,,,2024-09-06T00:00:00Z,1,489849
Colombia,COL,COL,Group K,Jefferson LERMA,J. LERMA,Midfielder,Midfielder,Unknown,16,1994-10-25,180.0,84.0,COL,https://digitalhub.fifa.com/transform/961b906c-13d4-4869-942a-5f5d2e3fab3e/LERMA-Jefferson_395550,395550,43926,,,,,,,2018-05-14T00:00:00Z,1,395550
Colombia,COL,COL,Group K,Johan MOJICA,J. MOJICA,Defender,Defender,Unknown,17,1992-08-21,184.0,76.0,COL,https://digitalhub.fifa.com/transform/efd8e0c0-6d52-43f0-95ce-b9c258914603/MOJICA-Johan_394500,394500,43926,,,,,,,2016-04-19T00:00:00Z,1,394500
Colombia,COL,COL,Group K,Willer DITTA,W. DITTA,Defender,Defender,Unknown,18,1998-01-23,179.0,83.0,COL,https://digitalhub.fifa.com/transform/bbf850f0-89dd-4ccc-979d-bb7b23e769b1/DITTA-Willer_476345,476345,43926,,,,,,,2023-10-10T00:00:00Z,1,476345
Colombia,COL,COL,Group K,Cucho HERNANDEZ,C. HERNANDEZ,Forward,Forward,Unknown,19,1999-04-20,176.0,79.0,COL,https://digitalhub.fifa.com/transform/a54cc361-8a38-4340-bbaa-1dab41b73626/HERNANDEZ-Cucho_418881,418881,43926,,,,,,,2023-07-23T00:00:00Z,1,418881
Colombia,COL,COL,Group K,Juan QUINTERO,QUINTERO,Midfielder,Midfielder,Unknown,20,1993-01-18,167.0,71.0,COL,https://digitalhub.fifa.com/transform/ab12e549-2406-4bbb-a420-0f9ccef2c09e/QUINTERO-Juan_356704,356704,43926,,,,,,,2012-06-07T00:00:00Z,1,356704
Colombia,COL,COL,Group K,Jaminton CAMPAZ,CAMPAZ,Forward,Forward,Unknown,21,2000-05-24,166.0,75.0,COL,https://digitalhub.fifa.com/transform/cd3d4afc-5780-444f-80ca-fc55b53a5329/CAMPAZ-Leandro_405755,405755,43926,,,,,,,2023-10-31T00:00:00Z,1,405755
Colombia,COL,COL,Group K,Deiver MACHADO,MACHADO,Defender,Defender,Unknown,22,1993-09-02,173.0,77.0,COL,https://digitalhub.fifa.com/transform/e3774306-ac78-44ee-954b-9f4328a035c1/MACHADO-Deiver_394376,394376,43926,,,,,,,2023-07-23T00:00:00Z,1,394376
Colombia,COL,COL,Group K,Davinson SANCHEZ,SANCHEZ,Defender,Defender,Unknown,23,1996-06-12,188.0,82.0,COL,https://digitalhub.fifa.com/transform/ce6f352e-52e7-4265-9bc9-d482292fe4fb/SANCHEZ-Davinson_386013,386013,43926,,,,,,,2015-10-08T00:00:00Z,1,386013
Colombia,COL,COL,Group K,Alvaro MONTERO,MONTERO,Goalkeeper,Goalkeeper,Unknown,24,1995-03-29,201.0,98.0,COL,https://digitalhub.fifa.com/transform/b7af4c7c-edc7-483d-a804-068ea864840e/MONTERO-Alvaro_385998,385998,43926,,,,,,,2022-03-30T00:00:00Z,1,385998
Colombia,COL,COL,Group K,Luis SUAREZ,SUAREZ,Forward,Forward,Unknown,25,1997-12-02,179.0,85.0,COL,https://digitalhub.fifa.com/transform/898b7742-30e2-4b72-8470-dbcdf5d5e058/SUAREZ-Luis_428905,428905,43926,,,,,,,2020-11-18T00:00:00Z,1,428905
Colombia,COL,COL,Group K,Andres GOMEZ,A. GOMEZ,Forward,Forward,Unknown,26,2002-09-12,170.0,71.0,COL,https://digitalhub.fifa.com/transform/300b07da-6c9b-4607-a30d-11a11614e6d8/GOMEZ-Andres_492189,492189,43926,,,,,,,2024-11-10T00:00:00Z,1,492189
Congo DR,COD,COD,Group K,Lionel MPASI,MPASI,Goalkeeper,Goalkeeper,Unknown,1,1994-08-01,182.0,73.0,COD,https://digitalhub.fifa.com/transform/93a9ca9a-b0db-41bb-80e6-878eb46f0c84/MPASI-Lionel_441313,441313,20014,,,,,,,2022-03-25T00:00:00Z,1,441313
Congo DR,COD,COD,Group K,Aaron WAN-BISSAKA,WAN BISSAKA,Defender,Defender,Unknown,2,1997-11-26,183.0,72.0,COD,https://digitalhub.fifa.com/transform/55753894-f81e-4e55-84a7-835ef46fc9bb/WAN-BISSAKA-Aaron_426357,426357,20014,,,,,,,2025-08-23T00:00:00Z,1,426357
Congo DR,COD,COD,Group K,Steve KAPUADI,KAPUADI,Defender,Defender,Unknown,3,1998-04-30,196.0,88.0,COD,https://digitalhub.fifa.com/transform/60a4ad81-dbaa-4276-b291-f002ec98ddfc/KAPUADI-Steve_504329,504329,20014,,,,,,,2025-07-21T00:00:00Z,1,504329
Congo DR,COD,COD,Group K,Axel Tuanzebe,TUANZEBE,Defender,Defender,Unknown,4,1997-11-14,188.0,79.0,COD,https://digitalhub.fifa.com/transform/c918f48b-6fff-449f-ba1d-a8c84e6a6f00/TUANZEBE-Axel_403063,403063,20014,,,,,,,2024-05-22T00:00:00Z,1,403063
Congo DR,COD,COD,Group K,Dylan BATUBINSIKA,BATUBINSIKA,Defender,Defender,Unknown,5,1996-02-15,185.0,84.0,COD,https://digitalhub.fifa.com/transform/f5388f1a-825a-4a7d-9668-1f618b0686ea/BATUBINSIKA-Dylan_477829,477829,20014,,,,,,,2023-11-08T00:00:00Z,1,477829
Congo DR,COD,COD,Group K,Ngalayel MUKAU,MUKAU,Midfielder,Midfielder,Unknown,6,2004-11-03,186.0,79.0,COD,https://digitalhub.fifa.com/transform/72bed90f-aa3d-4f6f-8751-74689a06f326/MUKAU-Ngalayel_494458,494458,20014,,,,,,,2025-03-18T00:00:00Z,1,494458
Congo DR,COD,COD,Group K,Nathanael MBUKU,MBUKU,Midfielder,Midfielder,Unknown,7,2002-03-16,170.0,70.0,COD,https://digitalhub.fifa.com/transform/5977f6d5-d50b-46c4-9e33-d8c4aef7202c/MBUKU-Nathanael_424119,424119,20014,,,,,,,2024-09-02T00:00:00Z,1,424119
Congo DR,COD,COD,Group K,Samuel Moutoussamy,MOUTOUSSAMY,Midfielder,Midfielder,Unknown,8,1996-08-12,176.0,72.0,COD,https://digitalhub.fifa.com/transform/e22f732a-a001-4c41-96c8-138b79ed45b2/MOUTOUSSAMY-Samuel_433076,433076,20014,,,,,,,2021-09-03T00:00:00Z,1,433076
Congo DR,COD,COD,Group K,Brian CIPENGA,CIPENGA,Forward,Forward,Unknown,9,1998-03-11,172.0,67.0,COD,https://digitalhub.fifa.com/transform/ebfc012f-56c2-4279-9eab-02219646f01e/CIPENGA-Brian_510989,510989,20014,,,,,,,2025-10-07T00:00:00Z,1,510989
Congo DR,COD,COD,Group K,Theo BONGONDA,BONGONDA,Midfielder,Midfielder,Unknown,10,1995-11-20,176.0,64.0,COD,https://digitalhub.fifa.com/transform/33939502-486c-4dce-a21a-c5c86b0e08f0/BONGONDA-Theo_441317,441317,20014,,,,,,,2022-03-25T00:00:00Z,1,441317
Congo DR,COD,COD,Group K,Gael KAKUTA,KAKUTA,Forward,Forward,Unknown,11,1991-06-21,174.0,68.0,COD,https://digitalhub.fifa.com/transform/201587e3-e8f9-4201-9ee5-23931fd0f016/KAKUTA-Gael_336439,336439,20014,,,,,,,2016-12-21T00:00:00Z,1,336439
Congo DR,COD,COD,Group K,Joris KAYEMBE,J. KAYEMBE,Defender,Defender,Unknown,12,1994-08-08,180.0,73.0,COD,https://digitalhub.fifa.com/transform/1bb4fcb6-fbfd-4f37-a827-eee403ed2a4f/KAYEMBE-Joris_477833,477833,20014,,,,,,,2023-11-08T00:00:00Z,1,477833
Congo DR,COD,COD,Group K,Meschack ELIA,MESCHACK,Forward,Forward,Unknown,13,1997-08-06,173.0,67.0,COD,https://digitalhub.fifa.com/transform/8ac2d949-e53e-4f4e-9196-d91ab9bc8f65/ELIA-Meschack_426506,426506,20014,,,,,,,2022-03-25T00:00:00Z,1,426506
Congo DR,COD,COD,Group K,Noah SADIKI,SADIKI,Midfielder,Midfielder,Unknown,14,2004-12-17,165.0,58.0,COD,https://digitalhub.fifa.com/transform/3c5307a2-8894-44fc-a2d0-95c4500a6740/SADIKI-Noah_486147,486147,20014,,,,,,,2024-06-03T00:00:00Z,1,486147
Congo DR,COD,COD,Group K,Aaron TSHIBOLA,TSHIBOLA,Midfielder,Midfielder,Unknown,15,1995-01-02,184.0,78.0,COD,https://digitalhub.fifa.com/transform/2a9cce05-2dd6-4f24-add3-7f4ad4232790/TSHIBOLA-Aaron_477864,477864,20014,,,,,,,2023-11-08T00:00:00Z,1,477864
Congo DR,COD,COD,Group K,Timothy FAYULU,FAYULU,Goalkeeper,Goalkeeper,Unknown,16,1999-07-24,192.0,84.0,COD,https://digitalhub.fifa.com/transform/deee3a8c-2aea-43fd-80d4-18dfdf1fad94/FAYULU-Timothy_486196,486196,20014,,,,,,,2024-06-03T00:00:00Z,1,486196
Congo DR,COD,COD,Group K,Cedric BAKAMBU,BAKAMBU,Forward,Forward,Unknown,17,1991-04-11,182.0,74.0,COD,https://digitalhub.fifa.com/transform/25e27fcf-479e-42fe-bd09-63dc8b8fa202/BAKAMBU-Cedric_336425,336425,20014,,,,,,,2015-01-01T00:00:00Z,1,336425
Congo DR,COD,COD,Group K,Charles PICKEL,PICKEL,Midfielder,Midfielder,Unknown,18,1997-05-15,187.0,78.0,COD,https://digitalhub.fifa.com/transform/1a0ecb32-cde2-4987-a0e0-2bf8ee4376c5/PICKEL-Charles_448128,448128,20014,,,,,,,2023-09-01T00:00:00Z,1,448128
Congo DR,COD,COD,Group K,Fiston MAYELE,MAYELE,Forward,Forward,Unknown,19,1994-06-24,185.0,85.0,COD,https://digitalhub.fifa.com/transform/cfecc0dd-e887-4645-b9dc-b9d90296f314/MAYELE-Fiston_477859,477859,20014,,,,,,,2023-11-08T00:00:00Z,1,477859
Congo DR,COD,COD,Group K,Yoane WISSA,WISSA,Forward,Forward,Unknown,20,1996-09-03,176.0,75.0,COD,https://digitalhub.fifa.com/transform/df278077-1306-4bc3-99d3-0842d69fdec3/WISSA-Yoane_441316,441316,20014,,,,,,,2022-03-25T00:00:00Z,1,441316
Congo DR,COD,COD,Group K,Matthieu EPOLO,EPOLO,Goalkeeper,Goalkeeper,Unknown,21,2005-01-15,183.0,75.0,COD,https://digitalhub.fifa.com/transform/5b3aa99c-c19f-4087-9230-fcc1023e6baa/EPOLO-Matthieu_514171,514171,20014,,,,,,,2025-11-10T00:00:00Z,1,514171
Congo DR,COD,COD,Group K,Chancel MBEMBA,MBEMBA,Defender,Defender,Unknown,22,1994-08-08,182.0,81.0,COD,https://digitalhub.fifa.com/transform/30bebca0-cc33-4a32-ad33-8a6141647128/MBEMBA-Chancel_356532,356532,20014,,,,,,,2012-06-05T00:00:00Z,1,356532
Congo DR,COD,COD,Group K,Simon BANZA,BANZA,Forward,Forward,Unknown,23,1996-08-13,189.0,77.0,COD,https://digitalhub.fifa.com/transform/bea02c15-ba1f-4592-a3dd-80b301e94226/BANZA-Simon_477835,477835,20014,,,,,,,2023-11-08T00:00:00Z,1,477835
Congo DR,COD,COD,Group K,Gedeon KALULU,KALULU,Defender,Defender,Unknown,24,1997-08-29,178.0,72.0,COD,https://digitalhub.fifa.com/transform/842e89cb-5c6f-4484-bbc2-b9e6d50c2de5/KALULU-Gedeon_477853,477853,20014,,,,,,,2023-11-08T00:00:00Z,1,477853
Congo DR,COD,COD,Group K,Edo Kayembe,E. KAYEMBE,Midfielder,Midfielder,Unknown,25,1998-06-03,183.0,77.0,COD,https://digitalhub.fifa.com/transform/45763ec1-2979-4fe6-97f9-5e3f90b9c1ee/KAYEMBE-Edo_433161,433161,20014,,,,,,,2021-09-07T00:00:00Z,1,433161
Congo DR,COD,COD,Group K,Arthur MASUAKU,MASUAKU,Defender,Defender,Unknown,26,1993-11-07,179.0,70.0,COD,https://digitalhub.fifa.com/transform/7c521f94-2538-45a0-a77e-4a529b9dfc8f/MASUAKU-Arthur_436572,436572,20014,,,,,,,2021-11-12T00:00:00Z,1,436572
Croatia,CRO,CRO,Group L,Dominik LIVAKOVIC,LIVAKOVIĆ,Goalkeeper,Goalkeeper,Unknown,1,1995-01-09,188.0,79.0,CRO,https://digitalhub.fifa.com/transform/6f54cf31-4fd8-4dff-aaa7-9db6bf2fa2ec/LIVAKOVIC-Dominik_369029,369029,43938,,,,,,,2017-01-01T00:00:00Z,1,369029
Croatia,CRO,CRO,Group L,Josip STANISIC,STANIŠIĆ,Defender,Defender,Unknown,2,2000-04-02,186.0,77.0,CRO,https://digitalhub.fifa.com/transform/c1f59cf4-db22-4b38-af85-ab5692105f95/STANISIC-Josip_433667,433667,43938,,,,,,,2021-10-09T00:00:00Z,1,433667
Croatia,CRO,CRO,Group L,Marin PONGRACIC,PONGRAČIĆ,Defender,Defender,Unknown,3,1997-09-11,193.0,95.0,CRO,https://digitalhub.fifa.com/transform/002f5150-852a-45f5-9a9b-46cd3dcaface/PONGRACIC-Marin_448174,448174,43938,,,,,,,2022-10-21T00:00:00Z,1,448174
Croatia,CRO,CRO,Group L,Josko GVARDIOL,GVARDIOL,Defender,Defender,Unknown,4,2002-01-23,185.0,84.0,CRO,https://digitalhub.fifa.com/transform/18cba70e-f4ed-4f57-8e6a-5d4bfd3df8b0/GVARDIOL-Josko_448180,448180,43938,,,,,,,2022-10-21T00:00:00Z,1,448180
Croatia,CRO,CRO,Group L,Duje CALETA-CAR,ĆALETA-CAR,Defender,Defender,Unknown,5,1996-09-17,193.0,89.0,CRO,https://digitalhub.fifa.com/transform/d8171170-8b91-49e5-b32a-7b3494bf5809/CALETA-CAR-Duje_372424,372424,43938,,,,,,,2016-09-04T00:00:00Z,1,372424
Croatia,CRO,CRO,Group L,Josip SUTALO,ŠUTALO,Defender,Defender,Unknown,6,2000-02-28,185.0,82.0,CRO,https://digitalhub.fifa.com/transform/5b23d028-3bf8-4355-8364-7838975c264f/SUTALO-Josip_448171,448171,43938,,,,,,,2022-10-21T00:00:00Z,1,448171
Croatia,CRO,CRO,Group L,Nikola Moro,MORO,Midfielder,Midfielder,Unknown,7,1998-03-12,183.0,77.0,CRO,https://digitalhub.fifa.com/transform/f0845e44-1c38-4bff-a4d4-3e238907d961/MORO-Nikola_389753,389753,43938,,,,,,,2023-04-09T00:00:00Z,1,389753
Croatia,CRO,CRO,Group L,Mateo KOVACIC,KOVAČIĆ,Midfielder,Midfielder,Unknown,8,1994-05-06,178.0,81.0,CRO,https://digitalhub.fifa.com/transform/5d230f74-1e00-4b42-a880-844fe2aee964/KOVACIC-Mateo_339987,339987,43938,,,,,,,2012-08-20T00:00:00Z,1,339987
Croatia,CRO,CRO,Group L,Andrej KRAMARIC,KRAMARIĆ,Forward,Forward,Unknown,9,1991-06-19,177.0,73.0,CRO,https://digitalhub.fifa.com/transform/a1ea2a12-4fba-4dbb-9a75-25c88685d90c/KRAMARIC-Andrej_336472,336472,43938,,,,,,,2016-09-04T00:00:00Z,1,336472
Croatia,CRO,CRO,Group L,Luka MODRIC,MODRIĆ,Midfielder,Midfielder,Unknown,10,1985-09-09,172.0,66.0,CRO,https://digitalhub.fifa.com/transform/cbff6a19-cce4-45ee-9869-84cf30ce5676/MODRIC-Luka_241559,241559,43938,,,,,,,2005-09-28T00:00:00Z,1,241559
Croatia,CRO,CRO,Group L,Ante BUDIMIR,BUDIMIR,Forward,Forward,Unknown,11,1991-07-22,190.0,75.0,CRO,https://digitalhub.fifa.com/transform/135f8f1c-6e03-43b8-a18a-8914b4a4bd7a/BUDIMIR-Ante_430070,430070,43938,,,,,,,2021-03-25T00:00:00Z,1,430070
Croatia,CRO,CRO,Group L,Ivor PANDUR,PANDUR,Goalkeeper,Goalkeeper,Unknown,12,2000-03-25,187.0,81.0,CRO,https://digitalhub.fifa.com/transform/5a32b76f-ee60-4eb1-a2e0-b12bc86e41e0/PANDUR-Ivor_514526,514526,43938,,,,,,,2025-11-14T00:00:00Z,1,514526
Croatia,CRO,CRO,Group L,Nikola VLASIC,VLAŠIĆ,Midfielder,Midfielder,Unknown,13,1997-10-04,179.0,79.0,CRO,https://digitalhub.fifa.com/transform/59a64db7-c267-432d-9172-cf012b37c0b5/VLASIC-Nikola_409191,409191,43938,,,,,,,2017-11-11T00:00:00Z,1,409191
Croatia,CRO,CRO,Group L,Ivan PERISIC,PERIŠIĆ,Forward,Forward,Unknown,14,1989-02-02,186.0,77.0,CRO,https://digitalhub.fifa.com/transform/ba7ea3ab-0ef6-4cdd-834c-79a94739fe26/PERISIC-Ivan_359381,359381,43938,,,,,,,2012-08-20T00:00:00Z,1,359381
Croatia,CRO,CRO,Group L,Mario PASALIC,PAŠALIĆ,Midfielder,Midfielder,Unknown,15,1995-02-09,188.0,78.0,CRO,https://digitalhub.fifa.com/transform/f3c0fd5e-6814-4acc-822a-2152e1cf79de/PASALIC-Mario_380005,380005,43938,,,,,,,2014-05-12T00:00:00Z,1,380005
Croatia,CRO,CRO,Group L,Martin BATURINA,BATURINA,Midfielder,Midfielder,Unknown,16,2003-02-16,172.0,68.0,CRO,https://digitalhub.fifa.com/transform/b9125a74-a920-4ffc-922b-68d57c524f4e/BATURINA-Martin_482774,482774,43938,,,,,,,2024-03-20T00:00:00Z,1,482774
Croatia,CRO,CRO,Group L,Petar SUCIC,P. SUČIĆ,Midfielder,Midfielder,Unknown,17,2003-10-25,183.0,68.0,CRO,https://digitalhub.fifa.com/transform/89c383c2-39ba-413d-b945-e42dd2d47c6d/SUCIC-Petar_485066,485066,43938,,,,,,,2024-05-20T00:00:00Z,1,485066
Croatia,CRO,CRO,Group L,Kristijan JAKIC,JAKIĆ,Defender,Defender,Unknown,18,1997-05-14,181.0,76.0,CRO,https://digitalhub.fifa.com/transform/8fdebc61-0e5a-4d33-bf9f-3dcb4b413f21/JAKIC-Kristijan_448164,448164,43938,,,,,,,2022-10-21T00:00:00Z,1,448164
Croatia,CRO,CRO,Group L,Toni FRUK,FRUK,Midfielder,Midfielder,Unknown,19,2001-03-09,177.0,74.0,CRO,https://digitalhub.fifa.com/transform/f71b54fc-4cf8-463c-b8cc-7837e3d9eca8/FRUK-Toni_390197,485065,43938,,,,,,,2024-05-20T00:00:00Z,1,485065
Croatia,CRO,CRO,Group L,Igor MATANOVIC,MATANOVIĆ,Forward,Forward,Unknown,20,2003-03-31,194.0,90.0,CRO,https://digitalhub.fifa.com/transform/72c82c16-da76-4f5a-a849-5b84343228eb/MATANOVIC-Igor_485068,485068,43938,,,,,,,2024-05-20T00:00:00Z,1,485068
Croatia,CRO,CRO,Group L,Luka SUCIC,SUČIĆ,Midfielder,Midfielder,Unknown,21,2002-09-08,185.0,78.0,CRO,https://digitalhub.fifa.com/transform/4f4c5521-6b60-46e0-b93b-4aaae66f28f7/SUCIC-Luka_448160,448160,43938,,,,,,,2022-10-21T00:00:00Z,1,448160
Croatia,CRO,CRO,Group L,Luka VUSKOVIC,VUŠKOVIĆ,Defender,Defender,Unknown,22,2007-02-24,193.0,86.0,CRO,https://digitalhub.fifa.com/transform/c905e324-dc60-4e79-a2a1-c06412f27aed/VUSKOVIC-Luka_499290,499290,43938,,,,,,,2025-06-07T00:00:00Z,1,499290
Croatia,CRO,CRO,Group L,Dominik KOTARSKI,KOTARSKI,Goalkeeper,Goalkeeper,Unknown,23,2000-02-10,190.0,80.0,CRO,https://digitalhub.fifa.com/transform/4fb248c2-8d15-4415-ab5f-19bf997447ae/KOTARSKI-Dominik_448179,448179,43938,,,,,,,2022-10-21T00:00:00Z,1,448179
Croatia,CRO,CRO,Group L,Marco PASALIC,M. PAŠALIĆ,Forward,Forward,Unknown,24,2000-09-14,177.0,74.0,CRO,https://digitalhub.fifa.com/transform/ea070001-3892-4086-89c9-fe982a729f5d/PASALIC-Marco_482931,482931,43938,,,,,,,2024-03-22T00:00:00Z,1,482931
Croatia,CRO,CRO,Group L,Martin ERLIC,ERLIĆ,Defender,Defender,Unknown,25,1998-01-24,192.0,78.0,CRO,https://digitalhub.fifa.com/transform/6353056f-aabd-49e1-9931-9b28010746a6/ERLIC-Martin_389740,389740,43938,,,,,,,2022-10-21T00:00:00Z,1,389740
Croatia,CRO,CRO,Group L,Petar Musa,MUSA,Forward,Forward,Unknown,26,1998-03-04,190.0,81.0,CRO,https://digitalhub.fifa.com/transform/5c33a6f7-32cc-4821-949d-42fa33de6f74/MUSA-Petar_389754,389754,43938,,,,,,,2024-04-03T00:00:00Z,1,389754
Curaçao,CUW,CUW,Group E,Eloy ROOM,ROOM,Goalkeeper,Goalkeeper,Unknown,1,1989-02-06,190.0,81.0,CUW,https://digitalhub.fifa.com/transform/5bd9ff87-6801-46d2-8f10-ca9eb3ea2ea4/ROOM-Eloy_390650,390650,1895293,,,,,,,2015-09-07T00:00:00Z,1,390650
Curaçao,CUW,CUW,Group E,Shurandy SAMBO,SAMBO,Defender,Defender,Unknown,2,2001-08-19,174.0,67.0,CUW,https://digitalhub.fifa.com/transform/4d41ae09-f81a-44fc-a53b-6e1b3e46521b/SAMBO-Shurandy_485379,485379,1895293,,,,,,,2024-05-23T00:00:00Z,1,485379
Curaçao,CUW,CUW,Group E,Jurien GAARI,GAARI,Defender,Defender,Unknown,3,1993-12-23,183.0,75.0,CUW,https://digitalhub.fifa.com/transform/4744d27b-6a5c-48be-a849-48facb6f6d6e/GAARI-Jurien_431698,431698,1895293,,,,,,,2021-06-13T00:00:00Z,1,431698
Curaçao,CUW,CUW,Group E,Roshon VAN EIJMA,VAN EIJMA,Defender,Defender,Unknown,4,1998-06-09,186.0,80.0,CUW,https://digitalhub.fifa.com/transform/f03c40c7-6eef-405c-a287-a1f7f1860a30/VAN-EIJMA-Roshon_466361,466361,1895293,,,,,,,2023-06-12T00:00:00Z,1,466361
Curaçao,CUW,CUW,Group E,Sherel FLORANUS,FLORANUS,Defender,Defender,Unknown,5,1998-08-23,181.0,74.0,CUW,https://digitalhub.fifa.com/transform/8baacb6b-39cd-4a37-8999-58dd5a1d9fec/FLORANUS-Sherel_466350,466350,1895293,,,,,,,2023-06-12T00:00:00Z,1,466350
Curaçao,CUW,CUW,Group E,Godfried ROEMERATOE,ROEMERATOE,Midfielder,Midfielder,Unknown,6,1999-08-19,178.0,74.0,CUW,https://digitalhub.fifa.com/transform/6ed36808-8d19-481f-acce-2a905fbc364c/ROEMERATOE-Godfried_466359,466359,1895293,,,,,,,2023-06-12T00:00:00Z,1,466359
Curaçao,CUW,CUW,Group E,Juninho BACUNA,J. BACUNA,Midfielder,Midfielder,Unknown,7,1997-08-07,178.0,74.0,CUW,https://digitalhub.fifa.com/transform/804768d8-badb-4492-9aef-1e523440aed4/BACUNA-Juninho_466317,466317,1895293,,,,,,,2023-06-12T00:00:00Z,1,466317
Curaçao,CUW,CUW,Group E,Livano COMENENCIA,COMENENCIA,Midfielder,Midfielder,Unknown,8,2004-02-03,185.0,77.0,CUW,https://digitalhub.fifa.com/transform/860cc6e0-a995-485f-ae21-56b451017adf/COMENENCIA-Livano_494989,494989,1895293,,,,,,,2025-05-28T00:00:00Z,1,494989
Curaçao,CUW,CUW,Group E,Juergen LOCADIA,LOCADIA,Forward,Forward,Unknown,9,1993-11-07,193.0,79.0,CUW,https://digitalhub.fifa.com/transform/95d67c13-c534-48f4-a2de-e831079a0d42/LOCADIA-Juergen_407680,407680,1895293,,,,,,,2023-06-12T00:00:00Z,1,407680
Curaçao,CUW,CUW,Group E,Leandro BACUNA,L. BACUNA,Midfielder,Midfielder,Unknown,10,1991-08-21,180.0,77.0,CUW,https://digitalhub.fifa.com/transform/ae48f357-6b53-4d49-b62f-fbfb4a041b62/BACUNA-Leandro_466340,466340,1895293,,,,,,,2023-06-12T00:00:00Z,1,466340
Curaçao,CUW,CUW,Group E,Jeremy Antonisse,ANTONISSE,Forward,Forward,Unknown,11,2002-03-29,164.0,70.0,CUW,https://digitalhub.fifa.com/transform/cd0b7ee9-50b8-4043-a957-44df5860e935/ANTONISSE-Jeremy_424047,424047,1895293,,,,,,,2023-06-12T00:00:00Z,1,424047
Curaçao,CUW,CUW,Group E,Sontje HANSEN,HANSEN,Forward,Forward,Unknown,12,2002-05-18,176.0,68.0,CUW,https://digitalhub.fifa.com/transform/35e4773d-8580-4100-a87a-239c2e03e179/HANSEN-Sontje_424056,424056,1895293,,,,,,,2025-10-10T00:00:00Z,1,424056
Curaçao,CUW,CUW,Group E,Tyrese NOSLIN,NOSLIN,Forward,Forward,Unknown,13,2002-09-11,182.0,76.0,CUW,https://digitalhub.fifa.com/transform/5a1d79e4-2beb-4cc4-aa5d-adea0d32896c/NOSLIN-Tyrese_506473,506473,1895293,,,,,,,2025-09-03T00:00:00Z,1,506473
Curaçao,CUW,CUW,Group E,Kenji GORRE,GORRÉ,Forward,Forward,Unknown,14,1994-09-29,174.0,71.0,CUW,https://digitalhub.fifa.com/transform/115a2099-2406-4ca6-8905-91cc71efc98d/GORRE-Kenji_466352,466352,1895293,,,,,,,2023-06-12T00:00:00Z,1,466352
Curaçao,CUW,CUW,Group E,Arjany MARTHA,MARTHA,Midfielder,Midfielder,Unknown,15,2003-09-04,180.0,67.0,CUW,https://digitalhub.fifa.com/transform/d909c1d1-c54d-4dfa-a951-979ae80e7b8a/MARTHA-Arjany_485324,485324,1895293,,,,,,,2024-05-23T00:00:00Z,1,485324
Curaçao,CUW,CUW,Group E,Jearl MARGARITHA,MARGARITHA,Forward,Forward,Unknown,16,2000-04-10,181.0,73.0,CUW,https://digitalhub.fifa.com/transform/c0d47ad2-fcb1-4d7f-b854-99b99cc0cadf/MARGARITHA-Jearl_466363,466363,1895293,,,,,,,2023-06-12T00:00:00Z,1,466363
Curaçao,CUW,CUW,Group E,Brandley KUWAS,KUWAS,Forward,Forward,Unknown,17,1992-09-19,181.0,70.0,CUW,https://digitalhub.fifa.com/transform/e68cdb21-7918-4de8-8a37-8d3f1127184b/KUWAS-Brandley_466346,466346,1895293,,,,,,,2023-06-12T00:00:00Z,1,466346
Curaçao,CUW,CUW,Group E,Armando OBISPO,OBISPO,Defender,Defender,Unknown,18,1999-03-05,185.0,79.0,CUW,https://digitalhub.fifa.com/transform/c2384459-9ca9-4dce-b232-5bbfbcd07316/OBISPO-Armando_511141,511141,1895293,,,,,,,2025-10-10T00:00:00Z,1,511141
Curaçao,CUW,CUW,Group E,Gervane KASTANEER,KASTANEER,Forward,Forward,Unknown,19,1996-06-09,189.0,80.0,CUW,https://digitalhub.fifa.com/transform/18bea3a9-68ef-4e35-ae04-2d494b39971e/KASTANEER-Gervane_466372,466372,1895293,,,,,,,2023-06-12T00:00:00Z,1,466372
Curaçao,CUW,CUW,Group E,Joshua BRENET,BRENET,Defender,Defender,Unknown,20,1994-03-20,181.0,74.0,CUW,https://digitalhub.fifa.com/transform/2069bb09-aaf0-41dc-81e4-a8f4df33b4e5/BRENET-Joshua_401023,401023,1895293,,,,,,,2024-06-05T00:00:00Z,1,401023
Curaçao,CUW,CUW,Group E,Tahith CHONG,CHONG,Midfielder,Midfielder,Unknown,21,1999-12-04,185.0,76.0,CUW,https://digitalhub.fifa.com/transform/402300d2-89f5-4c17-97be-494664b73565/CHONG-Tahith_485347,485347,1895293,,,,,,,2024-05-23T00:00:00Z,1,485347
Curaçao,CUW,CUW,Group E,Kevin FELIDA,FELIDA,Midfielder,Midfielder,Unknown,22,1999-11-11,174.0,69.0,CUW,https://digitalhub.fifa.com/transform/f9ebf1d2-90fe-4748-8788-19259714fc40/FELIDA-Kevin_466365,466365,1895293,,,,,,,2023-06-12T00:00:00Z,1,466365
Curaçao,CUW,CUW,Group E,Riechedly Bazoer,BAZOER,Defender,Defender,Unknown,23,1996-10-12,184.0,74.0,CUW,https://digitalhub.fifa.com/transform/93fcbe0f-13ca-41f6-b453-447b45aea6ef/BAZOER-Riechedly_398569,398569,1895293,,,,,,,2024-05-15T00:00:00Z,1,398569
Curaçao,CUW,CUW,Group E,Deveron FONVILLE,FONVILLE,Defender,Defender,Unknown,24,2003-05-16,188.0,82.0,CUW,https://digitalhub.fifa.com/transform/29abb3b9-0b95-4101-ae19-0aa95d77e362/FONVILLE-Deveron_506471,506471,1895293,,,,,,,2025-09-03T00:00:00Z,1,506471
Curaçao,CUW,CUW,Group E,Tyrick BODAK,BODAK,Goalkeeper,Goalkeeper,Unknown,25,2002-05-15,190.0,75.0,CUW,https://digitalhub.fifa.com/transform/c806d05b-ee7a-482f-beb5-b9a6b5871a11/BODAK-Tyrick_466370,466370,1895293,,,,,,,2023-06-12T00:00:00Z,1,466370
Curaçao,CUW,CUW,Group E,Trevor DOORNBUSCH,DOORNBUSCH,Goalkeeper,Goalkeeper,Unknown,26,1999-07-06,188.0,80.0,CUW,https://digitalhub.fifa.com/transform/f6d2d4d6-a63d-4278-a520-5edb0dc24e69/DOORNBUSCH-Trevor_466382,466382,1895293,,,,,,,2023-06-12T00:00:00Z,1,466382
Czechia,CZE,CZE,Group A,Matej KOVAR,KOVÁŘ,Goalkeeper,Goalkeeper,Unknown,1,2000-05-17,196.0,83.0,CZE,https://digitalhub.fifa.com/transform/06f2bdbf-6411-4f1c-885b-3c745e37363e/KOVAR-Matej_484012,484012,43995,,,,,,,2024-04-29T00:00:00Z,1,484012
Czechia,CZE,CZE,Group A,David Zima,ZIMA,Defender,Defender,Unknown,2,2000-11-08,190.0,80.0,CZE,https://digitalhub.fifa.com/transform/945f505c-6f7b-4a43-acc1-5e3fa1bb52b3/ZIMA-David_433755,433755,43995,,,,,,,2021-10-12T00:00:00Z,1,433755
Czechia,CZE,CZE,Group A,Tomas HOLES,HOLEŠ,Defender,Defender,Unknown,3,1993-03-31,180.0,73.0,CZE,https://digitalhub.fifa.com/transform/25d4147e-8cc2-4262-bba5-3e47680a3f23/HOLES-Tomas_441167,441167,43995,,,,,,,2022-03-24T00:00:00Z,1,441167
Czechia,CZE,CZE,Group A,Robin HRANAC,HRANÁČ,Defender,Defender,Unknown,4,2000-01-29,189.0,80.0,CZE,https://digitalhub.fifa.com/transform/9550c125-89e2-497f-a098-bcdceb0243e7/HRANAC-Robin_486080,486080,43995,,,,,,,2024-05-30T00:00:00Z,1,486080
Czechia,CZE,CZE,Group A,Vladimir COUFAL,COUFAL,Defender,Defender,Unknown,5,1992-08-22,175.0,76.0,CZE,https://digitalhub.fifa.com/transform/e013f16f-8ada-4532-b3c4-b674b0e08cc9/COUFAL-Vladimir_472908,472908,43995,,,,,,,2023-08-23T00:00:00Z,1,472908
Czechia,CZE,CZE,Group A,Stepan CHALOUPEK,CHALOUPEK,Defender,Defender,Unknown,6,2003-03-08,188.0,68.0,CZE,https://digitalhub.fifa.com/transform/35d513e7-429b-44eb-b1bd-671a6a22bc83/CHALOUPEK-Stepan_514334,514334,43995,,,,,,,2025-11-11T00:00:00Z,1,514334
Czechia,CZE,CZE,Group A,Ladislav KREJCI,KREJČÍ,Defender,Defender,Unknown,7,1999-04-20,191.0,86.0,CZE,https://digitalhub.fifa.com/transform/04ca9e4e-8ab3-458e-a689-2ac49094fb23/KREJCI-Ladislav_441170,441170,43995,,,,,,,2022-03-24T00:00:00Z,1,441170
Czechia,CZE,CZE,Group A,Vladimir DARIDA,DARIDA,Midfielder,Midfielder,Unknown,8,1990-08-08,172.0,67.0,CZE,https://digitalhub.fifa.com/transform/201b5e1b-25b8-4cd6-a8fa-2678977172fe/DARIDA-Vladimir_358003,358003,43995,,,,,,,2012-07-24T00:00:00Z,1,358003
Czechia,CZE,CZE,Group A,Adam HLOZEK,HLOŽEK,Forward,Forward,Unknown,9,2002-07-25,188.0,84.0,CZE,https://digitalhub.fifa.com/transform/530c1ea8-c013-4858-bb7d-0b71a763a1a1/HLOZEK-Adam_433754,433754,43995,,,,,,,2021-10-12T00:00:00Z,1,433754
Czechia,CZE,CZE,Group A,Patrik Schick,SCHICK,Forward,Forward,Unknown,10,1996-01-24,191.0,87.0,CZE,https://digitalhub.fifa.com/transform/725e8c7e-c712-45be-9e0a-ec5b121e84ad/SCHICK-Patrik_401481,401481,43995,,,,,,,2016-12-14T00:00:00Z,1,401481
Czechia,CZE,CZE,Group A,Jan KUCHTA,KUCHTA,Forward,Forward,Unknown,11,1997-01-08,185.0,86.0,CZE,https://digitalhub.fifa.com/transform/e5ab58c0-de70-4e60-afdd-0cacec12decb/KUCHTA-Jan_441171,441171,43995,,,,,,,2022-03-24T00:00:00Z,1,441171
Czechia,CZE,CZE,Group A,Lukas CERV,ČERV,Midfielder,Midfielder,Unknown,12,2001-04-10,182.0,72.0,CZE,https://digitalhub.fifa.com/transform/87ce4b61-fd6d-4ca3-901d-6dfe039dd809/CERV-Lukas_486081,486081,43995,,,,,,,2024-05-30T00:00:00Z,1,486081
Czechia,CZE,CZE,Group A,Mojmir CHYTIL,CHYTIL,Forward,Forward,Unknown,13,1999-04-29,187.0,83.0,CZE,https://digitalhub.fifa.com/transform/8b7fe7be-c13f-4245-9a48-470a88d95aa9/CHYTIL-Mojmir_484003,484003,43995,,,,,,,2024-04-29T00:00:00Z,1,484003
Czechia,CZE,CZE,Group A,David JURASEK,JURÁSEK,Defender,Defender,Unknown,14,2000-08-07,183.0,77.0,CZE,https://digitalhub.fifa.com/transform/4e32c53e-28e4-4757-ab4e-c7b18cee9bbf/JURASEK-David_483990,483990,43995,,,,,,,2024-04-29T00:00:00Z,1,483990
Czechia,CZE,CZE,Group A,Pavel SULC,ŠULC,Forward,Forward,Unknown,15,2000-12-29,177.0,75.0,CZE,https://digitalhub.fifa.com/transform/a45ca4c8-04d9-4321-a100-1e57b2d7bbda/SULC-Pavel_486082,486082,43995,,,,,,,2024-05-30T00:00:00Z,1,486082
Czechia,CZE,CZE,Group A,Jindrich STANEK,STANĚK,Goalkeeper,Goalkeeper,Unknown,16,1996-04-27,192.0,90.0,CZE,https://digitalhub.fifa.com/transform/9351d9a7-4be7-4c59-8e0e-3f5fbca8ac7d/STANEK-Jindrich_441162,441162,43995,,,,,,,2022-03-24T00:00:00Z,1,441162
Czechia,CZE,CZE,Group A,Lukas PROVOD,PROVOD,Midfielder,Midfielder,Unknown,17,1996-10-23,191.0,85.0,CZE,https://digitalhub.fifa.com/transform/e5e6a265-9886-4e25-97c0-c4f2f230277d/PROVOD-Lukas_484011,484011,43995,,,,,,,2024-04-29T00:00:00Z,1,484011
Czechia,CZE,CZE,Group A,Michal SADILEK,SADÍLEK,Midfielder,Midfielder,Unknown,18,1999-05-31,169.0,65.0,CZE,https://digitalhub.fifa.com/transform/00599f60-d24b-4377-b1c2-03bda4f835be/SADILEK-Michal_433668,433668,43995,,,,,,,2021-10-09T00:00:00Z,1,433668
Czechia,CZE,CZE,Group A,Tomas CHORY,CHORÝ,Forward,Forward,Unknown,19,1995-01-26,199.0,100.0,CZE,https://digitalhub.fifa.com/transform/566b2c11-0ed7-4ad0-8e39-2e8a6fb4ba94/CHORY-Tomas_483961,483961,43995,,,,,,,2024-04-29T00:00:00Z,1,483961
Czechia,CZE,CZE,Group A,Jaroslav ZELENY,ZELENÝ,Defender,Defender,Unknown,20,1992-08-20,190.0,81.0,CZE,https://digitalhub.fifa.com/transform/33dbf631-0d45-4f04-9feb-bf0c76ad9f8e/ZELENY-Jaroslav_441166,441166,43995,,,,,,,2022-03-24T00:00:00Z,1,441166
Czechia,CZE,CZE,Group A,David DOUDERA,DOUDĚRA,Defender,Defender,Unknown,21,1998-05-31,175.0,66.0,CZE,https://digitalhub.fifa.com/transform/04fa0573-e1fa-4158-a14d-7129641cc700/DOUDERA-David_483936,483936,43995,,,,,,,2024-04-29T00:00:00Z,1,483936
Czechia,CZE,CZE,Group A,Tomas SOUCEK,SOUČEK,Midfielder,Midfielder,Unknown,22,1995-02-27,192.0,82.0,CZE,https://digitalhub.fifa.com/transform/eb34bfe6-5b60-4771-a303-40f68231bbd2/SOUCEK-Tomas_404885,404885,43995,,,,,,,2017-06-12T00:00:00Z,1,404885
Czechia,CZE,CZE,Group A,Lukas HORNICEK,HORNÍČEK,Goalkeeper,Goalkeeper,Unknown,23,2002-07-13,198.0,90.0,CZE,https://digitalhub.fifa.com/transform/d76a995c-dcd7-4219-a555-3336ac87b052/HORNICEK-Lukas_511118,511118,43995,,,,,,,2025-10-09T00:00:00Z,1,511118
Czechia,CZE,CZE,Group A,Alexandr SOJKA,SOJKA,Midfielder,Midfielder,Unknown,24,2003-04-02,188.0,77.0,CZE,https://digitalhub.fifa.com/transform/f8e5df75-7de8-4950-bb53-b1d950621d33/SOJKA-Alexandr_523097,523097,43995,,,,,,,2026-05-13T00:00:00Z,1,523097
Czechia,CZE,CZE,Group A,Hugo SOCHUREK,SOCHŮREK,Midfielder,Midfielder,Unknown,25,2008-06-07,183.0,78.0,CZE,https://digitalhub.fifa.com/transform/72b960f8-5b10-4a9d-8726-6525e2ee6796/SOCHUREK-Hugo_506775,506775,43995,,,,,,,2026-05-13T00:00:00Z,1,506775
Czechia,CZE,CZE,Group A,Denis VISINSKY,VIŠINSKÝ,Forward,Forward,Unknown,26,2003-03-21,178.0,75.0,CZE,https://digitalhub.fifa.com/transform/60b4e376-f163-4918-8742-a2f6ada5fc84/VISINSKY-Denis_519985,519985,43995,,,,,,,2026-03-25T00:00:00Z,1,519985
Côte d'Ivoire,CIV,CIV,Group E,Yahia Fofana,Y. FOFANA,Goalkeeper,Goalkeeper,Unknown,1,2000-08-21,194.0,89.0,CIV,https://digitalhub.fifa.com/transform/c5bc8a38-479f-4c33-b8f6-9ab95bb45b57/FOFANA-Yahia_405873,405873,43854,,,,,,,2023-08-29T00:00:00Z,1,405873
Côte d'Ivoire,CIV,CIV,Group E,Ousmane DIOMANDE,O. DIOMANDE,Defender,Defender,Unknown,2,2003-12-04,190.0,94.0,CIV,https://digitalhub.fifa.com/transform/45b55597-6503-4470-a778-af125afb698a/DIOMANDE-Ousmane_477802,477802,43854,,,,,,,2023-11-08T00:00:00Z,1,477802
Côte d'Ivoire,CIV,CIV,Group E,Ghislain KONAN,G. KONAN,Defender,Defender,Unknown,3,1995-12-27,176.0,79.0,CIV,https://digitalhub.fifa.com/transform/8b0c92b7-4756-42a3-8cc8-b997693ff4aa/KONAN-Ghislain_407343,407343,43854,,,,,,,2017-10-07T00:00:00Z,1,407343
Côte d'Ivoire,CIV,CIV,Group E,Jean Michael SERI,SERI,Midfielder,Midfielder,Unknown,4,1991-07-19,168.0,72.0,CIV,https://digitalhub.fifa.com/transform/115c99fd-ddc4-4f97-bc20-2cb7dae80735/SERI-Jean-Michael_335807,335807,43854,,,,,,,2015-10-07T00:00:00Z,1,335807
Côte d'Ivoire,CIV,CIV,Group E,Wilfried SINGO,SINGO,Defender,Defender,Unknown,5,2000-12-25,182.0,80.0,CIV,https://digitalhub.fifa.com/transform/3b02f719-a68a-46ae-a249-e7b6538a5714/SINGO-Wilfried_430854,430854,43854,,,,,,,2023-10-20T00:00:00Z,1,430854
Côte d'Ivoire,CIV,CIV,Group E,Seko Fofana,FOFANA,Midfielder,Midfielder,Unknown,6,1995-05-07,185.0,83.0,CIV,https://digitalhub.fifa.com/transform/08197d78-88b8-458f-9ad9-de192f25313c/FOFANA-Seko_405175,405175,43854,,,,,,,2017-07-06T00:00:00Z,1,405175
Côte d'Ivoire,CIV,CIV,Group E,Odilon KOSSOUNOU,KOSSOUNOU,Defender,Defender,Unknown,7,2001-01-04,191.0,83.0,CIV,https://digitalhub.fifa.com/transform/c3d01f63-7112-4a0d-a50b-0d85927676e9/KOSSOUNOU-Odilon_477825,477825,43854,,,,,,,2023-11-08T00:00:00Z,1,477825
Côte d'Ivoire,CIV,CIV,Group E,Franck KESSIE,KESSIE,Midfielder,Midfielder,Unknown,8,1996-12-19,183.0,90.0,CIV,https://digitalhub.fifa.com/transform/2e649ed1-5e23-4de2-aafc-79fac130f5f0/KESSIE-Franck_371609,371609,43854,,,,,,,2015-10-07T00:00:00Z,1,371609
Côte d'Ivoire,CIV,CIV,Group E,Ange-Yoan BONNY,BONNY,Forward,Forward,Unknown,9,2003-10-25,189.0,83.0,CIV,https://digitalhub.fifa.com/transform/c2bd7f75-2634-437d-9b8e-45d23380a755/BONNY-Ange-Yoan_464103,464103,43854,,,,,,,2026-05-11T00:00:00Z,1,464103
Côte d'Ivoire,CIV,CIV,Group E,Simon ADINGRA,ADINGRA,Forward,Forward,Unknown,10,2002-01-01,175.0,68.0,CIV,https://digitalhub.fifa.com/transform/ba7341af-8a89-4260-9711-37bec1618ff2/ADINGRA-Simon_477778,477778,43854,,,,,,,2023-11-08T00:00:00Z,1,477778
Côte d'Ivoire,CIV,CIV,Group E,Yan DIOMANDE,YAN DIOMANDE,Forward,Forward,Unknown,11,2006-11-14,180.0,76.0,CIV,https://digitalhub.fifa.com/transform/4218dafb-b39b-4640-ac2f-e1d9f104aa6a/DIOMANDE-Yan_510922,510922,43854,,,,,,,2025-10-06T00:00:00Z,1,510922
Côte d'Ivoire,CIV,CIV,Group E,Elye WAHI,WAHI,Forward,Forward,Unknown,12,2003-01-02,181.0,74.0,CIV,https://digitalhub.fifa.com/transform/088ceea5-0bdc-4615-9fc2-a99fe888fe44/WAHI-Elye_464133,464133,43854,,,,,,,2026-03-27T00:00:00Z,1,464133
Côte d'Ivoire,CIV,CIV,Group E,Christopher OPERI,OPERI,Defender,Defender,Unknown,13,1997-04-29,183.0,80.0,CIV,https://digitalhub.fifa.com/transform/7ed2ec22-290b-40bb-a4a9-4c3374aa3e91/OPERI-Christopher_486260,486260,43854,,,,,,,2024-06-04T00:00:00Z,1,486260
Côte d'Ivoire,CIV,CIV,Group E,Oumar DIAKITE,DIAKITE,Forward,Forward,Unknown,14,2003-12-20,182.0,77.0,CIV,https://digitalhub.fifa.com/transform/1c9072f7-1c82-483b-9f41-a749332fff71/DIAKITE-Oumar_477777,477777,43854,,,,,,,2023-11-08T00:00:00Z,1,477777
Côte d'Ivoire,CIV,CIV,Group E,Amad DIALLO,AMAD,Forward,Forward,Unknown,15,2002-07-11,173.0,72.0,CIV,https://digitalhub.fifa.com/transform/92354f59-681a-4409-b1eb-0e0744a78da8/DIALLO-Amad_430822,430822,43854,,,,,,,2023-11-20T00:00:00Z,1,430822
Côte d'Ivoire,CIV,CIV,Group E,Mohamed KONE,KONE,Goalkeeper,Goalkeeper,Unknown,16,2002-03-07,186.0,78.0,CIV,https://digitalhub.fifa.com/transform/937ed103-c12b-4931-83f1-ee615a67858e/HASSAN-ALTAMBAKTI_403335,486259,43854,,,,,,,2024-06-04T00:00:00Z,1,486259
Côte d'Ivoire,CIV,CIV,Group E,Guela DOUE,G. DOUE,Defender,Defender,Unknown,17,2002-10-17,187.0,88.0,CIV,https://digitalhub.fifa.com/transform/9c597f58-ad63-4248-ac8b-b36e71f7b811/DOUE-Guela_486317,486317,43854,,,,,,,2024-06-04T00:00:00Z,1,486317
Côte d'Ivoire,CIV,CIV,Group E,Ibrahim SANGARE,SANGARE,Midfielder,Midfielder,Unknown,18,1997-12-02,191.0,77.0,CIV,https://digitalhub.fifa.com/transform/daeaedd3-2c74-4fef-a968-2247f5ac962e/SANGARE-Ibrahim_430831,430831,43854,,,,,,,2021-09-07T00:00:00Z,1,430831
Côte d'Ivoire,CIV,CIV,Group E,Nicolas PEPE,PEPE,Forward,Forward,Unknown,19,1995-05-29,183.0,75.0,CIV,https://digitalhub.fifa.com/transform/1c7519d2-960c-4d19-83e7-40a155f1a8eb/PEPE-Nicolas_402261,402261,43854,,,,,,,2017-03-08T00:00:00Z,1,402261
Côte d'Ivoire,CIV,CIV,Group E,Emmanuel AGBADOU,AGBADOU,Defender,Defender,Unknown,20,1997-06-17,185.0,95.0,CIV,https://digitalhub.fifa.com/transform/d092f8c9-f80e-40e0-ad73-bfa861784408/AGBADOU-Emmanuel_486268,486268,43854,,,,,,,2024-06-04T00:00:00Z,1,486268
Côte d'Ivoire,CIV,CIV,Group E,Evan NDICKA,NDICKA,Defender,Defender,Unknown,21,1999-08-20,192.0,85.0,CIV,https://digitalhub.fifa.com/transform/e308dd93-4706-4ed9-80a2-1db8e4a52d6c/PAUGAIN-Wilguens_419172,419172,43854,,,,,,,2023-06-27T00:00:00Z,1,419172
Côte d'Ivoire,CIV,CIV,Group E,Evann GUESSAND,GUESSAND,Forward,Forward,Unknown,22,2001-07-01,188.0,82.0,CIV,https://digitalhub.fifa.com/transform/a5543d71-798f-42a0-aef9-201b86bc75c1/GUESSAND-Evann_485675,485675,43854,,,,,,,2024-05-27T00:00:00Z,1,485675
Côte d'Ivoire,CIV,CIV,Group E,Alban Lafont,LAFONT,Goalkeeper,Goalkeeper,Unknown,23,1999-01-23,196.0,85.0,CIV,https://digitalhub.fifa.com/transform/4387ca2a-2c1e-4bee-baad-95e9485a4ba0/LAFONT-Alban_403090,403090,43854,,,,,,,2025-09-01T00:00:00Z,1,403090
Côte d'Ivoire,CIV,CIV,Group E,Bazoumana TOURE,TOURE,Forward,Forward,Unknown,24,2006-03-02,178.0,70.0,CIV,https://digitalhub.fifa.com/transform/fa213cf7-928a-49ab-acc9-b6f5059b188c/TOURE-Bazoumana_506202,506202,43854,,,,,,,2025-09-02T00:00:00Z,1,506202
Côte d'Ivoire,CIV,CIV,Group E,Parfait GUIAGON,GUIAGON,Midfielder,Midfielder,Unknown,25,2001-02-22,165.0,70.0,CIV,https://digitalhub.fifa.com/transform/675938a7-c82b-4d9f-8cf8-6e7a42146489/GUIAGON-Parfait_430834,430834,43854,,,,,,,2025-09-01T00:00:00Z,1,430834
Côte d'Ivoire,CIV,CIV,Group E,Christ Inao OULAI,INAO,Midfielder,Midfielder,Unknown,26,2006-04-06,173.0,70.0,CIV,https://digitalhub.fifa.com/transform/a1bae10b-b280-4234-81c1-063fa931cd02/OULAI-Christ-Inao_514208,514208,43854,,,,,,,2025-11-16T00:00:00Z,1,514208
Ecuador,ECU,ECU,Group E,Hernan GALINDEZ,GALINDEZ,Goalkeeper,Goalkeeper,Unknown,1,1987-03-30,189.0,94.0,ECU,https://digitalhub.fifa.com/transform/679fc90e-2f98-4494-a4dd-f26442fae6d3/GALINDEZ-Hernan_441236,441236,43927,,,,,,,2022-03-25T00:00:00Z,1,441236
Ecuador,ECU,ECU,Group E,Felix TORRES,TORRES,Defender,Defender,Unknown,2,1997-01-11,187.0,77.0,ECU,https://digitalhub.fifa.com/transform/755ac13c-2122-42ff-b40a-4582be61e59e/TORRES-Felix_402979,402979,43927,,,,,,,2021-10-11T00:00:00Z,1,402979
Ecuador,ECU,ECU,Group E,Piero HINCAPIE,HINCAPIE,Defender,Defender,Unknown,3,2002-01-09,183.0,78.0,ECU,https://digitalhub.fifa.com/transform/b8f68e80-3057-4fbf-be1e-8cf885a713e1/HINCAPIE-Piero_424031,424031,43927,,,,,,,2022-03-25T00:00:00Z,1,424031
Ecuador,ECU,ECU,Group E,Joel ORDONEZ,ORDÓÑEZ,Defender,Defender,Unknown,4,2004-04-21,188.0,78.0,ECU,https://digitalhub.fifa.com/transform/54a42d16-279a-4566-8c46-ac75d8ea095a/ORDONEZ-Joel_463465,463465,43927,,,,,,,2023-08-29T00:00:00Z,1,463465
Ecuador,ECU,ECU,Group E,Jordy ALCIVAR,ALCIVAR,Midfielder,Midfielder,Unknown,5,1999-08-05,168.0,59.0,ECU,https://digitalhub.fifa.com/transform/7f7492dc-4cdc-41c2-8acc-91ccad4d9664/ALCIVAR-Jordy_419005,419005,43927,,,,,,,2023-08-29T00:00:00Z,1,419005
Ecuador,ECU,ECU,Group E,Willian PACHO,PACHO,Defender,Defender,Unknown,6,2001-10-16,188.0,87.0,ECU,https://digitalhub.fifa.com/transform/cda5e4c5-69a6-46ee-b6d1-230be57c4847/PACHO-Willian_448290,448290,43927,,,,,,,2022-10-21T00:00:00Z,1,448290
Ecuador,ECU,ECU,Group E,Pervis ESTUPINAN,ESTUPIÑÁN,Defender,Defender,Unknown,7,1998-01-21,175.0,77.0,ECU,https://digitalhub.fifa.com/transform/85df33e2-083f-4cef-9fa2-3a8fc7d29466/ESTUPINAN-Pervis_389782,389782,43927,,,,,,,2021-09-03T00:00:00Z,1,389782
Ecuador,ECU,ECU,Group E,Anthony VALENCIA,A. VALENCIA,Midfielder,Midfielder,Unknown,8,2003-07-21,173.0,66.0,ECU,https://digitalhub.fifa.com/transform/b21d23fa-c045-4f5d-9721-59740e4006b2/VALENCIA-Anthony_448299,448299,43927,,,,,,,2022-10-21T00:00:00Z,1,448299
Ecuador,ECU,ECU,Group E,John YEBOAH,YEBOAH ZAMORA,Forward,Forward,Unknown,9,2000-06-23,170.0,72.0,ECU,https://digitalhub.fifa.com/transform/1fc64d7c-4383-4c61-bd76-f22f22b91a8f/YEBOAH-John_405920,405920,43927,,,,,,,2023-10-10T00:00:00Z,1,405920
Ecuador,ECU,ECU,Group E,Kendry PAEZ,KENDRY,Midfielder,Midfielder,Unknown,10,2007-05-04,178.0,70.0,ECU,https://digitalhub.fifa.com/transform/ee18ba2f-5e31-4e33-8739-f0d59033c409/PAEZ-Kendry_463495,463495,43927,,,,,,,2023-08-29T00:00:00Z,1,463495
Ecuador,ECU,ECU,Group E,Kevin RODRIGUEZ,RODRIGUEZ,Forward,Forward,Unknown,11,2000-03-04,190.0,82.0,ECU,https://digitalhub.fifa.com/transform/c35d8b13-4ad6-45d8-853e-8d7f6bd98214/RODRIGUEZ-Kevin_448310,448310,43927,,,,,,,2022-10-21T00:00:00Z,1,448310
Ecuador,ECU,ECU,Group E,Moises RAMIREZ,RAMÍREZ,Goalkeeper,Goalkeeper,Unknown,12,2000-09-09,185.0,80.0,ECU,https://digitalhub.fifa.com/transform/3a641146-b759-48d0-983f-b85bb1232cc4/RAMIREZ-Moises_419002,419002,43927,,,,,,,2022-03-30T00:00:00Z,1,419002
Ecuador,ECU,ECU,Group E,Enner VALENCIA,E. VALENCIA,Forward,Forward,Unknown,13,1989-11-04,177.0,75.0,ECU,https://digitalhub.fifa.com/transform/4688cb2a-6446-4439-ba5f-e4db7b5a18c5/VALENCIA-Enner_373400,373400,43927,,,,,,,2013-09-13T00:00:00Z,1,373400
Ecuador,ECU,ECU,Group E,Alan MINDA,MINDA,Midfielder,Midfielder,Unknown,14,2003-05-14,174.0,61.0,ECU,https://digitalhub.fifa.com/transform/b43c46a0-9e62-4202-b9e4-c625b36afc16/MINDA-Alan_463468,463468,43927,,,,,,,2024-05-31T00:00:00Z,1,463468
Ecuador,ECU,ECU,Group E,Pedro VITE,VITE,Midfielder,Midfielder,Unknown,15,2002-03-09,172.0,69.0,ECU,https://digitalhub.fifa.com/transform/0eceba19-8ceb-4cbc-ba7c-81b158e277bd/VITE-Pedro_424036,424036,43927,,,,,,,2023-08-29T00:00:00Z,1,424036
Ecuador,ECU,ECU,Group E,Jordy CAICEDO,J. CAICEDO,Forward,Forward,Unknown,16,1997-11-18,186.0,87.0,ECU,https://digitalhub.fifa.com/transform/d4d93e2b-74aa-4bbf-89b2-22ebff655348/CAICEDO-Jordy_402985,402985,43927,,,,,,,2022-03-25T00:00:00Z,1,402985
Ecuador,ECU,ECU,Group E,Angelo PRECIADO,PRECIADO,Defender,Defender,Unknown,17,1998-02-18,174.0,74.0,ECU,https://digitalhub.fifa.com/transform/2e9be79f-76b7-4f12-8ba0-c4c21ec8b39d/PRECIADO-Angelo_402974,402974,43927,,,,,,,2021-06-05T00:00:00Z,1,402974
Ecuador,ECU,ECU,Group E,Denil CASTILLO,CASTILLO,Midfielder,Midfielder,Unknown,18,2004-03-24,189.0,76.0,ECU,https://digitalhub.fifa.com/transform/60f9a338-e7cb-45a0-a0ae-926740080bec/CASTILLO-Denil_463476,463476,43927,,,,,,,2024-10-10T00:00:00Z,1,463476
Ecuador,ECU,ECU,Group E,Gonzalo PLATA,PLATA,Forward,Forward,Unknown,19,2000-11-01,178.0,75.0,ECU,https://digitalhub.fifa.com/transform/743cc231-ab9e-45b7-8d59-ce8655280ae1/PLATA-Gonzalo_419020,419020,43927,,,,,,,2020-11-18T00:00:00Z,1,419020
Ecuador,ECU,ECU,Group E,Nilson ANGULO,ANGULO,Forward,Forward,Unknown,20,2003-06-19,184.0,70.0,ECU,https://digitalhub.fifa.com/transform/b90df9f2-8054-4d40-b375-f7728a31a069/ANGULO-Nilson_448312,448312,43927,,,,,,,2022-10-21T00:00:00Z,1,448312
Ecuador,ECU,ECU,Group E,Alan FRANCO,FRANCO,Midfielder,Midfielder,Unknown,21,1998-08-21,175.0,77.0,ECU,https://digitalhub.fifa.com/transform/59ffe3d1-0963-44f5-861e-9eb6590d8fce/FRANCO-Alan_389784,389784,43927,,,,,,,2021-11-17T00:00:00Z,1,389784
Ecuador,ECU,ECU,Group E,Gonzalo VALLE,VALLE,Goalkeeper,Goalkeeper,Unknown,22,1996-02-28,186.0,83.0,ECU,https://digitalhub.fifa.com/transform/d67ebe06-be17-4735-a8a7-9659eb37cf37/VALLE-Gonzalo_448295,448295,43927,,,,,,,2022-10-21T00:00:00Z,1,448295
Ecuador,ECU,ECU,Group E,Moises CAICEDO,M. CAICEDO,Midfielder,Midfielder,Unknown,23,2001-11-02,178.0,80.0,ECU,https://digitalhub.fifa.com/transform/ae32bbc5-09f0-4743-ae0a-5b80461bdc79/CAICEDO-Moises_428885,428885,43927,,,,,,,2020-11-13T00:00:00Z,1,428885
Ecuador,ECU,ECU,Group E,Jeremy AREVALO,AREVALO,Forward,Forward,Unknown,24,2005-03-19,182.0,90.0,ECU,https://digitalhub.fifa.com/transform/9c839f83-e77a-4938-a764-95685591b367/AREVALO-Jeremy_514326,514326,43927,,,,,,,2025-11-14T00:00:00Z,1,514326
Ecuador,ECU,ECU,Group E,Jackson POROZO,POROZO,Defender,Defender,Unknown,25,2000-08-04,192.0,89.0,ECU,https://digitalhub.fifa.com/transform/17ccf39c-5480-439a-be5f-90045606ca37/POROZO-Jackson_419003,419003,43927,,,,,,,2022-10-21T00:00:00Z,1,419003
Ecuador,ECU,ECU,Group E,Yaimar MEDINA,MEDINA,Defender,Defender,Unknown,26,2004-11-05,173.0,60.0,ECU,https://digitalhub.fifa.com/transform/84400276-88b5-4054-b0fb-f8206f384291/MEDINA-Yaimar_463489,463489,43927,,,,,,,2024-09-04T00:00:00Z,1,463489
Egypt,EGY,EGY,Group G,MOHAMED ELSHENAWY,M. ELSHENAWY,Goalkeeper,Goalkeeper,Unknown,1,1988-12-18,191.0,90.0,EGY,https://digitalhub.fifa.com/transform/5bfa85ca-3349-4143-9afa-1b5a43ac8c54/MOHAMED-ELSHENAWY_408948,408948,43855,,,,,,,2018-05-17T00:00:00Z,1,408948
Egypt,EGY,EGY,Group G,YASSER IBRAHIM,YASSER,Defender,Defender,Unknown,2,1993-02-10,185.0,82.0,EGY,https://digitalhub.fifa.com/transform/028afc10-053b-443f-819c-d95ae0d46a55/YASSER-IBRAHIM_369267,369267,43855,,,,,,,2021-10-02T00:00:00Z,1,369267
Egypt,EGY,EGY,Group G,MOHAMED HANY,M. HANY,Defender,Defender,Unknown,3,1996-02-02,175.0,70.0,EGY,https://digitalhub.fifa.com/transform/04f8ef57-e16f-49de-b7d4-ad430c4c430c/MOHAMED-HANY_408950,408950,43855,,,,,,,2021-10-02T00:00:00Z,1,408950
Egypt,EGY,EGY,Group G,HOSSAM ABDELMAGUID,HOSSAM,Defender,Defender,Unknown,4,2001-04-30,193.0,85.0,EGY,https://digitalhub.fifa.com/transform/406ef52d-c003-4108-b9c2-126b4ad8354b/HOSSAM-ABDELMAGUID_483182,483182,43855,,,,,,,2025-03-17T00:00:00Z,1,483182
Egypt,EGY,EGY,Group G,RAMY RABIA,R. RABIA,Defender,Defender,Unknown,5,1993-05-20,183.0,77.0,EGY,https://digitalhub.fifa.com/transform/403c9e6d-efe6-4917-86ea-c7eddc442208/RABIA-Ramy_344661,344661,43855,,,,,,,2013-01-01T00:00:00Z,1,344661
Egypt,EGY,EGY,Group G,MOHAMED ABDELMONEIM,M. ABDELMONIEM,Defender,Defender,Unknown,6,1999-02-01,184.0,75.0,EGY,https://digitalhub.fifa.com/transform/5e36f80b-9432-444f-ac25-10cf792c341f/MOHAMED-ABDELMONEIM_416902,416902,43855,,,,,,,2021-11-12T00:00:00Z,1,416902
Egypt,EGY,EGY,Group G,TREZEGUET,M. TREZEGUET,Forward,Forward,Unknown,7,1994-10-01,181.0,77.0,EGY,https://digitalhub.fifa.com/transform/fd2622c8-9bd4-40f0-bb16-6b3311bb1811/TREZEGUET_363863,363863,43855,,,,,,,2015-10-07T00:00:00Z,1,363863
Egypt,EGY,EGY,Group G,EMAM ASHOUR,E. ASHOUR,Midfielder,Midfielder,Unknown,8,1998-02-20,180.0,77.0,EGY,https://digitalhub.fifa.com/transform/6d203b10-285b-4800-b448-e34d2b3a3e09/EMAM-ASHOUR_430482,430482,43855,,,,,,,2021-10-27T00:00:00Z,1,430482
Egypt,EGY,EGY,Group G,HAMZA ABDELKARIM,ABDELKARIM,Forward,Forward,Unknown,9,2008-01-01,182.0,76.0,EGY,https://digitalhub.fifa.com/transform/e8c1e0e0-66da-4bfb-ace2-e040710da50c/HAMZA-ABDELKARIM_495488,495488,43855,,,,,,,2026-05-13T00:00:00Z,1,495488
Egypt,EGY,EGY,Group G,MOHAMED SALAH,M. SALAH,Forward,Forward,Unknown,10,1992-06-15,175.0,79.0,EGY,https://digitalhub.fifa.com/transform/8d5236b8-acac-4946-af8e-5b007bcfa284/MOHAMED-SALAH_344654,344654,43855,,,,,,,2012-05-29T00:00:00Z,1,344654
Egypt,EGY,EGY,Group G,MOSTAFA ZICO,ZICO,Midfielder,Midfielder,Unknown,11,1997-04-27,179.0,73.0,EGY,https://digitalhub.fifa.com/transform/f417b544-6a3c-46a9-af78-d43d6cedcad1/MOSTAFA-ZICO_483161,483161,43855,,,,,,,2025-10-16T00:00:00Z,1,483161
Egypt,EGY,EGY,Group G,Haissem HASSAN,H. HASSAN,Forward,Forward,Unknown,12,2002-02-08,175.0,80.0,EGY,https://digitalhub.fifa.com/transform/88bef92d-4236-4445-9d6f-c2674e218a60/HAISSEM-HASSAN_424106,424106,43855,,,,,,,2026-03-26T00:00:00Z,1,424106
Egypt,EGY,EGY,Group G,AHMED FATOUH,A. FATOUH,Defender,Defender,Unknown,13,1998-03-22,177.0,70.0,EGY,https://digitalhub.fifa.com/transform/c22759e9-6346-4cb7-8611-74074421be7f/AHMED-FATOUH_430477,430477,43855,,,,,,,2021-10-02T00:00:00Z,1,430477
Egypt,EGY,EGY,Group G,HAMDY FATHY,H. FATHY,Midfielder,Midfielder,Unknown,14,1994-09-29,183.0,80.0,EGY,https://digitalhub.fifa.com/transform/2de277f5-cea7-47f9-9635-f9fb3a205c2a/HAMDY-FATHY_429095,429095,43855,,,,,,,2021-10-02T00:00:00Z,1,429095
Egypt,EGY,EGY,Group G,KARIM HAFEZ,K. HAFEZ,Defender,Defender,Unknown,15,1996-03-12,174.0,74.0,EGY,https://digitalhub.fifa.com/transform/2cd7ce59-aa56-4018-8d9c-5628a27e13c4/KARIM-HAFEZ_407022,407022,43855,,,,,,,2017-09-28T00:00:00Z,1,407022
Egypt,EGY,EGY,Group G,MAHDY SOLIMAN,M. SOLIMAN,Goalkeeper,Goalkeeper,Unknown,16,1987-06-08,189.0,90.0,EGY,https://digitalhub.fifa.com/transform/90b92e39-b717-40c5-a2ab-05616ca017c8/MAHDY-SOLIMAN_395860,395860,43855,,,,,,,2016-07-04T00:00:00Z,1,395860
Egypt,EGY,EGY,Group G,MOHANAD LASHIN,M. LASHIN,Midfielder,Midfielder,Unknown,17,1996-05-29,186.0,85.0,EGY,https://digitalhub.fifa.com/transform/55be7619-52f3-481a-8542-9832ba7c8e7d/MOHANAD-LASHIN_433469,433469,43855,,,,,,,2021-10-02T00:00:00Z,1,433469
Egypt,EGY,EGY,Group G,NABIL DONGA,DONGA,Midfielder,Midfielder,Unknown,18,1996-04-06,179.0,74.0,EGY,https://digitalhub.fifa.com/transform/01dc0ada-6dcb-4f73-b81e-4103640705a8/NABIL-DONGA_433466,433466,43855,,,,,,,2021-10-02T00:00:00Z,1,433466
Egypt,EGY,EGY,Group G,MARAWAN ATTIA,M. ATTIA,Midfielder,Midfielder,Unknown,19,1998-08-01,176.0,80.0,EGY,https://digitalhub.fifa.com/transform/cf051f82-c8a8-4328-9439-2ab64f616b83/MARAWAN-ATTIA_461788,461788,43855,,,,,,,2023-10-20T00:00:00Z,1,461788
Egypt,EGY,EGY,Group G,IBRAHIM ADEL,I. ADEL,Forward,Forward,Unknown,20,2001-04-23,178.0,70.0,EGY,https://digitalhub.fifa.com/transform/7486073a-56eb-4963-9bca-1036e8b187f0/IBRAHIM-ADEL_430465,430465,43855,,,,,,,2021-10-02T00:00:00Z,1,430465
Egypt,EGY,EGY,Group G,MAHMOUD SABER,M. SABER,Midfielder,Midfielder,Unknown,21,2001-07-30,170.0,75.0,EGY,https://digitalhub.fifa.com/transform/f1c9f887-0fab-447c-9c91-33aba2c2dbe1/MAHMOUD-SABER_483183,483183,43855,,,,,,,2025-03-17T00:00:00Z,1,483183
Egypt,EGY,EGY,Group G,OMAR MARMOUSH,MARMOUSH,Forward,Forward,Unknown,22,1999-02-07,180.0,80.0,EGY,https://digitalhub.fifa.com/transform/a3f5a36a-57b4-407b-a07e-7b5f6d19af5b/OMAR-MARMOUSH_430476,430476,43855,,,,,,,2022-03-25T00:00:00Z,1,430476
Egypt,EGY,EGY,Group G,MOSTAFA SHOUBIR,SHOUBIR,Goalkeeper,Goalkeeper,Unknown,23,2000-05-15,195.0,92.0,EGY,https://digitalhub.fifa.com/transform/0fa52c2d-3a6c-49cf-ac83-ddc4a08d57e3/MOSTAFA-SHOUBIR_416906,416906,43855,,,,,,,2024-06-06T00:00:00Z,1,416906
Egypt,EGY,EGY,Group G,TAREK ALAA,T. ALAA,Defender,Defender,Unknown,24,2002-01-05,178.0,65.0,EGY,https://digitalhub.fifa.com/transform/9bbd4a65-1d5e-4383-b5d5-cf60bbdcec1d/TAREK-ALAA_506124,506124,43855,,,,,,,2026-03-26T00:00:00Z,1,506124
Egypt,EGY,EGY,Group G,ZIZO,ZIZO,Forward,Forward,Unknown,25,1996-01-10,175.0,76.0,EGY,https://digitalhub.fifa.com/transform/93b944be-7bd7-4c1d-807e-7b8e2cbc2a12/ZIZO_433461,433461,43855,,,,,,,2021-10-02T00:00:00Z,1,433461
Egypt,EGY,EGY,Group G,MOHAMED ALAA,M. ALAA,Goalkeeper,Goalkeeper,Unknown,26,1999-01-01,188.0,76.0,EGY,https://digitalhub.fifa.com/transform/6a209a18-784b-401d-af68-4c768a814a36/MOHAMED-ALAA_512079,512079,43855,,,,,,,2025-10-16T00:00:00Z,1,512079
England,ENG,ENG,Group L,Jordan PICKFORD,PICKFORD,Goalkeeper,Goalkeeper,Unknown,1,1994-03-07,185.0,77.0,ENG,https://digitalhub.fifa.com/transform/5f9b3bbf-edb5-4956-bce7-2d0a8e77f6ab/PICKFORD-Jordan_336022,336022,43942,,,,,,,2016-09-04T00:00:00Z,1,336022
England,ENG,ENG,Group L,Ezri KONSA,KONSA,Defender,Defender,Unknown,2,1997-10-23,180.0,76.0,ENG,https://digitalhub.fifa.com/transform/54b28723-92e1-42e8-97b5-162f5099cf60/KONSA-Ezri_403049,403049,43942,,,,,,,2024-03-26T00:00:00Z,1,403049
England,ENG,ENG,Group L,Nico OREILLY,O'REILLY,Defender,Defender,Unknown,3,2005-03-21,177.0,74.0,ENG,https://digitalhub.fifa.com/transform/6a6be1c6-3496-49ba-81ca-354bdb2f404c/OREILLY-Nico_390761,463780,43942,,,,,,,2025-10-06T00:00:00Z,1,463780
England,ENG,ENG,Group L,Declan RICE,RICE,Midfielder,Midfielder,Unknown,4,1999-01-14,185.0,76.0,ENG,https://digitalhub.fifa.com/transform/acb98657-fa9b-4202-bc38-075a97b5bf78/RICE-Declan_433097,433097,43942,,,,,,,2021-09-03T00:00:00Z,1,433097
England,ENG,ENG,Group L,John STONES,STONES,Defender,Defender,Unknown,5,1994-05-28,188.0,82.0,ENG,https://digitalhub.fifa.com/transform/bb455f6a-d793-44ef-92b8-bd1aff6d14d6/STONES-John_369434,369434,43942,,,,,,,2016-09-04T00:00:00Z,1,369434
England,ENG,ENG,Group L,Marc GUEHI,GUÉHI,Defender,Defender,Unknown,6,2000-07-13,183.0,82.0,ENG,https://digitalhub.fifa.com/transform/c9686f87-8abd-45fb-a1e0-321ee8470dd6/GUEHI-Marc_405841,405841,43942,,,,,,,2022-10-20T00:00:00Z,1,405841
England,ENG,ENG,Group L,Bukayo SAKA,SAKA,Forward,Forward,Unknown,7,2001-09-05,178.0,65.0,ENG,https://digitalhub.fifa.com/transform/b1182d25-62ad-4ad8-8bae-2b7577569484/MUMIN-Abdul_441336,448196,43942,,,,,,,2022-10-20T00:00:00Z,1,448196
England,ENG,ENG,Group L,Elliot ANDERSON,ANDERSON,Midfielder,Midfielder,Unknown,8,2002-11-06,179.0,69.0,ENG,https://digitalhub.fifa.com/transform/8da5855f-c957-4151-94a0-731e9714249f/ANDERSON-Elliot_481610,481610,43942,,,,,,,2024-01-24T00:00:00Z,1,481610
England,ENG,ENG,Group L,Harry KANE,KANE,Forward,Forward,Unknown,9,1993-07-28,190.0,91.0,ENG,https://digitalhub.fifa.com/transform/5ad83fe6-1139-4f92-a97c-669052eb1755/KANE-Harry_369419,369419,43942,,,,,,,2016-09-04T00:00:00Z,1,369419
England,ENG,ENG,Group L,Jude BELLINGHAM,BELLINGHAM,Midfielder,Midfielder,Unknown,10,2003-06-29,183.0,75.0,ENG,https://digitalhub.fifa.com/transform/d711b37f-ec06-4ea7-bb52-50ba0a42ef67/BELLINGHAM-Jude_448202,448202,43942,,,,,,,2022-10-20T00:00:00Z,1,448202
England,ENG,ENG,Group L,Marcus RASHFORD,RASHFORD,Forward,Forward,Unknown,11,1997-10-31,180.0,78.0,ENG,https://digitalhub.fifa.com/transform/1c89a3e5-8d8f-474f-a0fe-8c39faa3dc8d/RASHFORD-Marcus_401470,401470,43942,,,,,,,2016-12-13T00:00:00Z,1,401470
England,ENG,ENG,Group L,Trevoh CHALOBAH,CHALOBAH,Defender,Defender,Unknown,12,1999-07-05,192.0,86.0,ENG,https://digitalhub.fifa.com/transform/7fa89d9b-c648-4789-ab66-f00a2fbf56df/CHALOBAH-Trevoh_439691,439691,43942,,,,,,,2022-10-20T00:00:00Z,1,439691
England,ENG,ENG,Group L,Dean Henderson,D. HENDERSON,Goalkeeper,Goalkeeper,Unknown,13,1997-03-12,188.0,85.0,ENG,https://digitalhub.fifa.com/transform/acb3f8de-1176-40ef-99c2-e671120fbde0/HENDERSON-Dean_403046,403046,43942,,,,,,,2022-10-20T00:00:00Z,1,403046
England,ENG,ENG,Group L,Jordan HENDERSON,HENDERSON,Midfielder,Midfielder,Unknown,14,1990-06-17,183.0,82.0,ENG,https://digitalhub.fifa.com/transform/95e802dd-2731-42ff-97ce-b92c47954fa1/HENDERSON-Jordan_356189,356189,43942,,,,,,,2012-05-30T00:00:00Z,1,356189
England,ENG,ENG,Group L,Dan BURN,BURN,Defender,Defender,Unknown,15,1992-05-09,201.0,87.0,ENG,https://digitalhub.fifa.com/transform/ac44e40e-162d-4459-94b6-8971a032e371/BURN-Dan_494345,494345,43942,,,,,,,2025-03-17T00:00:00Z,1,494345
England,ENG,ENG,Group L,Kobbie MAINOO,MAINOO,Midfielder,Midfielder,Unknown,16,2005-04-19,183.0,71.0,ENG,https://digitalhub.fifa.com/transform/add399f5-3af6-4ce6-b078-8595e805f1be/MAINOO-Kobbie_482621,482621,43942,,,,,,,2024-03-19T00:00:00Z,1,482621
England,ENG,ENG,Group L,Morgan ROGERS,ROGERS,Midfielder,Midfielder,Unknown,17,2002-07-26,187.0,80.0,ENG,https://digitalhub.fifa.com/transform/426bfdb9-3999-4826-81b8-dd33691a45a2/ROGERS-Morgan_492716,492716,43942,,,,,,,2024-12-04T00:00:00Z,1,492716
England,ENG,ENG,Group L,Anthony GORDON,GORDON,Forward,Forward,Unknown,18,2001-02-24,182.0,68.0,ENG,https://digitalhub.fifa.com/transform/bb7bbfe0-791d-408e-a2c2-f33156fce3e8/GORDON-Anthony_448189,448189,43942,,,,,,,2022-10-20T00:00:00Z,1,448189
England,ENG,ENG,Group L,Ollie WATKINS,WATKINS,Forward,Forward,Unknown,19,1995-12-30,180.0,70.0,ENG,https://digitalhub.fifa.com/transform/876d6c91-be07-4b54-a86d-d73e2ef52d8f/WATKINS-Ollie_448203,448203,43942,,,,,,,2022-10-20T00:00:00Z,1,448203
England,ENG,ENG,Group L,Noni MADUEKE,MADUEKE,Forward,Forward,Unknown,20,2002-03-10,182.0,83.0,ENG,https://digitalhub.fifa.com/transform/115733f4-8e52-477a-867f-063f1e2c7752/MADUEKE-Noni_489732,489732,43942,,,,,,,2024-09-04T00:00:00Z,1,489732
England,ENG,ENG,Group L,Eberechi EZE,EZE,Midfielder,Midfielder,Unknown,21,1998-06-29,178.0,73.0,ENG,https://digitalhub.fifa.com/transform/c08bf1d9-1dce-4862-b810-2f9e198a4950/EZE-Eberechi_473113,473113,43942,,,,,,,2023-09-08T00:00:00Z,1,473113
England,ENG,ENG,Group L,Ivan TONEY,TONEY,Forward,Forward,Unknown,22,1996-03-16,185.0,85.0,ENG,https://digitalhub.fifa.com/transform/720c0b56-6b1c-49aa-8c9d-5aec2c23c673/TONEY-Ivan_448198,448198,43942,,,,,,,2022-10-20T00:00:00Z,1,448198
England,ENG,ENG,Group L,James TRAFFORD,TRAFFORD,Goalkeeper,Goalkeeper,Unknown,23,2002-10-10,197.0,83.0,ENG,https://digitalhub.fifa.com/transform/f923135f-5d11-46cb-90a3-517f74cb4c76/TRAFFORD-James_485080,485080,43942,,,,,,,2024-05-21T00:00:00Z,1,485080
England,ENG,ENG,Group L,Reece JAMES,JAMES,Defender,Defender,Unknown,24,1999-12-08,180.0,92.0,ENG,https://digitalhub.fifa.com/transform/1ffcc3c3-fdf3-4b61-9ac5-299213771a62/JAMES-Reece_439641,439641,43942,,,,,,,2022-10-20T00:00:00Z,1,439641
England,ENG,ENG,Group L,Djed SPENCE,SPENCE,Defender,Defender,Unknown,25,2000-08-09,184.0,71.0,ENG,https://digitalhub.fifa.com/transform/03356baa-b368-4192-bf86-ad3033e57ad2/SPENCE-Djed_506329,506329,43942,,,,,,,2025-09-03T00:00:00Z,1,506329
England,ENG,ENG,Group L,Jarell QUANSAH,QUANSAH,Defender,Defender,Unknown,26,2003-01-29,190.0,79.0,ENG,https://digitalhub.fifa.com/transform/60c5fb68-c640-45dc-a493-75e1d9f3450c/QUANSAH-Jarell_463809,463809,43942,,,,,,,2024-05-21T00:00:00Z,1,463809
France,FRA,FRA,Group I,Brice SAMBA,SAMBA,Goalkeeper,Goalkeeper,Unknown,1,1994-04-25,187.0,85.0,FRA,https://digitalhub.fifa.com/transform/99fa69d0-8c6e-4c11-a78c-98a70aa322f8/SAMBA-Brice_483471,483471,43946,,,,,,,2024-04-16T00:00:00Z,1,483471
France,FRA,FRA,Group I,Malo GUSTO,GUSTO,Defender,Defender,Unknown,2,2003-05-19,179.0,77.0,FRA,https://digitalhub.fifa.com/transform/a747375e-cd17-4ef2-8241-fa7b9a7dab2b/GUSTO-Malo_464055,464055,43946,,,,,,,2024-03-26T00:00:00Z,1,464055
France,FRA,FRA,Group I,Lucas Digne,DIGNE,Defender,Defender,Unknown,3,1993-07-20,178.0,72.0,FRA,https://digitalhub.fifa.com/transform/70e09388-6736-4f6c-85cf-0aa2017a6b18/DIGNE-Lucas_368860,368860,43946,,,,,,,2014-06-12T00:00:00Z,1,368860
France,FRA,FRA,Group I,Dayot UPAMECANO,UPAMECANO,Defender,Defender,Unknown,4,1998-10-27,186.0,87.0,FRA,https://digitalhub.fifa.com/transform/daae69ae-72e0-4e42-812f-d19d74d12478/UPAMECANO-Dayot_389876,389876,43946,,,,,,,2022-10-21T00:00:00Z,1,389876
France,FRA,FRA,Group I,Jules KOUNDE,KOUNDE,Defender,Defender,Unknown,5,1998-11-12,178.0,82.0,FRA,https://digitalhub.fifa.com/transform/31b384b6-20b7-4629-ab33-aa67cf403fc3/KOUNDE-Jules_430707,430707,43946,,,,,,,2021-09-02T00:00:00Z,1,430707
France,FRA,FRA,Group I,Manu KONE,KONE,Midfielder,Midfielder,Unknown,6,2001-05-17,185.0,81.0,FRA,https://digitalhub.fifa.com/transform/fab8dcfa-7c16-4c88-adeb-51cf932e3abc/KONE-Manu_485677,485677,43946,,,,,,,2024-09-03T00:00:00Z,1,485677
France,FRA,FRA,Group I,Ousmane DEMBELE,DEMBELE,Forward,Forward,Unknown,7,1997-05-15,179.0,71.0,FRA,https://digitalhub.fifa.com/transform/e6eee717-fd8c-4f8f-a7e0-c4f978fe327f/DEMBELE-Ousmane_398680,398680,43946,,,,,,,2016-10-11T00:00:00Z,1,398680
France,FRA,FRA,Group I,Aurelien TCHOUAMENI,TCHOUAMENI,Midfielder,Midfielder,Unknown,8,2000-01-27,188.0,82.0,FRA,https://digitalhub.fifa.com/transform/8575fee6-68ae-4be0-9529-7e5c392e06e6/TCHOUAMENI-Aurelien_405893,405893,43946,,,,,,,2022-10-21T00:00:00Z,1,405893
France,FRA,FRA,Group I,Marcus THURAM,THURAM,Forward,Forward,Unknown,9,1997-08-06,192.0,88.0,FRA,https://digitalhub.fifa.com/transform/6d9fa458-dba9-47da-87d9-83749fdfce9d/THURAM-Marcus_403109,403109,43946,,,,,,,2022-10-21T00:00:00Z,1,403109
France,FRA,FRA,Group I,Kylian MBAPPE,MBAPPE,Forward,Forward,Unknown,10,1998-12-20,180.0,81.0,FRA,https://digitalhub.fifa.com/transform/66f6087d-9563-4644-8f10-5614ef6e1e51/MBAPPE-Kylian_389867,389867,43946,,,,,,,2016-09-04T00:00:00Z,1,389867
France,FRA,FRA,Group I,Michael OLISE,OLISE,Forward,Forward,Unknown,11,2001-12-12,184.0,76.0,FRA,https://digitalhub.fifa.com/transform/979cc206-e23b-4b21-8d40-843607ba8964/OLISE-Michael_485655,485655,43946,,,,,,,2024-09-11T00:00:00Z,1,485655
France,FRA,FRA,Group I,Bradley BARCOLA,BARCOLA,Forward,Forward,Unknown,12,2002-09-02,187.0,72.0,FRA,https://digitalhub.fifa.com/transform/10e80ef7-3aa9-4c07-9639-e8bc04828d31/BARCOLA-Bradley_484860,484860,43946,,,,,,,2024-05-17T00:00:00Z,1,484860
France,FRA,FRA,Group I,Ngolo KANTE,KANTE,Midfielder,Midfielder,Unknown,13,1991-03-29,171.0,70.0,FRA,https://digitalhub.fifa.com/transform/355040a8-6b40-452b-92af-7c22f91cb87c/KANTE-Ngolo_398681,398681,43946,,,,,,,2016-10-11T00:00:00Z,1,398681
France,FRA,FRA,Group I,Adrien RABIOT,RABIOT,Midfielder,Midfielder,Unknown,14,1995-04-03,191.0,80.0,FRA,https://digitalhub.fifa.com/transform/2daab6cd-9fc6-4a46-acd6-82974aab8415/RABIOT-Adrien_402047,402047,43946,,,,,,,2017-02-20T00:00:00Z,1,402047
France,FRA,FRA,Group I,Ibrahima KONATE,KONATE,Defender,Defender,Unknown,15,1999-05-25,194.0,95.0,FRA,https://digitalhub.fifa.com/transform/de7e635e-41b2-4383-9fbf-d38e6c737d51/KONATE-Ibrahima_419166,419166,43946,,,,,,,2022-10-21T00:00:00Z,1,419166
France,FRA,FRA,Group I,Mike MAIGNAN,MAIGNAN,Goalkeeper,Goalkeeper,Unknown,16,1995-07-03,191.0,86.0,FRA,https://digitalhub.fifa.com/transform/3f92a933-a22d-4f58-8f4f-b51370aeacf4/MAIGNAN-Mike_448332,448332,43946,,,,,,,2022-10-21T00:00:00Z,1,448332
France,FRA,FRA,Group I,William SALIBA,SALIBA,Defender,Defender,Unknown,17,2001-03-24,192.0,85.0,FRA,https://digitalhub.fifa.com/transform/242125e7-67c3-4fcd-b0cc-6c5984c319f4/SALIBA-William_419177,419177,43946,,,,,,,2022-10-21T00:00:00Z,1,419177
France,FRA,FRA,Group I,Warren ZAIRE-EMERY,ZAIRE-EMERY,Midfielder,Midfielder,Unknown,18,2006-03-08,176.0,74.0,FRA,https://digitalhub.fifa.com/transform/c4237ad3-cb10-4854-b9de-54126267d251/ZAIRE-EMERY-Warren_483549,483549,43946,,,,,,,2024-04-16T00:00:00Z,1,483549
France,FRA,FRA,Group I,Theo HERNANDEZ,T. HERNANDEZ,Defender,Defender,Unknown,19,1997-10-06,184.0,87.0,FRA,https://digitalhub.fifa.com/transform/6f76533f-feca-4811-a010-e6e296b29db8/HERNANDEZ-Theo_408042,408042,43946,,,,,,,2022-10-21T00:00:00Z,1,408042
France,FRA,FRA,Group I,Desire DOUE,DOUE,Forward,Forward,Unknown,20,2005-06-03,182.0,81.0,FRA,https://digitalhub.fifa.com/transform/ca4e60df-4c45-48e9-89e4-70ce6ac3b3b1/DOUE-Desire_464114,464114,43946,,,,,,,2025-04-01T00:00:00Z,1,464114
France,FRA,FRA,Group I,Lucas HERNANDEZ,L. HERNANDEZ,Defender,Defender,Unknown,21,1996-02-14,184.0,80.0,FRA,https://digitalhub.fifa.com/transform/6ce8ced5-3b91-4a38-80ca-730e4a2ceb57/HERNANDEZ-Lucas_411470,411470,43946,,,,,,,2018-05-14T00:00:00Z,1,411470
France,FRA,FRA,Group I,Jean-Philippe MATETA,MATETA,Forward,Forward,Unknown,22,1997-06-28,192.0,80.0,FRA,https://digitalhub.fifa.com/transform/91ab0f40-08d4-44bc-8b5b-dddb63b440bf/MATETA-Jean-Philippe_403094,403094,43946,,,,,,,2025-10-03T00:00:00Z,1,403094
France,FRA,FRA,Group I,Robin RISSER,RISSER,Goalkeeper,Goalkeeper,Unknown,23,2004-12-02,193.0,81.0,FRA,https://digitalhub.fifa.com/transform/834e2e38-78ec-4e02-98a8-dbc085a9637c/RISSER-Robin_464127,464127,43946,,,,,,,2026-06-15T00:00:00Z,1,464127
France,FRA,FRA,Group I,Rayan CHERKI,CHERKI,Midfielder,Midfielder,Unknown,24,2003-08-17,180.0,80.0,FRA,https://digitalhub.fifa.com/transform/e1fe82ba-026b-4f05-87ba-c1fb49f670e5/CHERKI-Rayan_431861,431861,43946,,,,,,,2025-05-27T00:00:00Z,1,431861
France,FRA,FRA,Group I,Maghnes AKLIOUCHE,AKLIOUCHE,Midfielder,Midfielder,Unknown,25,2002-02-25,183.0,70.0,FRA,https://digitalhub.fifa.com/transform/86a154a1-3ed6-46b8-977c-3a04925c39bc/AKLIOUCHE-Maghnes_485666,485666,43946,,,,,,,2025-08-28T00:00:00Z,1,485666
France,FRA,FRA,Group I,Maxence Lacroix,LACROIX,Defender,Defender,Unknown,26,2000-04-06,192.0,83.0,FRA,https://digitalhub.fifa.com/transform/a250ee2e-c181-46bb-b565-27d12a7b1878/LACROIX-Maxence_405881,405881,43946,,,,,,,2026-03-24T00:00:00Z,1,405881
Germany,GER,GER,Group E,Manuel NEUER,NEUER,Goalkeeper,Goalkeeper,Unknown,1,1986-03-27,193.0,92.0,GER,https://digitalhub.fifa.com/transform/e3701d06-66b5-4728-8bad-fea05319b6b8/NEUER-Manuel_228912,228912,43948,,,,,,,2006-06-09T00:00:00Z,1,228912
Germany,GER,GER,Group E,Antonio RUEDIGER,RÜDIGER,Defender,Defender,Unknown,2,1993-03-03,190.0,86.0,GER,https://digitalhub.fifa.com/transform/88c43fe2-0c78-437c-a2bf-388c3673c58c/RUEDIGER-Antonio_379955,379955,43948,,,,,,,2014-05-11T00:00:00Z,1,379955
Germany,GER,GER,Group E,Waldemar ANTON,ANTON,Defender,Defender,Unknown,3,1996-07-20,189.0,82.0,GER,https://digitalhub.fifa.com/transform/2bdd66d9-f9dc-44ab-8c6e-ededdb004f77/ANTON-Waldemar_430658,430658,43948,,,,,,,2024-05-16T00:00:00Z,1,430658
Germany,GER,GER,Group E,Jonathan TAH,TAH,Defender,Defender,Unknown,4,1996-02-11,195.0,94.0,GER,https://digitalhub.fifa.com/transform/34f74ca0-1102-446c-b098-02decdf58b8d/TAH-Jonathan_401378,401378,43948,,,,,,,2016-12-07T00:00:00Z,1,401378
Germany,GER,GER,Group E,Aleksandar PAVLOVIC,PAVLOVIĆ,Midfielder,Midfielder,Unknown,5,2004-05-03,188.0,80.0,GER,https://digitalhub.fifa.com/transform/7cfb5f20-6f8a-4329-97a2-be3cb66fea0f/PAVLOVIC-Aleksandar_484849,484849,43948,,,,,,,2024-05-16T00:00:00Z,1,484849
Germany,GER,GER,Group E,Joshua KIMMICH,KIMMICH,Defender,Defender,Unknown,6,1995-02-08,177.0,74.0,GER,https://digitalhub.fifa.com/transform/ada33dfd-5b01-4792-88f4-14c06641509e/KIMMICH-Joshua_386413,386413,43948,,,,,,,2016-09-04T00:00:00Z,1,386413
Germany,GER,GER,Group E,Kai HAVERTZ,HAVERTZ,Forward,Forward,Unknown,7,1999-06-11,190.0,83.0,GER,https://digitalhub.fifa.com/transform/1fdd4d11-97d1-4392-b345-5a5eecc54839/HAVERTZ-Kai_411367,411367,43948,,,,,,,2018-05-14T00:00:00Z,1,411367
Germany,GER,GER,Group E,Leon GORETZKA,GORETZKA,Midfielder,Midfielder,Unknown,8,1995-02-06,189.0,82.0,GER,https://digitalhub.fifa.com/transform/a5e5e083-d89c-4be7-a367-8456e0f8cb35/GORETZKA-Leon_379953,379953,43948,,,,,,,2014-05-11T00:00:00Z,1,379953
Germany,GER,GER,Group E,Jamie LEWELING,LEWELING,Midfielder,Midfielder,Unknown,9,2001-02-26,185.0,84.0,GER,https://digitalhub.fifa.com/transform/a53f7aa4-eaba-4bb1-9654-e563adb10d2e/LEWELING-Jamie_491218,491218,43948,,,,,,,2024-10-07T00:00:00Z,1,491218
Germany,GER,GER,Group E,Jamal MUSIALA,MUSIALA,Midfielder,Midfielder,Unknown,10,2003-02-26,180.0,69.0,GER,https://digitalhub.fifa.com/transform/05f50027-268f-43ff-ba75-1b477b37ca60/MUSIALA-Jamal_429642,429642,43948,,,,,,,2021-04-01T00:00:00Z,1,429642
Germany,GER,GER,Group E,Nick WOLTEMADE,WOLTEMADE,Forward,Forward,Unknown,11,2002-02-14,198.0,84.0,GER,https://digitalhub.fifa.com/transform/e93d4ee5-827d-47bc-b3d5-3f1c38e7293e/WOLTEMADE-Nick_498416,498416,43948,,,,,,,2025-05-30T00:00:00Z,1,498416
Germany,GER,GER,Group E,Oliver Baumann,BAUMANN,Goalkeeper,Goalkeeper,Unknown,12,1990-06-02,187.0,80.0,GER,https://digitalhub.fifa.com/transform/9da65f41-ea53-4209-b2f6-c59e69dbc193/BAUMANN-Oliver_306538,306538,43948,,,,,,,2022-10-21T00:00:00Z,1,306538
Germany,GER,GER,Group E,Pascal GROSS,GROß,Midfielder,Midfielder,Unknown,13,1991-06-15,181.0,77.0,GER,https://digitalhub.fifa.com/transform/c7eaa0cd-48e1-4349-a6d9-dd00553b7913/GROSS-Pascal_484848,484848,43948,,,,,,,2024-05-16T00:00:00Z,1,484848
Germany,GER,GER,Group E,Maximilian BEIER,BEIER,Forward,Forward,Unknown,14,2002-10-17,185.0,73.0,GER,https://digitalhub.fifa.com/transform/34e90391-c4b4-4a96-9b57-71c45bb584c2/BEIER-Maximilian_484850,484850,43948,,,,,,,2024-05-16T00:00:00Z,1,484850
Germany,GER,GER,Group E,Nico SCHLOTTERBECK,SCHLOTTERBECK,Defender,Defender,Unknown,15,1999-12-01,191.0,86.0,GER,https://digitalhub.fifa.com/transform/3ece206c-50ae-4b63-ac21-a174f2fbb35a/SCHLOTTERBECK-Nico_430667,430667,43948,,,,,,,2022-10-21T00:00:00Z,1,430667
Germany,GER,GER,Group E,Angelo Stiller,STILLER,Midfielder,Midfielder,Unknown,16,2001-04-04,183.0,83.0,GER,https://digitalhub.fifa.com/transform/69c7b030-2ce8-479c-9cd4-a7d62e48d9a4/STILLER-Angelo_429640,429640,43948,,,,,,,2024-09-04T00:00:00Z,1,429640
Germany,GER,GER,Group E,Florian WIRTZ,WIRTZ,Midfielder,Midfielder,Unknown,17,2003-05-03,176.0,73.0,GER,https://digitalhub.fifa.com/transform/3a120189-62cc-441f-b862-7fdd2a9abfa4/WIRTZ-Florian_430669,430669,43948,,,,,,,2022-10-21T00:00:00Z,1,430669
Germany,GER,GER,Group E,Nathaniel BROWN,BROWN,Defender,Defender,Unknown,18,2003-06-16,176.0,67.0,GER,https://digitalhub.fifa.com/transform/68e13808-182e-46b6-a6ec-a54136a57c1b/BROWN-Nathaniel_511015,511015,43948,,,,,,,2025-10-08T00:00:00Z,1,511015
Germany,GER,GER,Group E,Leroy SANE,SANÉ,Midfielder,Midfielder,Unknown,19,1996-01-11,183.0,77.0,GER,https://digitalhub.fifa.com/transform/097a6749-47b0-4285-a1f9-8aa0ac0e2c12/SANE-Leroy_404353,404353,43948,,,,,,,2017-05-18T00:00:00Z,1,404353
Germany,GER,GER,Group E,Nadiem Amiri,AMIRI,Midfielder,Midfielder,Unknown,20,1996-10-27,178.0,75.0,GER,https://digitalhub.fifa.com/transform/3c1dcefe-5f38-479a-ac6a-091a86cb7663/AMIRI-Nadiem_395471,395471,43948,,,,,,,2024-01-26T00:00:00Z,1,395471
Germany,GER,GER,Group E,Alexander NUEBEL,NÜBEL,Goalkeeper,Goalkeeper,Unknown,21,1996-09-30,193.0,88.0,GER,https://digitalhub.fifa.com/transform/9d30bb13-c082-4759-90e7-e0bde4305d1f/NUEBEL-Alexander_429639,429639,43948,,,,,,,2024-05-16T00:00:00Z,1,429639
Germany,GER,GER,Group E,David RAUM,RAUM,Defender,Defender,Unknown,22,1998-04-22,180.0,75.0,GER,https://digitalhub.fifa.com/transform/ce3509c6-13ad-441a-8d05-9d42f8a4578c/RAUM-David_430657,430657,43948,,,,,,,2022-10-21T00:00:00Z,1,430657
Germany,GER,GER,Group E,Felix NMECHA,NMECHA,Midfielder,Midfielder,Unknown,23,2000-10-10,190.0,89.0,GER,https://digitalhub.fifa.com/transform/9895941b-9be6-4900-a336-493f1237b0e6/NMECHA-Felix_492363,492363,43948,,,,,,,2024-11-19T00:00:00Z,1,492363
Germany,GER,GER,Group E,Malick THIAW,THIAW,Defender,Defender,Unknown,24,2001-08-08,194.0,86.0,GER,https://digitalhub.fifa.com/transform/eaa37355-0eca-4954-845c-437aa602db42/THIAW-Malick_514188,514188,43948,,,,,,,2025-11-10T00:00:00Z,1,514188
Germany,GER,GER,Group E,Assan OUEDRAOGO,OUÉDRAOGO,Midfielder,Midfielder,Unknown,25,2006-05-09,191.0,86.0,GER,https://digitalhub.fifa.com/transform/3bdd0feb-2965-4dff-9aa1-22b6d769e90d/OUEDRAOGO-Assan_475195,475195,43948,,,,,,,2025-11-11T00:00:00Z,1,475195
Germany,GER,GER,Group E,Deniz UNDAV,UNDAV,Forward,Forward,Unknown,26,1996-07-19,179.0,84.0,GER,https://digitalhub.fifa.com/transform/3ec30e08-a7eb-4781-aea8-0e9ff86ebef1/UNDAV-Deniz_484851,484851,43948,,,,,,,2024-05-16T00:00:00Z,1,484851
Ghana,GHA,GHA,Group L,Lawrence Ati ZIGI,ZIGI,Goalkeeper,Goalkeeper,Unknown,1,1996-11-29,188.0,87.0,GHA,https://digitalhub.fifa.com/transform/ff31f89d-7f19-4a3e-b213-6c943ec77fb4/ZIGI-Lawrence-Ati_386473,386473,43860,,,,,,,2015-10-07T00:00:00Z,1,386473
Ghana,GHA,GHA,Group L,Alidu SEIDU,ALIDU SEIDU,Defender,Defender,Unknown,2,2000-06-04,173.0,68.0,GHA,https://digitalhub.fifa.com/transform/d37bf93a-6fc3-483d-be08-32032b5956bc/SEIDU-Alidu_448522,448522,43860,,,,,,,2022-10-22T00:00:00Z,1,448522
Ghana,GHA,GHA,Group L,Caleb YIRENKYI,YIRENKYI,Midfielder,Midfielder,Unknown,3,2006-01-15,182.0,75.0,GHA,https://digitalhub.fifa.com/transform/3c283bda-a2ed-4c1d-9115-aef0cc7dac97/YIRENKYI-Caleb_506279,506279,43860,,,,,,,2025-09-02T00:00:00Z,1,506279
Ghana,GHA,GHA,Group L,Jonas ADJETEY,ADJETEY,Defender,Defender,Unknown,4,2003-12-13,188.0,78.0,GHA,https://digitalhub.fifa.com/transform/59b24298-f09f-4f11-afe4-805c459e6fa2/ADJETEY-Jonas_494351,494351,43860,,,,,,,2025-03-17T00:00:00Z,1,494351
Ghana,GHA,GHA,Group L,Thomas PARTEY,PARTEY,Midfielder,Midfielder,Unknown,5,1993-06-13,185.0,77.0,GHA,https://digitalhub.fifa.com/transform/4973b241-e78b-4c13-b699-66c8c16f882a/PARTEY-Thomas_369089,369089,43860,,,,,,,2015-10-07T00:00:00Z,1,369089
Ghana,GHA,GHA,Group L,Abdul MUMIN,A. MUMIN,Defender,Defender,Unknown,6,1998-06-06,188.0,60.0,GHA,https://digitalhub.fifa.com/transform/394452a3-57aa-4ce7-b506-9ba8de7254eb/MUMIN-Abdul_441336,441336,43860,,,,,,,2022-03-25T00:00:00Z,1,441336
Ghana,GHA,GHA,Group L,Abdul FATAWU,Abdul FATAWU,Forward,Forward,Unknown,7,2004-03-08,177.0,73.0,GHA,https://digitalhub.fifa.com/transform/c76bdca8-f959-4934-8ecf-47d38aac600c/ISSAHAKU-Fatawu_441342,441342,43860,,,,,,,2022-03-25T00:00:00Z,1,441342
Ghana,GHA,GHA,Group L,Kwasi SIBO,SIBO,Midfielder,Midfielder,Unknown,8,1998-06-24,183.0,80.0,GHA,https://digitalhub.fifa.com/transform/a61e2a7d-38de-46d5-888b-1ad713a329c4/SIBO-Kwasi_507253,507253,43860,,,,,,,2025-09-08T00:00:00Z,1,507253
Ghana,GHA,GHA,Group L,Jordan AYEW,J. AYEW,Forward,Forward,Unknown,9,1991-09-11,182.0,88.0,GHA,https://digitalhub.fifa.com/transform/527a870c-dad4-474a-91a3-3ccac43d3ce7/AYEW-Jordan_353235,353235,43860,,,,,,,2012-02-22T00:00:00Z,1,353235
Ghana,GHA,GHA,Group L,Brandon THOMAS-ASANTE,ASANTE,Forward,Forward,Unknown,10,1998-12-29,182.0,72.0,GHA,https://digitalhub.fifa.com/transform/d80ceb13-447c-4de1-b0c2-09b570b3e6ef/THOMAS-ASANTE-Brandon_486213,486213,43860,,,,,,,2024-06-03T00:00:00Z,1,486213
Ghana,GHA,GHA,Group L,Antoine SEMENYO,SEMENYO,Midfielder,Midfielder,Unknown,11,2000-01-07,185.0,74.0,GHA,https://digitalhub.fifa.com/transform/c0b6a316-ecf6-4944-b8fc-ccdd60b15a5a/SEMENYO-Antoine_448531,448531,43860,,,,,,,2022-10-22T00:00:00Z,1,448531
Ghana,GHA,GHA,Group L,Joseph ANANG,ANANG,Goalkeeper,Goalkeeper,Unknown,12,2000-06-08,190.0,74.0,GHA,https://digitalhub.fifa.com/transform/ddb39257-eec9-4097-bc08-6f1dbe034dec/ANANG-Joseph_506277,506277,43860,,,,,,,2025-09-02T00:00:00Z,1,506277
Ghana,GHA,GHA,Group L,Christopher Bonsu BAAH,BONSU BAAH,Forward,Forward,Unknown,13,2004-12-14,172.0,76.0,GHA,https://digitalhub.fifa.com/transform/a4046f4f-5e32-45b7-8ff0-1c42ba9466b7/BAAH-Christopher-Bonsu_494350,494350,43860,,,,,,,2025-03-17T00:00:00Z,1,494350
Ghana,GHA,GHA,Group L,Gideon MENSAH,MENSAH,Defender,Defender,Unknown,14,1998-07-18,178.0,64.0,GHA,https://digitalhub.fifa.com/transform/3aed0bc7-4974-4bc1-9cc9-bb764bb91d3e/MENSAH-Gideon_441333,441333,43860,,,,,,,2022-03-25T00:00:00Z,1,441333
Ghana,GHA,GHA,Group L,Elisha OWUSU,OWUSU,Midfielder,Midfielder,Unknown,15,1997-11-07,182.0,76.0,GHA,https://digitalhub.fifa.com/transform/7b2e13d2-e407-4c8a-8e7d-e465d933bef5/OWUSU-Elisha_441341,441341,43860,,,,,,,2022-03-25T00:00:00Z,1,441341
Ghana,GHA,GHA,Group L,Benjamin ASARE,B. ASARE,Goalkeeper,Goalkeeper,Unknown,16,1992-07-13,188.0,78.0,GHA,https://digitalhub.fifa.com/transform/59f40ed7-650e-48ef-8f42-8a8a326b0504/ASARE-Benjamin_494349,494349,43860,,,,,,,2025-03-17T00:00:00Z,1,494349
Ghana,GHA,GHA,Group L,Baba RAHMAN,BABA,Defender,Defender,Unknown,17,1994-07-02,179.0,75.0,GHA,https://digitalhub.fifa.com/transform/3aa4be07-45b8-4c6c-9c82-e1e7d801e531/RAHMAN-Baba_367536,367536,43860,,,,,,,2013-03-27T00:00:00Z,1,367536
Ghana,GHA,GHA,Group L,Jerome OPOKU,OPOKU,Defender,Defender,Unknown,18,1998-10-14,197.0,75.0,GHA,https://digitalhub.fifa.com/transform/03ddfb51-4c65-457f-b234-eb2a795b01d2/OPOKU-Jerome_486150,486150,43860,,,,,,,2024-06-03T00:00:00Z,1,486150
Ghana,GHA,GHA,Group L,Inaki WILLIAMS,WILLIAMS,Forward,Forward,Unknown,19,1994-06-15,186.0,76.0,GHA,https://digitalhub.fifa.com/transform/2335d9cb-66fa-4e9a-a167-834ac3541e00/WILLIAMS-Inaki_411376,411376,43860,,,,,,,2022-08-09T00:00:00Z,1,411376
Ghana,GHA,GHA,Group L,Augustine BOAKYE,BOAKYE,Midfielder,Midfielder,Unknown,20,2000-11-03,178.0,78.0,GHA,https://digitalhub.fifa.com/transform/643463a2-4d0b-477a-889a-21eaf36cdf46/BOAKYE-Augustine_523173,523173,43860,,,,,,,2026-05-13T00:00:00Z,1,523173
Ghana,GHA,GHA,Group L,Kojo Peprah OPPONG,OPPONG,Defender,Defender,Unknown,21,2004-06-04,185.0,72.0,GHA,https://digitalhub.fifa.com/transform/d83d28af-b1f0-4b41-acec-6b3dfd760fb2/OPPONG-Kojo-Peprah_511022,511022,43860,,,,,,,2025-10-08T00:00:00Z,1,511022
Ghana,GHA,GHA,Group L,Kamaldeen SULEMANA,KAMALDEEN,Forward,Forward,Unknown,22,2002-02-15,174.0,68.0,GHA,https://digitalhub.fifa.com/transform/ba6f9998-366d-4e8f-b7ca-e387f1aabdcd/SULEMANA-Kamaldeen_448523,448523,43860,,,,,,,2022-10-22T00:00:00Z,1,448523
Ghana,GHA,GHA,Group L,Derrick LUCKASSEN,LUCKASSEN,Defender,Defender,Unknown,23,1995-07-03,188.0,75.0,GHA,https://digitalhub.fifa.com/transform/c70d2790-8764-47a0-8c27-a9e7f74563a0/LUCKASSEN-Derrick_520037,520037,43860,,,,,,,2026-03-25T00:00:00Z,1,520037
Ghana,GHA,GHA,Group L,Ernest NUAMAH,NUAMAH,Forward,Forward,Unknown,24,2003-11-01,178.0,72.0,GHA,https://digitalhub.fifa.com/transform/1561f6b3-4537-41a1-8803-367ec4c80519/NUAMAH-Ernest_448525,448525,43860,,,,,,,2022-10-22T00:00:00Z,1,448525
Ghana,GHA,GHA,Group L,Prince ADU,PRINCE,Forward,Forward,Unknown,25,2003-09-23,179.0,74.0,GHA,https://digitalhub.fifa.com/transform/fe89d2b1-ecd5-471d-a730-a1704b275019/ADU-Prince_514401,514401,43860,,,,,,,2025-11-16T00:00:00Z,1,514401
Ghana,GHA,GHA,Group L,Marvin SENAYA,SENEYA,Defender,Defender,Unknown,26,2001-01-28,181.0,78.0,GHA,https://digitalhub.fifa.com/transform/5b3249dc-6e9d-490b-be47-93a59fd3d069/SENAYA-Marvin_520039,520039,43860,,,,,,,2026-03-25T00:00:00Z,1,520039
Haiti,HAI,HAI,Group C,Johny Placide,PLACIDE,Goalkeeper,Goalkeeper,Unknown,1,1988-01-29,181.0,76.0,HAI,https://digitalhub.fifa.com/transform/3b4c1123-62c6-4267-9d22-6d138e461a54/PLACIDE-Johny_295922,295922,43908,,,,,,,2011-09-09T00:00:00Z,1,295922
Haiti,HAI,HAI,Group C,Carlens ARCUS,ARCUS,Defender,Defender,Unknown,2,1996-06-28,180.0,75.0,HAI,https://digitalhub.fifa.com/transform/924dd9c4-2333-4662-be95-df5d3d551368/ARCUS-Carlens_397775,397775,43908,,,,,,,2016-09-07T00:00:00Z,1,397775
Haiti,HAI,HAI,Group C,Keeto THERMONCY,THERMONCY,Defender,Defender,Unknown,3,2006-03-29,179.0,70.0,HAI,https://digitalhub.fifa.com/transform/012553fc-773a-4fca-a30d-468777a287de/THERMONCY-Keeto_506481,506481,43908,,,,,,,2025-09-03T00:00:00Z,1,506481
Haiti,HAI,HAI,Group C,Ricardo Ade,ADE,Defender,Defender,Unknown,4,1990-05-21,190.0,70.0,HAI,https://digitalhub.fifa.com/transform/188e1d63-5bfa-450a-b202-730221c18fe1/ADE-Ricardo_275917,275917,43908,,,,,,,2013-07-07T00:00:00Z,1,275917
Haiti,HAI,HAI,Group C,Hannes DELCROIX,DELCROIX,Defender,Defender,Unknown,5,1999-02-28,183.0,78.0,HAI,https://digitalhub.fifa.com/transform/4b98bc6d-0a33-4ad0-b0fc-18ba00c15e1c/DELCROIX-Hannes_448363,448363,43908,,,,,,,2025-10-01T00:00:00Z,1,448363
Haiti,HAI,HAI,Group C,Carl SAINTE,SAINTE,Midfielder,Midfielder,Unknown,6,2002-08-09,182.0,75.0,HAI,https://digitalhub.fifa.com/transform/338f9a41-36d4-4f87-8425-9d5fdc30ac35/SAINTE-Carl_424556,424556,43908,,,,,,,2023-06-16T00:00:00Z,1,424556
Haiti,HAI,HAI,Group C,Derrick ETIENNE,ETIENNE JR,Forward,Forward,Unknown,7,1996-11-25,178.0,70.0,HAI,https://digitalhub.fifa.com/transform/1ddc26ef-11b7-4086-8386-49f6c6bf027c/ETIENNE-Derrick_466865,466865,43908,,,,,,,2023-06-17T00:00:00Z,1,466865
Haiti,HAI,HAI,Group C,Martin EXPERIENCE,EXPERIENCE,Defender,Defender,Unknown,8,1999-03-09,178.0,79.0,HAI,https://digitalhub.fifa.com/transform/d3101d94-a275-4ecc-9b0c-63688841159d/EXPERIENCE-Martin_489300,489300,43908,,,,,,,2024-08-20T00:00:00Z,1,489300
Haiti,HAI,HAI,Group C,Duckens NAZON,NAZON,Forward,Forward,Unknown,9,1994-04-07,181.0,79.0,HAI,https://digitalhub.fifa.com/transform/93e74f55-211b-4332-8b5c-d328eb02d026/NAZON-Duckens_394993,394993,43908,,,,,,,2016-06-08T00:00:00Z,1,394993
Haiti,HAI,HAI,Group C,Jean-Ricner Bellegarde,BELLEGARDE,Midfielder,Midfielder,Unknown,10,1998-06-27,170.0,66.0,HAI,https://digitalhub.fifa.com/transform/29f38f6c-fac7-4844-8656-c18527ebe792/BELLEGARDE-Jean-Ricner_430697,430697,43908,,,,,,,2025-09-01T00:00:00Z,1,430697
Haiti,HAI,HAI,Group C,Louicius DEEDSON,LOUICIUS,Forward,Forward,Unknown,11,2001-02-11,178.0,71.0,HAI,https://digitalhub.fifa.com/transform/3838199f-c956-4b7c-a728-eef76a086a78/DEEDSON-Louicius_481027,481027,43908,,,,,,,2024-05-17T00:00:00Z,1,481027
Haiti,HAI,HAI,Group C,Alexandre PIERRE,A. PIERRE,Goalkeeper,Goalkeeper,Unknown,12,2001-02-25,190.0,79.0,HAI,https://digitalhub.fifa.com/transform/68889bed-7acd-4e67-a3bd-a18a300e70a0/PIERRE-Alexandre_466835,466835,43908,,,,,,,2023-06-17T00:00:00Z,1,466835
Haiti,HAI,HAI,Group C,Markhus LACROIX,LACROIX,Defender,Defender,Unknown,13,1993-10-14,175.0,67.0,HAI,https://digitalhub.fifa.com/transform/d7492aa1-5f11-45df-9059-0075ef046a0a/LACROIX-Markhus_466844,466844,43908,,,,,,,2023-06-17T00:00:00Z,1,466844
Haiti,HAI,HAI,Group C,Garven METUSALA,METUSALA,Defender,Defender,Unknown,14,1999-12-31,186.0,76.0,HAI,https://digitalhub.fifa.com/transform/264fbdf9-369e-4794-b7b4-461fb346a6ab/GARVEN-METUSALA_466862,466862,43908,,,,,,,2023-06-17T00:00:00Z,1,466862
Haiti,HAI,HAI,Group C,Ruben PROVIDENCE,PROVIDENCE,Forward,Forward,Unknown,15,2001-07-07,178.0,73.0,HAI,https://digitalhub.fifa.com/transform/c510536e-4614-459d-9780-060a5e3631ad/PROVIDENCE-Ruben_485664,485664,43908,,,,,,,2025-05-28T00:00:00Z,1,485664
Haiti,HAI,HAI,Group C,Lenny JOSEPH,JOSEPH,Forward,Forward,Unknown,16,2000-10-12,182.0,70.0,HAI,https://digitalhub.fifa.com/transform/ffcd4548-d3d0-42ca-a926-95fbda75d26a/JOSEPH-Lenny_485676,485676,43908,,,,,,,2026-05-13T00:00:00Z,1,485676
Haiti,HAI,HAI,Group C,Danley JEAN JACQUES,JEAN-JACQUES,Midfielder,Midfielder,Unknown,17,2000-05-20,182.0,72.0,HAI,https://digitalhub.fifa.com/transform/948f9361-348d-4c5d-a26f-83205cae2f6b/JEAN-JACQUES-Danley_466838,466838,43908,,,,,,,2023-06-17T00:00:00Z,1,466838
Haiti,HAI,HAI,Group C,Wilson Isidor,ISIDOR,Forward,Forward,Unknown,18,2000-08-27,184.0,72.0,HAI,https://digitalhub.fifa.com/transform/226c4315-372a-4dcf-8a1c-d4f8dc646419/ISIDOR-Wilson_405879,405879,43908,,,,,,,2026-03-28T00:00:00Z,1,405879
Haiti,HAI,HAI,Group C,Yassin FORTUNE,FORTUNE,Forward,Forward,Unknown,19,1999-01-30,186.0,73.0,HAI,https://digitalhub.fifa.com/transform/8c508739-1d44-49e5-8395-dbba0ff45072/FORTUNE-Yassin_506483,506483,43908,,,,,,,2025-09-03T00:00:00Z,1,506483
Haiti,HAI,HAI,Group C,Frantzdy Pierrot,PIERROT,Forward,Forward,Unknown,20,1995-03-29,194.0,78.0,HAI,https://digitalhub.fifa.com/transform/0faa5cdb-4727-42be-b2b8-cedf04a37dd6/PIERROT-Frantzdy_431693,431693,43908,,,,,,,2021-06-13T00:00:00Z,1,431693
Haiti,HAI,HAI,Group C,Josue CASIMIR,CASIMIR,Forward,Forward,Unknown,21,2001-09-24,178.0,69.0,HAI,https://digitalhub.fifa.com/transform/4a02cdae-6685-4a04-a779-8472e1b0ee39/CASIMIR-Josue_510757,510757,43908,,,,,,,2025-10-01T00:00:00Z,1,510757
Haiti,HAI,HAI,Group C,Jean-Kevin DUVERNE,DUVERNE,Defender,Defender,Unknown,22,1997-07-12,184.0,77.0,HAI,https://digitalhub.fifa.com/transform/00dad9f5-0949-43df-a856-1ce364adf673/DUVERNE-Jean-Kevin_431781,431781,43908,,,,,,,2024-05-23T00:00:00Z,1,431781
Haiti,HAI,HAI,Group C,Josue DUVERGER,DUVERGER,Goalkeeper,Goalkeeper,Unknown,23,2000-04-27,187.0,76.0,HAI,https://digitalhub.fifa.com/transform/7f30e7f0-2c85-4fa5-aa66-09d5bd74f435/DUVERGER-Josue_466853,466853,43908,,,,,,,2023-06-17T00:00:00Z,1,466853
Haiti,HAI,HAI,Group C,Wilguens PAUGAIN,PAUGAIN,Defender,Defender,Unknown,24,2001-08-24,180.0,70.0,HAI,https://digitalhub.fifa.com/transform/7f7dae44-300a-405b-81be-f29cef6c0670/PAUGAIN-Wilguens_419172,498439,43908,,,,,,,2025-05-30T00:00:00Z,1,498439
Haiti,HAI,HAI,Group C,Dominique SIMON,SIMON,Midfielder,Midfielder,Unknown,25,2000-07-29,178.0,70.0,HAI,https://digitalhub.fifa.com/transform/a6ab25e1-5ffa-478b-9a8b-e33411873483/SIMON-Dominique_523215,523215,43908,,,,,,,2026-05-13T00:00:00Z,1,523215
Haiti,HAI,HAI,Group C,Woodensky PIERRE,W. PIERRE,Midfielder,Midfielder,Unknown,26,2004-12-30,177.0,76.0,HAI,https://digitalhub.fifa.com/transform/72f8c310-2cf0-4329-a479-f2b2871201d7/PIERRE-Woodensky_485409,485409,43908,,,,,,,2024-05-23T00:00:00Z,1,485409
IR Iran,IRN,IRN,Group G,Alireza BEIRANVAND,BEIRANVAND,Goalkeeper,Goalkeeper,Unknown,1,1992-09-21,195.0,88.0,IRN,https://digitalhub.fifa.com/transform/c8cf4e84-2bd2-4e20-bb73-c7f14a935b73/BEIRANVAND-Alireza_380007,380007,43817,,,,,,,2014-05-12T00:00:00Z,1,380007
IR Iran,IRN,IRN,Group G,Saleh HARDANI,SALEH,Defender,Defender,Unknown,2,1998-12-26,176.0,68.0,IRN,https://digitalhub.fifa.com/transform/0357126d-f784-46a7-901d-33d54b66598b/HARDANI-Saleh_448505,448505,43817,,,,,,,2022-10-21T00:00:00Z,1,448505
IR Iran,IRN,IRN,Group G,Ehsan HAJISAFI,E. HAJISAFI,Defender,Defender,Unknown,3,1990-02-25,178.0,83.0,IRN,https://digitalhub.fifa.com/transform/6567ec6b-b63d-4163-8729-6e9ad25e32f7/HAJISAFI-Ehsan_288961,288961,43817,,,,,,,2008-02-05T00:00:00Z,1,288961
IR Iran,IRN,IRN,Group G,Shoja KHALILZADEH,SHOJA,Defender,Defender,Unknown,4,1989-05-14,183.0,75.0,IRN,https://digitalhub.fifa.com/transform/509a4e4e-b242-4488-a334-84faac974457/KHALILZADEH-Shoja_346743,346743,43817,,,,,,,2011-08-11T00:00:00Z,1,346743
IR Iran,IRN,IRN,Group G,Milad MOHAMMADI,M. MOHAMMADI,Defender,Defender,Unknown,5,1993-09-29,175.0,70.0,IRN,https://digitalhub.fifa.com/transform/ed36d5fa-f6ab-4e3c-8bdd-1c5cf555f225/MOHAMMADI-Milad_390537,390537,43817,,,,,,,2015-09-02T00:00:00Z,1,390537
IR Iran,IRN,IRN,Group G,Saeid EZATOLAHI,S. EZATOLAHI,Midfielder,Midfielder,Unknown,6,1996-10-01,189.0,89.0,IRN,https://digitalhub.fifa.com/transform/a2e8983e-9596-49b3-8c5c-e398d66e27c5/EZATOLAHI-Saeid_371736,371736,43817,,,,,,,2015-03-12T00:00:00Z,1,371736
IR Iran,IRN,IRN,Group G,Alireza JAHANBAKHSH,A. JAHANBAKHSH,Midfielder,Midfielder,Unknown,7,1993-08-11,180.0,78.0,IRN,https://digitalhub.fifa.com/transform/1bea8439-0136-4f96-ae79-7d165c648b4a/JAHANBAKHSH-Alireza_379886,379886,43817,,,,,,,2014-05-08T00:00:00Z,1,379886
IR Iran,IRN,IRN,Group G,Mohammad MOHEBBI,M. MOHEBBI,Midfielder,Midfielder,Unknown,8,1998-12-20,187.0,83.0,IRN,https://digitalhub.fifa.com/transform/aef63530-cc2b-4b8e-b06b-6c0a9fb90ec0/MOHEBBI-Mohammad_448497,448497,43817,,,,,,,2022-10-21T00:00:00Z,1,448497
IR Iran,IRN,IRN,Group G,Mehdi TAREMI,TAREMI,Forward,Forward,Unknown,9,1992-07-18,187.0,82.0,IRN,https://digitalhub.fifa.com/transform/0d942331-39fb-421e-8a8d-d1f875958559/TAREMI-Mehdi_388475,388475,43817,,,,,,,2015-06-17T00:00:00Z,1,388475
IR Iran,IRN,IRN,Group G,Mehdi GHAYEDI,MEHDI GHAYEDI,Forward,Forward,Unknown,10,1998-12-05,166.0,60.0,IRN,https://digitalhub.fifa.com/transform/df931c9f-862e-411a-bc23-35af4d0d1bd1/GHAYEDI-Mehdi_403236,403236,43817,,,,,,,2022-10-21T00:00:00Z,1,403236
IR Iran,IRN,IRN,Group G,Ali Alipour,A. ALIPOUR,Forward,Forward,Unknown,11,1995-11-11,181.0,75.0,IRN,https://digitalhub.fifa.com/transform/8d61af68-9b44-4ee7-8cc0-a8fd6707a019/ALIPOUR-Ali_416989,416989,43817,,,,,,,2022-10-21T00:00:00Z,1,416989
IR Iran,IRN,IRN,Group G,Payam NIAZMAND,PAYAM,Goalkeeper,Goalkeeper,Unknown,12,1995-04-06,193.0,93.0,IRN,https://digitalhub.fifa.com/transform/5a4d3867-6d31-4e40-8718-312350b29fb4/NIAZMAND-Payam_448507,448507,43817,,,,,,,2022-10-21T00:00:00Z,1,448507
IR Iran,IRN,IRN,Group G,Hossein KANANI,KANANI,Defender,Defender,Unknown,13,1994-03-23,188.0,89.0,IRN,https://digitalhub.fifa.com/transform/20ec6667-ff1b-4fb3-8128-ecf2eb1c6e18/KANANI-Hossein_390534,390534,43817,,,,,,,2015-09-02T00:00:00Z,1,390534
IR Iran,IRN,IRN,Group G,Saman GHODDOS,GHODDOS,Midfielder,Midfielder,Unknown,14,1993-09-06,176.0,77.0,IRN,https://digitalhub.fifa.com/transform/96d480ac-42c5-4dd6-a2f0-6220ea1a0f4b/GHODDOS-Saman_411644,411644,43817,,,,,,,2018-05-14T00:00:00Z,1,411644
IR Iran,IRN,IRN,Group G,Roozbeh CHESHMI,ROOZBEH,Midfielder,Midfielder,Unknown,15,1993-07-24,192.0,82.0,IRN,https://digitalhub.fifa.com/transform/ecf8d94c-609d-4a5c-8375-8c8e92629a59/CHESHMI-Roozbeh_406595,406595,43817,,,,,,,2017-09-14T00:00:00Z,1,406595
IR Iran,IRN,IRN,Group G,Mehdi TORABI,M. TORABI,Midfielder,Midfielder,Unknown,16,1994-09-10,185.0,77.0,IRN,https://digitalhub.fifa.com/transform/f41b26d6-f1d1-47c2-ac56-dbce12a4baef/TORABI-Mehdi_390535,390535,43817,,,,,,,2015-09-02T00:00:00Z,1,390535
IR Iran,IRN,IRN,Group G,Arya YOUSEFI,ARYA,Defender,Defender,Unknown,17,2002-04-22,181.0,78.0,IRN,https://digitalhub.fifa.com/transform/b648ca0d-4664-422c-af5f-da86c97e22b0/YOUSEFI-Arya_481181,481181,43817,,,,,,,2024-01-05T00:00:00Z,1,481181
IR Iran,IRN,IRN,Group G,Amirhossein Hosseinzadeh,AMIRHOSSEIN,Forward,Forward,Unknown,18,2000-10-30,178.0,81.0,IRN,https://digitalhub.fifa.com/transform/94c4de69-a055-4127-b21e-2071a84a4526/HOSSEINZADEH-Amirhossein_405639,405639,43817,,,,,,,2022-03-24T00:00:00Z,1,405639
IR Iran,IRN,IRN,Group G,Ali NEMATI,ALI,Defender,Defender,Unknown,19,1996-02-08,182.0,77.0,IRN,https://digitalhub.fifa.com/transform/22c62fcc-736e-413e-a925-4bb643e3f007/NEMATI-Ali_489603,489603,43817,,,,,,,2024-09-02T00:00:00Z,1,489603
IR Iran,IRN,IRN,Group G,Shahriyar MOGHANLOO,SHAHRIYAR,Forward,Forward,Unknown,20,1994-12-21,189.0,90.0,IRN,https://digitalhub.fifa.com/transform/b0036654-fcd0-4f2c-b924-468f7f63828e/MOGHANLOO-Shahriyar_481180,481180,43817,,,,,,,2024-01-05T00:00:00Z,1,481180
IR Iran,IRN,IRN,Group G,Mohammad GHORBANI,MOHAMMAD,Midfielder,Midfielder,Unknown,21,2001-10-07,190.0,83.0,IRN,https://digitalhub.fifa.com/transform/814c55cf-f0a4-4191-bb6d-81c14881ad72/GHORBANI-Mohammad_482670,482670,43817,,,,,,,2024-03-20T00:00:00Z,1,482670
IR Iran,IRN,IRN,Group G,Hossein HOSSEINI,HOSSEINI,Goalkeeper,Goalkeeper,Unknown,22,1992-06-30,189.0,83.0,IRN,https://digitalhub.fifa.com/transform/65922b90-e1f9-453b-aa7c-b436746fce3c/HOSSEINI-Hossein_314255,314255,43817,,,,,,,2018-05-14T00:00:00Z,1,314255
IR Iran,IRN,IRN,Group G,Ramin REZAEIAN,RAMIN,Defender,Defender,Unknown,23,1990-03-21,184.0,75.0,IRN,https://digitalhub.fifa.com/transform/0aad53c3-8ade-4161-8605-09eed82b2c23/REZAEIAN-Ramin_384797,384797,43817,,,,,,,2015-01-30T00:00:00Z,1,384797
IR Iran,IRN,IRN,Group G,Dennis DARGAHI,DARGAHI,Forward,Forward,Unknown,24,1997-01-09,182.0,82.0,IRN,https://digitalhub.fifa.com/transform/11560f08-8fe3-4acb-b30f-cf1a0b2e83ad/DARGAHI-Dennis_519837,519837,43817,,,,,,,2026-03-24T00:00:00Z,1,519837
IR Iran,IRN,IRN,Group G,Danial IRI,DANIAL,Defender,Defender,Unknown,25,2003-10-26,182.0,75.0,IRN,https://digitalhub.fifa.com/transform/4a94990d-e4cd-4291-922c-b5bbb8a3254f/IRI-Danial_494429,494429,43817,,,,,,,2025-03-18T00:00:00Z,1,494429
IR Iran,IRN,IRN,Group G,Amirmohammad RAZAGHINIA,RAZAGH,Midfielder,Midfielder,Unknown,26,2006-04-11,187.0,84.0,IRN,https://digitalhub.fifa.com/transform/6526cdf8-5f63-4c78-b14d-9af4cdb862af/RAZAGHINIA-Amirmohammad_475921,475921,43817,,,,,,,2025-03-18T00:00:00Z,1,475921
Iraq,IRQ,IRQ,Group I,FAHAD TALIB,FAHAD,Goalkeeper,Goalkeeper,Unknown,1,1994-10-21,192.0,86.0,IRQ,https://digitalhub.fifa.com/transform/70d6d7cd-dcf4-4952-bee5-0f0b869aead7/FAHAD-TALIB_368744,368744,43818,,,,,,,2015-03-12T00:00:00Z,1,368744
Iraq,IRQ,IRQ,Group I,REBIN SULAKA,REBIN SULAKA,Defender,Defender,Unknown,2,1992-04-12,193.0,84.0,IRQ,https://digitalhub.fifa.com/transform/0e08174c-879f-4de0-9709-8fdc59357236/REBIN-GHAREEB_396158,396158,43818,,,,,,,2016-07-25T00:00:00Z,1,396158
Iraq,IRQ,IRQ,Group I,Hussein Ali,HUSSEIN,Defender,Defender,Unknown,3,2002-03-01,182.0,75.0,IRQ,https://digitalhub.fifa.com/transform/9c065420-c134-4227-aef3-d6d07f0a9b8d/HUSSEIN-ALI_479553,479553,43818,,,,,,,2023-11-16T00:00:00Z,1,479553
Iraq,IRQ,IRQ,Group I,ZAID TAHSEEN,ZAID T.,Defender,Defender,Unknown,4,2001-01-29,187.0,76.0,IRQ,https://digitalhub.fifa.com/transform/84a4d1c5-8fe9-4d23-bb47-5dddfdf566bf/ZAID-TAHSEEN_434025,434025,43818,,,,,,,2021-10-28T00:00:00Z,1,434025
Iraq,IRQ,IRQ,Group I,AKAM HASHIM,AKAM,Defender,Defender,Unknown,5,1998-08-16,184.0,74.0,IRQ,https://digitalhub.fifa.com/transform/a0dea4f6-7d64-4613-bdd0-558480ddbc80/AKAM-HASHIM_481183_,481183,43818,,,,,,,2024-01-05T00:00:00Z,1,481183
Iraq,IRQ,IRQ,Group I,MUNAF YOUNUS,MUNAF,Defender,Defender,Unknown,6,1996-11-16,184.0,78.0,IRQ,https://digitalhub.fifa.com/transform/3e21999a-9c29-4610-a6e7-2798b41cf9fe/MUNAF-YOUNUS_434024,434024,43818,,,,,,,2021-10-28T00:00:00Z,1,434024
Iraq,IRQ,IRQ,Group I,YOUSSEF AMYN,YOUSSEF,Midfielder,Midfielder,Unknown,7,2003-08-21,172.0,67.0,IRQ,https://digitalhub.fifa.com/transform/89fe671d-907a-47be-b4b0-4138dc878986/YOUSSEF-AMYN_464458,464458,43818,,,,,,,2023-11-15T00:00:00Z,1,464458
Iraq,IRQ,IRQ,Group I,IBRAHIM BAYESH,IBRAHIM,Midfielder,Midfielder,Unknown,8,2000-05-01,180.0,77.0,IRQ,https://digitalhub.fifa.com/transform/390fdc3f-232a-445d-a80e-1c9cc8a67df7/IBRAHIM-BAYESH_433585,433585,43818,,,,,,,2021-10-06T00:00:00Z,1,433585
Iraq,IRQ,IRQ,Group I,ALI ALHAMADI,AL-HAMADI,Forward,Forward,Unknown,9,2002-03-01,187.0,80.0,IRQ,https://digitalhub.fifa.com/transform/00b5271a-9033-43ab-9073-7b2ec9e4426e/ALI-ALHAMADI_436628,436628,43818,,,,,,,2021-11-14T00:00:00Z,1,436628
Iraq,IRQ,IRQ,Group I,MOHANAD ALI,MOHANAD,Forward,Forward,Unknown,10,2000-06-20,183.0,83.0,IRQ,https://digitalhub.fifa.com/transform/b71272b5-a898-49b9-9de5-35b59168f050/MOHANAD-ALI_422968,422968,43818,,,,,,,2019-09-06T00:00:00Z,1,422968
Iraq,IRQ,IRQ,Group I,AHMED QASEM,AHMED QASEM,Forward,Forward,Unknown,11,2003-07-12,183.0,75.0,IRQ,https://digitalhub.fifa.com/transform/66155853-6cb6-47af-84e6-f8c492fd1b6a/AHMED-QASIM_523236,523236,43818,,,,,,,2026-05-13T00:00:00Z,1,523236
Iraq,IRQ,IRQ,Group I,JALAL HASSAN,JALAL,Goalkeeper,Goalkeeper,Unknown,12,1991-05-18,188.0,80.0,IRQ,https://digitalhub.fifa.com/transform/a7f7a32a-4968-462b-9c34-e8a0d0530b99/JALAL-HASSAN_347085,347085,43818,,,,,,,2011-08-19T00:00:00Z,1,347085
Iraq,IRQ,IRQ,Group I,ALI YOUSIF,ALI Y.,Forward,Forward,Unknown,13,1996-01-19,180.0,74.0,IRQ,https://digitalhub.fifa.com/transform/e9b9b7b4-162e-40c5-91a3-f573cd6a5d39/ALI-YOUSIF_434029,434029,43818,,,,,,,2021-10-28T00:00:00Z,1,434029
Iraq,IRQ,IRQ,Group I,ZIDANE IQBAL,Z. IQBAL,Midfielder,Midfielder,Unknown,14,2003-04-27,183.0,74.0,IRQ,https://digitalhub.fifa.com/transform/d76ebe64-2228-4d03-9c39-fa6332d4d40a/ZIDANE-IQBAL_434026,434026,43818,,,,,,,2021-10-28T00:00:00Z,1,434026
Iraq,IRQ,IRQ,Group I,AHMED MAKNAZI,AHMED H.,Defender,Defender,Unknown,15,2001-09-24,183.0,74.0,IRQ,https://digitalhub.fifa.com/transform/b19b8bfa-2aea-4d19-84a9-94cdf65b3445/AHMED-MAKNAZI_484276,484276,43818,,,,,,,2024-05-23T00:00:00Z,1,484276
Iraq,IRQ,IRQ,Group I,AMIR ALAMMARI,AL-AMMARI,Midfielder,Midfielder,Unknown,16,1997-07-27,180.0,70.0,IRQ,https://digitalhub.fifa.com/transform/d80ff1d4-6bce-462b-bc11-6b4049fe9741/AMIR-ALAMMARI_433074,433074,43818,,,,,,,2021-09-02T00:00:00Z,1,433074
Iraq,IRQ,IRQ,Group I,ALI JASIM,ALI J.,Forward,Forward,Unknown,17,2004-01-20,178.0,71.0,IRQ,https://digitalhub.fifa.com/transform/75d61654-11c8-4646-8e47-7c4c977b29b6/ALI-JASIM_464457,464457,43818,,,,,,,2023-11-10T00:00:00Z,1,464457
Iraq,IRQ,IRQ,Group I,AYMEN HUSSEIN,AYMEN,Forward,Forward,Unknown,18,1996-03-22,190.0,80.0,IRQ,https://digitalhub.fifa.com/transform/388e5207-980c-407a-828c-270fbd4fdff6/AYMEN-HUSSEIN_395186,395186,43818,,,,,,,2015-03-12T00:00:00Z,1,395186
Iraq,IRQ,IRQ,Group I,KEVIN YAKOB,K. YAKOB,Midfielder,Midfielder,Unknown,19,2000-10-10,180.0,75.0,IRQ,https://digitalhub.fifa.com/transform/c9912381-f7e5-4059-a630-ccbee68ebb7f/KEVIN-YAKOB_506069,506069,43818,,,,,,,2025-10-06T00:00:00Z,1,506069
Iraq,IRQ,IRQ,Group I,AIMAR SHER,AIMAR,Midfielder,Midfielder,Unknown,20,2002-12-20,180.0,70.0,IRQ,https://digitalhub.fifa.com/transform/254f7d31-32e2-472f-8c9a-97c37d2a41c8/AIMAR-SHER_493983,493983,43818,,,,,,,2025-02-25T00:00:00Z,1,493983
Iraq,IRQ,IRQ,Group I,MARKO FARJI,MARKO,Forward,Forward,Unknown,21,2004-03-16,185.0,79.0,IRQ,https://digitalhub.fifa.com/transform/97055547-246e-4bc9-8130-5903cd33077d/MARKO-FARJI_484262,484262,43818,,,,,,,2024-05-23T00:00:00Z,1,484262
Iraq,IRQ,IRQ,Group I,AHMED BASIL,AHMED B.,Goalkeeper,Goalkeeper,Unknown,22,1996-08-19,184.0,79.0,IRQ,https://digitalhub.fifa.com/transform/a9d30885-9966-457c-9a44-07e5cf8eee93/AHMED-BASIL_433571,433571,43818,,,,,,,2021-10-06T00:00:00Z,1,433571
Iraq,IRQ,IRQ,Group I,MERCHAS DOSKI,DOSKI,Defender,Defender,Unknown,23,1999-12-07,173.0,70.0,IRQ,https://digitalhub.fifa.com/transform/c2ac4751-fd73-4685-8bb6-de4c07266fda/MERCHAS-DOSKI_479072,479072,43818,,,,,,,2023-11-15T00:00:00Z,1,479072
Iraq,IRQ,IRQ,Group I,ZAID ISMAEL,ZAID I.,Midfielder,Midfielder,Unknown,24,2002-01-03,185.0,73.0,IRQ,https://digitalhub.fifa.com/transform/062e505a-0067-4b87-963d-a0e7ad53decb/ZAID-ISMAEL_484270,484270,43818,,,,,,,2025-10-19T00:00:00Z,1,484270
Iraq,IRQ,IRQ,Group I,MUSTAFA SAADOON,MUSTAFA,Defender,Defender,Unknown,25,2001-05-25,181.0,75.0,IRQ,https://digitalhub.fifa.com/transform/0a9bb9d5-b94d-4978-9fee-6d6baf634c05/MUSTAFA-SAADOON_479056,479056,43818,,,,,,,2023-11-15T00:00:00Z,1,479056
Iraq,IRQ,IRQ,Group I,FRANS PUTROS,FRANS,Defender,Defender,Unknown,26,1993-07-14,182.0,77.0,IRQ,https://digitalhub.fifa.com/transform/e6406961-d495-4d2f-8851-539b32ab43a9/FRANS-PUTROS_436863,436863,43818,,,,,,,2021-11-20T00:00:00Z,1,436863
Japan,JPN,JPN,Group F,Zion Suzuki,SUZUKI,Goalkeeper,Goalkeeper,Unknown,1,2002-08-21,190.0,100.0,JPN,https://digitalhub.fifa.com/transform/7a045252-7c97-4f14-9493-4977e3e3156e/SUZUKI-Zion_405530,405530,43819,,,,,,,2023-04-04T00:00:00Z,1,405530
Japan,JPN,JPN,Group F,Yukinari Sugawara,SUGAWARA,Defender,Defender,Unknown,2,2000-06-28,179.0,71.0,JPN,https://digitalhub.fifa.com/transform/09574b48-f59b-436b-b0db-ab4816a96ede/SUGAWARA-Yukinari_405528,405528,43819,,,,,,,2022-10-21T00:00:00Z,1,405528
Japan,JPN,JPN,Group F,Shogo TANIGUCHI,TANIGUCHI,Defender,Defender,Unknown,3,1991-07-15,185.0,75.0,JPN,https://digitalhub.fifa.com/transform/339c7ce2-356d-4b5f-8aed-58e4040a6f62/TANIGUCHI-Shogo_390541,390541,43819,,,,,,,2015-09-02T00:00:00Z,1,390541
Japan,JPN,JPN,Group F,Kou ITAKURA,ITAKURA,Defender,Defender,Unknown,4,1997-01-27,188.0,80.0,JPN,https://digitalhub.fifa.com/transform/5797a9db-f271-4f10-a480-1a0fdde80b7b/ITAKURA-Kou_400511,400511,43819,,,,,,,2022-02-01T00:00:00Z,1,400511
Japan,JPN,JPN,Group F,Yuto NAGATOMO,NAGATOMO,Defender,Defender,Unknown,5,1986-09-12,170.0,68.0,JPN,https://digitalhub.fifa.com/transform/719252dc-c983-411f-875b-13a0f6acd967/NAGATOMO-Yuto_291372,291372,43819,,,,,,,2011-01-07T00:00:00Z,1,291372
Japan,JPN,JPN,Group F,Shuto MACHINO,MACHINO,Forward,Forward,Unknown,6,1999-09-30,185.0,81.0,JPN,https://digitalhub.fifa.com/transform/8d060ae7-d04d-4bc3-9b76-d4ad6b52a0c3/MACHINO-Shuto_448569,448569,43819,,,,,,,2022-10-21T00:00:00Z,1,448569
Japan,JPN,JPN,Group F,Ao TANAKA,TANAKA,Midfielder,Midfielder,Unknown,7,1998-09-10,180.0,75.0,JPN,https://digitalhub.fifa.com/transform/c041ee70-6920-4696-afe9-5a9982dc9a2b/TANAKA-Ao_400514,400514,43819,,,,,,,2022-03-23T00:00:00Z,1,400514
Japan,JPN,JPN,Group F,Takefusa KUBO,KUBO,Midfielder,Midfielder,Unknown,8,2001-06-04,173.0,67.0,JPN,https://digitalhub.fifa.com/transform/7391febf-1e97-4ce1-89c8-0e3ae529ae81/KUBO-Takefusa_403304,403304,43819,,,,,,,2022-03-24T00:00:00Z,1,403304
Japan,JPN,JPN,Group F,Keisuke GOTO,GOTO,Forward,Forward,Unknown,9,2005-06-03,191.0,70.0,JPN,https://digitalhub.fifa.com/transform/389ec308-0914-4e7e-95e6-302c1d7bb0b0/GOTO-Keisuke_464339,464339,43819,,,,,,,2025-11-16T00:00:00Z,1,464339
Japan,JPN,JPN,Group F,Ritsu DOAN,DOAN,Midfielder,Midfielder,Unknown,10,1998-06-16,172.0,70.0,JPN,https://digitalhub.fifa.com/transform/e69df72a-0135-4989-802c-e2c85556cd00/DOAN-Ritsu_391646,391646,43819,,,,,,,2022-10-21T00:00:00Z,1,391646
Japan,JPN,JPN,Group F,Daizen MAEDA,DAIZEN,Midfielder,Midfielder,Unknown,11,1997-10-20,173.0,67.0,JPN,https://digitalhub.fifa.com/transform/42bcfad9-f62c-4238-a0e6-2f38b3757e2a/MAEDA-Daizen_430407,430407,43819,,,,,,,2022-10-21T00:00:00Z,1,430407
Japan,JPN,JPN,Group F,Keisuke OSAKO,OSAKO,Goalkeeper,Goalkeeper,Unknown,12,1999-07-28,188.0,87.0,JPN,https://digitalhub.fifa.com/transform/4304491f-2404-4e52-a9c3-948c95a01f5a/OSAKO-Keisuke_403305,403305,43819,,,,,,,2022-10-21T00:00:00Z,1,403305
Japan,JPN,JPN,Group F,Keito Nakamura,NAKAMURA,Midfielder,Midfielder,Unknown,13,2000-07-28,180.0,73.0,JPN,https://digitalhub.fifa.com/transform/fa77e0e6-716b-463e-b210-252bbd18e2d9/NAKAMURA-Keito_405522,405522,43819,,,,,,,2023-11-16T00:00:00Z,1,405522
Japan,JPN,JPN,Group F,Junya ITO,ITO,Midfielder,Midfielder,Unknown,14,1993-03-09,177.0,68.0,JPN,https://digitalhub.fifa.com/transform/87ce677a-e78d-474c-bfd7-b7dc77e89e62/ITO-Junya_395321,395321,43819,,,,,,,2021-09-02T00:00:00Z,1,395321
Japan,JPN,JPN,Group F,Daichi KAMADA,KAMADA,Midfielder,Midfielder,Unknown,15,1996-08-05,180.0,72.0,JPN,https://digitalhub.fifa.com/transform/40432f8c-1b4a-444e-b3a4-709164e708d6/KAMADA-Daichi_448557,448557,43819,,,,,,,2022-10-21T00:00:00Z,1,448557
Japan,JPN,JPN,Group F,Tsuyoshi Watanabe,WATANABE,Defender,Defender,Unknown,16,1997-02-05,184.0,76.0,JPN,https://digitalhub.fifa.com/transform/c7ca3373-d0e0-451d-963a-9e68025385e7/WATANABE-Tsuyoshi_430401,430401,43819,,,,,,,2023-11-16T00:00:00Z,1,430401
Japan,JPN,JPN,Group F,Yuito SUZUKI,Y. SUZUKI,Midfielder,Midfielder,Unknown,17,2001-10-25,175.0,71.0,JPN,https://digitalhub.fifa.com/transform/820d40f4-df00-46d9-a36f-3f7eb523d099/SUZUKI-Yuito_485503,485503,43819,,,,,,,2024-06-05T00:00:00Z,1,485503
Japan,JPN,JPN,Group F,Ayase UEDA,AYASE,Forward,Forward,Unknown,18,1998-08-28,182.0,76.0,JPN,https://digitalhub.fifa.com/transform/1b05e82f-94e8-470d-9c12-f9bdf1a0e080/UEDA-Ayase_430413,430413,43819,,,,,,,2022-03-23T00:00:00Z,1,430413
Japan,JPN,JPN,Group F,Koki OGAWA,OGAWA,Forward,Forward,Unknown,19,1997-08-08,186.0,78.0,JPN,https://digitalhub.fifa.com/transform/3b346456-0904-4429-ac8d-1acb2c2a1934/OGAWA-Koki_403293,403293,43819,,,,,,,2023-11-16T00:00:00Z,1,403293
Japan,JPN,JPN,Group F,Ayumu SEKO,SEKO,Defender,Defender,Unknown,20,2000-06-07,186.0,81.0,JPN,https://digitalhub.fifa.com/transform/2c33d7cc-d75e-427f-9aa9-2dac0872e561/SEKO-Ayumu_405527,405527,43819,,,,,,,2022-10-21T00:00:00Z,1,405527
Japan,JPN,JPN,Group F,Hiroki ITO,H. ITO,Defender,Defender,Unknown,21,1999-05-12,188.0,84.0,JPN,https://digitalhub.fifa.com/transform/68ebc735-7e69-4908-98b7-b6d691e9cbf7/ITO-Hiroki_403274,403274,43819,,,,,,,2022-10-21T00:00:00Z,1,403274
Japan,JPN,JPN,Group F,Takehiro TOMIYASU,TOMIYASU,Defender,Defender,Unknown,22,1998-11-05,187.0,84.0,JPN,https://digitalhub.fifa.com/transform/959b632f-531d-420a-85af-5d0fc3c83d5f/TOMIYASU-Takehiro_403289,403289,43819,,,,,,,2022-10-21T00:00:00Z,1,403289
Japan,JPN,JPN,Group F,Tomoki HAYAKAWA,HAYAKAWA,Goalkeeper,Goalkeeper,Unknown,23,1999-03-03,187.0,81.0,JPN,https://digitalhub.fifa.com/transform/d81ad421-1126-4549-a89f-3fafd8db2a97/HAYAKAWA-Tomoki_511710,511710,43819,,,,,,,2025-10-12T00:00:00Z,1,511710
Japan,JPN,JPN,Group F,Kaishu SANO,SANO,Midfielder,Midfielder,Unknown,24,2000-12-30,176.0,67.0,JPN,https://digitalhub.fifa.com/transform/f5caca4b-2a48-4d7d-906e-1c2c39a6f15c/SANO-Kaishu_479294,479294,43819,,,,,,,2023-11-16T00:00:00Z,1,479294
Japan,JPN,JPN,Group F,Junnosuke SUZUKI,J. SUZUKI,Defender,Defender,Unknown,25,2003-07-12,180.0,71.0,JPN,https://digitalhub.fifa.com/transform/8c87dc57-4626-4945-a93a-b6f5a5620947/SUZUKI-Junnosuke_498455,498455,43819,,,,,,,2025-05-30T00:00:00Z,1,498455
Japan,JPN,JPN,Group F,Kento SHIOGAI,SHIOGAI,Forward,Forward,Unknown,26,2005-03-26,180.0,77.0,JPN,https://digitalhub.fifa.com/transform/86999b3c-aa5d-46d6-b42e-1601dd197182/SHIOGAI-Kento_520218,520218,43819,,,,,,,2026-03-28T00:00:00Z,1,520218
Jordan,JOR,JOR,Group J,YAZEED ABULAILA,YAZEED,Goalkeeper,Goalkeeper,Unknown,1,1993-01-08,188.0,87.0,JOR,https://digitalhub.fifa.com/transform/155d55d5-4b94-4b50-9ed1-b9a102a501a2/YAZEED-ABULAILA_397894,397894,43820,,,,,,,2016-09-16T00:00:00Z,1,397894
Jordan,JOR,JOR,Group J,MOHAMMAD ABUHASHEESH,ABU HASHEESH,Defender,Defender,Unknown,2,1995-05-09,179.0,74.0,JOR,https://digitalhub.fifa.com/transform/8eb95381-e0eb-4965-8602-af3d79e14e66/MOHAMMAD-ABUHASHEESH_433526,433526,43820,,,,,,,2021-10-01T00:00:00Z,1,433526
Jordan,JOR,JOR,Group J,ABDALLAH NASIB,NASIB,Defender,Defender,Unknown,3,1994-02-25,184.0,78.0,JOR,https://digitalhub.fifa.com/transform/0f29b15d-1537-42c4-889b-ce58534b5b59/ABDALLAH-NASIB_433527,433527,43820,,,,,,,2021-10-01T00:00:00Z,1,433527
Jordan,JOR,JOR,Group J,HUSAM ABUDAHAB,ABU DAHAB,Defender,Defender,Unknown,4,2000-05-13,186.0,81.0,JOR,https://digitalhub.fifa.com/transform/90bde687-8728-4d4d-aa72-524b2b251caa/HUSAM-ABUDAHAB_489550,489550,43820,,,,,,,2024-09-02T00:00:00Z,1,489550
Jordan,JOR,JOR,Group J,YAZAN ALARAB,ALARAB,Defender,Defender,Unknown,5,1996-01-31,185.0,87.0,JOR,https://digitalhub.fifa.com/transform/f69b7b80-4362-431e-9e25-32c7d0a92c88/YAZAN-ALARAB_431225,431225,43820,,,,,,,2021-06-04T00:00:00Z,1,431225
Jordan,JOR,JOR,Group J,AMER JAMOUS,JAMOUS,Midfielder,Midfielder,Unknown,6,2002-07-03,177.0,76.0,JOR,https://digitalhub.fifa.com/transform/554abed3-9771-464a-a75d-ac4c1f550eca/AMER-JAMOUS_491167,491167,43820,,,,,,,2024-10-07T00:00:00Z,1,491167
Jordan,JOR,JOR,Group J,MOHAMMAD ABUZRAIQ,ABU ZRAIQ,Forward,Forward,Unknown,7,1997-12-30,170.0,70.0,JOR,https://digitalhub.fifa.com/transform/14c04e8c-82ca-4feb-83ff-f89fa146d91f/MOHAMMAD-ABUZRAIQ_431208,431208,43820,,,,,,,2021-06-04T00:00:00Z,1,431208
Jordan,JOR,JOR,Group J,NOOR ALRAWABDEH,ALRAWABDEH,Midfielder,Midfielder,Unknown,8,1997-02-24,182.0,75.0,JOR,https://digitalhub.fifa.com/transform/1d0f7594-2192-4227-9ad5-696e4212f0ee/NOOR-ALRAWABDEH_431230,431230,43820,,,,,,,2021-06-04T00:00:00Z,1,431230
Jordan,JOR,JOR,Group J,ALI OLWAN,OLWAN,Forward,Forward,Unknown,9,2000-03-26,182.0,81.0,JOR,https://digitalhub.fifa.com/transform/f9806f7c-f81f-4653-a81a-9bbcfcd587c9/ALI-OLWAN_431212,431212,43820,,,,,,,2021-06-04T00:00:00Z,1,431212
Jordan,JOR,JOR,Group J,MOUSA ALTAMARI,ALTAMARI,Forward,Forward,Unknown,10,1997-06-10,176.0,70.0,JOR,https://digitalhub.fifa.com/transform/e999f9d2-7ca2-4d4d-b7ba-33c1ee96b375/MOUSA-ALTAMARI_431211,431211,43820,,,,,,,2021-06-04T00:00:00Z,1,431211
Jordan,JOR,JOR,Group J,ODEH FAKHOURY,ODEH,Forward,Forward,Unknown,11,2005-11-22,180.0,69.0,JOR,https://digitalhub.fifa.com/transform/07e6d74d-1e09-4278-97e4-4b0bfcba2de8/ODEH-FAKHOURY_511875,511875,43820,,,,,,,2025-10-15T00:00:00Z,1,511875
Jordan,JOR,JOR,Group J,NOUR BANIATEYAH,BANI ATEYAH,Goalkeeper,Goalkeeper,Unknown,12,1993-01-25,179.0,76.0,JOR,https://digitalhub.fifa.com/transform/6c4042af-5cac-4b05-94b8-c57aa8f3083f/NOUR-BANIATEYAH_483127,483127,43820,,,,,,,2024-03-26T00:00:00Z,1,483127
Jordan,JOR,JOR,Group J,MAHMOUD ALMARDI,ALMARDI,Forward,Forward,Unknown,13,1993-10-06,173.0,72.0,JOR,https://digitalhub.fifa.com/transform/1e7a3a2d-fca9-400e-8a5a-244eadc0fb92/MAHMOUD-ALMARDI_396950,396950,43820,,,,,,,2016-08-16T00:00:00Z,1,396950
Jordan,JOR,JOR,Group J,RAJAEI AYED,RAJA'EI,Midfielder,Midfielder,Unknown,14,1993-07-25,175.0,70.0,JOR,https://digitalhub.fifa.com/transform/98cfccc5-8732-4a13-a4ec-127c4e886d90/RAJAEI-AYED_384850,384850,43820,,,,,,,2015-02-04T00:00:00Z,1,384850
Jordan,JOR,JOR,Group J,IBRAHIM SADEH,SA'DEH,Midfielder,Midfielder,Unknown,15,2000-04-27,175.0,70.0,JOR,https://digitalhub.fifa.com/transform/e6579a9e-8548-4bdb-bbef-36f3fb6c1b81/IBRAHIM-SADEH_431209,431209,43820,,,,,,,2021-06-04T00:00:00Z,1,431209
Jordan,JOR,JOR,Group J,MOHAMMAD ABUALNADI,ABU ALNADI,Defender,Defender,Unknown,16,2001-02-08,185.0,80.0,JOR,https://digitalhub.fifa.com/transform/e4e0ffbc-e1af-44f4-8c2e-50bd2dffc4c4/MOHAMMAD-ABUALNADI_489551,489551,43820,,,,,,,2024-09-02T00:00:00Z,1,489551
Jordan,JOR,JOR,Group J,SALEEM OBAID,SALEEM,Defender,Defender,Unknown,17,1992-01-17,187.0,82.0,JOR,https://digitalhub.fifa.com/transform/647ecc0e-11c2-4d0e-9b48-2d8137a00b85/SALEEM-OBAID_499102,499102,43820,,,,,,,2025-06-04T00:00:00Z,1,499102
Jordan,JOR,JOR,Group J,MOHAMMAD ABUGHOUSH,ABU GHOUSH,Midfielder,Midfielder,Unknown,18,2005-07-13,182.0,80.0,JOR,https://digitalhub.fifa.com/transform/5ee84ee8-8e6a-4a6d-aff9-42538c323659/MOHAMMAD-ABUGHOUSH_520068,520068,43820,,,,,,,2026-03-26T00:00:00Z,1,520068
Jordan,JOR,JOR,Group J,SAED ALROSAN,SA'ED,Defender,Defender,Unknown,19,1997-02-01,186.0,83.0,JOR,https://digitalhub.fifa.com/transform/432e3e68-f3d2-4bdf-bc69-1523ff9c2333/SAED-ALROSAN_431219,431219,43820,,,,,,,2021-06-04T00:00:00Z,1,431219
Jordan,JOR,JOR,Group J,MOHANNAD ABUTAHA,ABU TAHA,Midfielder,Midfielder,Unknown,20,2003-02-02,173.0,76.0,JOR,https://digitalhub.fifa.com/transform/8ba117bd-6dd8-4fc7-aecd-47cf173c362c/MOHANNAD-ABUTAHA_386415,479389,43820,,,,,,,2023-11-16T00:00:00Z,1,479389
Jordan,JOR,JOR,Group J,NIZAR ALRASHDAN,NIZAR,Midfielder,Midfielder,Unknown,21,1999-03-23,183.0,74.0,JOR,https://digitalhub.fifa.com/transform/59b03f3e-6636-4277-bca1-698bde2070b9/NIZAR-ALRASHDAN_433534,433534,43820,,,,,,,2021-10-01T00:00:00Z,1,433534
Jordan,JOR,JOR,Group J,ABDALLAH ALFAKHORI,ALFAKHORI,Goalkeeper,Goalkeeper,Unknown,22,2000-01-22,190.0,80.0,JOR,https://digitalhub.fifa.com/transform/3f7678fc-eab6-4d7c-81a4-2341b7f3ab10/ABDALLAH-ALFAKHORI_431223,431223,43820,,,,,,,2021-06-04T00:00:00Z,1,431223
Jordan,JOR,JOR,Group J,EHSAN HADDAD,EHSAN,Defender,Defender,Unknown,23,1994-02-05,174.0,78.0,JOR,https://digitalhub.fifa.com/transform/59f676b5-4f37-4206-8c37-5c2aecdd3b9e/EHSAN-HADDAD_389437,389437,43820,,,,,,,2015-08-27T00:00:00Z,1,389437
Jordan,JOR,JOR,Group J,ALI AZAIZEH,AZAIZEH,Forward,Forward,Unknown,24,2004-04-13,178.0,77.0,JOR,https://digitalhub.fifa.com/transform/1097b48f-74a2-4506-97b3-2dd48364441a/ALI-AZAIZEH_498514,498514,43820,,,,,,,2025-05-30T00:00:00Z,1,498514
Jordan,JOR,JOR,Group J,MOHAMMAD ALDAOUD,ALDAOUD,Midfielder,Midfielder,Unknown,25,1992-04-12,185.0,81.0,JOR,https://digitalhub.fifa.com/transform/479933f0-a2bb-4231-88ea-3bf2c826ed54/MOHAMMAD-ALDAOUD_45191,45191,43820,,,,,,,2015-01-01T00:00:00Z,1,45191
Jordan,JOR,JOR,Group J,ANAS BADAWI,BADAWI,Defender,Defender,Unknown,26,1997-09-13,174.0,70.0,JOR,https://digitalhub.fifa.com/transform/c5fbd430-c7f3-4d67-9d16-e7f4e17a872a/ANAS-BADAWI_511889,511889,43820,,,,,,,2025-10-15T00:00:00Z,1,511889
Korea Republic,KOR,KOR,Group A,KIM Seunggyu,SEUNGGYU,Goalkeeper,Goalkeeper,Unknown,1,1990-09-30,187.0,80.0,KOR,https://digitalhub.fifa.com/transform/d4c2a3d5-e369-4813-97eb-16669f83dd78/KIM-Seunggyu_274281,274281,43822,,,,,,,2014-06-12T00:00:00Z,1,274281
Korea Republic,KOR,KOR,Group A,LEE Hanbeom,HANBEOM,Defender,Defender,Unknown,2,2002-06-17,188.0,72.0,KOR,https://digitalhub.fifa.com/transform/5486bd22-b834-4885-acde-af11531a61ba/LEE-Hanbeom_423874,423874,43822,,,,,,,2024-08-26T00:00:00Z,1,423874
Korea Republic,KOR,KOR,Group A,LEE Gihyuk,GIHYUK,Midfielder,Midfielder,Unknown,3,2000-07-07,184.0,72.0,KOR,https://digitalhub.fifa.com/transform/d52ff87a-7e84-497a-bb8e-3feb453ea7c6/LEE-Gihyuk_492315,492315,43822,,,,,,,2024-11-13T00:00:00Z,1,492315
Korea Republic,KOR,KOR,Group A,KIM Minjae,MINJAE,Defender,Defender,Unknown,4,1996-11-15,190.0,83.0,KOR,https://digitalhub.fifa.com/transform/743f3b76-7c6e-484c-8f62-4f4e22c082ae/KIM-Minjae_395088,395088,43822,,,,,,,2015-03-12T00:00:00Z,1,395088
Korea Republic,KOR,KOR,Group A,KIM Taehyeon,TAEHYEON,Defender,Defender,Unknown,5,2000-09-17,186.0,83.0,KOR,https://digitalhub.fifa.com/transform/34616f93-215c-4a2f-8fcc-4f22a8732d64/KIM-Taehyeon_418485,418485,43822,,,,,,,2025-10-23T00:00:00Z,1,418485
Korea Republic,KOR,KOR,Group A,HWANG Inbeom,INBEOM,Midfielder,Midfielder,Unknown,6,1996-09-20,177.0,70.0,KOR,https://digitalhub.fifa.com/transform/70be8ce3-bc90-4585-8871-a951dabf811e/HWANG-Inbeom_395084,395084,43822,,,,,,,2022-02-02T00:00:00Z,1,395084
Korea Republic,KOR,KOR,Group A,SON Heungmin,HEUNGMIN,Forward,Forward,Unknown,7,1992-07-08,183.0,76.0,KOR,https://digitalhub.fifa.com/transform/f9694bf1-eb42-4d26-9503-e988bd32a435/SON-Heungmin_307849,307849,43822,,,,,,,2011-01-07T00:00:00Z,1,307849
Korea Republic,KOR,KOR,Group A,PAIK Seungho,SEUNGHO,Midfielder,Midfielder,Unknown,8,1997-03-17,182.0,72.0,KOR,https://digitalhub.fifa.com/transform/369d8cea-dbe3-48fb-8a8a-e55180bf1fca/PAIK-Seungho_402817,402817,43822,,,,,,,2022-10-21T00:00:00Z,1,402817
Korea Republic,KOR,KOR,Group A,CHO Guesung,GUESUNG,Forward,Forward,Unknown,9,1998-01-25,188.0,82.0,KOR,https://digitalhub.fifa.com/transform/6efa6506-c1f1-4659-8249-9bc800f32691/CHO-Guesung_430387,430387,43822,,,,,,,2021-11-11T00:00:00Z,1,430387
Korea Republic,KOR,KOR,Group A,LEE Jaesung,JAESUNG,Midfielder,Midfielder,Unknown,10,1992-08-10,180.0,70.0,KOR,https://digitalhub.fifa.com/transform/daa227b2-f837-4fc4-bdc3-b5436c92b2e6/LEE-Jaesung_390525,390525,43822,,,,,,,2015-09-02T00:00:00Z,1,390525
Korea Republic,KOR,KOR,Group A,HWANG Heechan,HEECHAN,Midfielder,Midfielder,Unknown,11,1996-01-26,177.0,77.0,KOR,https://digitalhub.fifa.com/transform/8460686d-d2c7-4d3e-98a5-f797400470ed/HWANG-Heechan_395083,395083,43822,,,,,,,2015-03-12T00:00:00Z,1,395083
Korea Republic,KOR,KOR,Group A,SONG Bumkeun,BUMKEUN,Goalkeeper,Goalkeeper,Unknown,12,1997-10-15,196.0,90.0,KOR,https://digitalhub.fifa.com/transform/a45e87b1-92c4-4d33-ac9b-1bca03075996/SONG-Bumkeun_402820,402820,43822,,,,,,,2022-03-23T00:00:00Z,1,402820
Korea Republic,KOR,KOR,Group A,LEE Taeseok,TAESEOK,Defender,Defender,Unknown,13,2002-07-28,174.0,71.0,KOR,https://digitalhub.fifa.com/transform/f2a9ce7b-5d5a-4ec7-9def-79407ccc338b/LEE-Taeseok_423880,423880,43822,,,,,,,2024-11-10T00:00:00Z,1,423880
Korea Republic,KOR,KOR,Group A,CHO Wije,WIJE,Defender,Defender,Unknown,14,2001-08-25,190.0,80.0,KOR,https://digitalhub.fifa.com/transform/11bf36a2-f7f4-4078-978f-70d1119d8f7f/CHO-Wije_522282,522282,43822,,,,,,,2026-05-11T00:00:00Z,1,522282
Korea Republic,KOR,KOR,Group A,KIM Moonhwan ,MOONHWAN,Defender,Defender,Unknown,15,1995-08-01,173.0,64.0,KOR,https://digitalhub.fifa.com/transform/352f1315-e0c8-46fd-b0f4-5f56cac5ff18/KIM-Moonhwan_448580,448580,43822,,,,,,,2022-10-21T00:00:00Z,1,448580
Korea Republic,KOR,KOR,Group A,PARK Jinseob,JINSEOB,Defender,Defender,Unknown,16,1995-10-23,183.0,80.0,KOR,https://digitalhub.fifa.com/transform/a335e21c-19b8-4406-a3fb-e40bc056bd9f/PARK-Jinseob_479316,479316,43822,,,,,,,2023-11-16T00:00:00Z,1,479316
Korea Republic,KOR,KOR,Group A,BAE Junho,JUNHO,Midfielder,Midfielder,Unknown,17,2003-08-21,180.0,70.0,KOR,https://digitalhub.fifa.com/transform/58d034cc-0ae7-4caf-b6d1-41d12d129dd2/BAE-Junho_464374,464374,43822,,,,,,,2024-01-03T00:00:00Z,1,464374
Korea Republic,KOR,KOR,Group A,OH Hyeongyu,HYEONGYU,Forward,Forward,Unknown,18,2001-04-12,183.0,72.0,KOR,https://digitalhub.fifa.com/transform/e273b84d-3432-4404-8c33-7ecaaa2bc214/OH-Hyeongyu_448586,448586,43822,,,,,,,2022-10-21T00:00:00Z,1,448586
Korea Republic,KOR,KOR,Group A,LEE Kangin,KANGIN,Midfielder,Midfielder,Unknown,19,2001-02-19,174.0,72.0,KOR,https://digitalhub.fifa.com/transform/a54e995b-caa3-43c4-981f-b54ada7f678d/LEE-Kangin_418490,418490,43822,,,,,,,2022-10-21T00:00:00Z,1,418490
Korea Republic,KOR,KOR,Group A,YANG Hyunjun ,HYUNJUN,Midfielder,Midfielder,Unknown,20,2002-05-25,179.0,73.0,KOR,https://digitalhub.fifa.com/transform/537b866b-290c-4da9-a0bb-5984410d1509/YANG-Hyunjun_448585,448585,43822,,,,,,,2022-10-21T00:00:00Z,1,448585
Korea Republic,KOR,KOR,Group A,JO Hyeonwoo,HYEONWOO,Goalkeeper,Goalkeeper,Unknown,21,1991-09-25,189.0,75.0,KOR,https://digitalhub.fifa.com/transform/15bfe432-3e69-4900-b736-50ee6fd20cb5/JO-Hyeonwoo_397753,397753,43822,,,,,,,2016-09-05T00:00:00Z,1,397753
Korea Republic,KOR,KOR,Group A,SEOL Youngwoo,YOUNGWOO,Defender,Defender,Unknown,22,1998-12-05,180.0,72.0,KOR,https://digitalhub.fifa.com/transform/db3b1a56-6cf2-42ad-9d02-139333d68f38/SEOL-Youngwoo_429608,429608,43822,,,,,,,2023-11-10T00:00:00Z,1,429608
Korea Republic,KOR,KOR,Group A,CASTROP Jens,JENS,Defender,Defender,Unknown,23,2003-07-29,178.0,71.0,KOR,https://digitalhub.fifa.com/transform/d758ee8c-58aa-4562-8b5c-96612458f567/CASTROP-Jens_511828,511828,43822,,,,,,,2025-10-14T00:00:00Z,1,511828
Korea Republic,KOR,KOR,Group A,KIM Jingyu,JINGYU,Midfielder,Midfielder,Unknown,24,1997-02-24,177.0,68.0,KOR,https://digitalhub.fifa.com/transform/b2fd3864-92cd-4846-8be2-880887b9c3ac/KIM-Jingyu_430385,430385,43822,,,,,,,2022-10-21T00:00:00Z,1,430385
Korea Republic,KOR,KOR,Group A,EOM Jisung,JISUNG,Midfielder,Midfielder,Unknown,25,2002-05-09,177.0,70.0,KOR,https://digitalhub.fifa.com/transform/f45da0fb-c909-4517-81e8-9a69347ac43c/EOM-Jisung_423855,423855,43822,,,,,,,2022-10-21T00:00:00Z,1,423855
Korea Republic,KOR,KOR,Group A,LEE Donggyeong,DONGGYEONG,Midfielder,Midfielder,Unknown,26,1997-09-20,175.0,68.0,KOR,https://digitalhub.fifa.com/transform/5bef6cf8-e976-4ab2-89e1-6f8a886712f9/LEE-Donggyeong_429600,429600,43822,,,,,,,2022-10-21T00:00:00Z,1,429600
Mexico,MEX,MEX,Group A,Raul RANGEL,R. RANGEL,Goalkeeper,Goalkeeper,Unknown,1,2000-02-25,190.0,87.0,MEX,https://digitalhub.fifa.com/transform/3ea092ae-841d-4dc6-9ca0-78eb4dfb97c7/RANGEL-Raul_485070,485070,43911,,,,,,,2024-05-20T00:00:00Z,1,485070
Mexico,MEX,MEX,Group A,Jorge SANCHEZ,J. SÁNCHEZ,Defender,Defender,Unknown,2,1997-12-10,176.0,72.0,MEX,https://digitalhub.fifa.com/transform/8640d435-8aba-4b52-a864-9952d3a6db5c/SANCHEZ-Jorge_403596,403596,43911,,,,,,,2022-03-25T00:00:00Z,1,403596
Mexico,MEX,MEX,Group A,Cesar MONTES,C. MONTES,Defender,Defender,Unknown,3,1997-02-24,191.0,70.0,MEX,https://digitalhub.fifa.com/transform/c8c3fa3a-9001-4221-ab3c-754158c0ad8a/MONTES-Cesar_395516,395516,43911,,,,,,,2015-03-22T00:00:00Z,1,395516
Mexico,MEX,MEX,Group A,Edson ALVAREZ,E. ÁLVAREZ,Defender,Defender,Unknown,4,1997-10-24,180.0,76.0,MEX,https://digitalhub.fifa.com/transform/b1581870-6bef-4c29-9a06-f306bbf03ca8/ALVAREZ-Edson_400634,400634,43911,,,,,,,2017-06-07T00:00:00Z,1,400634
Mexico,MEX,MEX,Group A,Johan VASQUEZ,J. VÁSQUEZ,Defender,Defender,Unknown,5,1998-10-22,182.0,72.0,MEX,https://digitalhub.fifa.com/transform/838cb65f-3d60-4acb-855d-35a364c25f1a/VASQUEZ-Johan_425701,425701,43911,,,,,,,2022-03-25T00:00:00Z,1,425701
Mexico,MEX,MEX,Group A,Erik LIRA,E. LIRA,Midfielder,Midfielder,Unknown,6,2000-05-08,172.0,70.0,MEX,https://digitalhub.fifa.com/transform/83109586-542d-4950-83eb-f3388757ef90/LIRA-Erik_419518,419518,43911,,,,,,,2022-10-21T00:00:00Z,1,419518
Mexico,MEX,MEX,Group A,Luis ROMO,L. ROMO,Midfielder,Midfielder,Unknown,7,1995-06-05,183.0,81.0,MEX,https://digitalhub.fifa.com/transform/bc7f864e-c553-4995-9eb3-62139e29a7d7/ROMO-Luis_430763,430763,43911,,,,,,,2021-11-13T00:00:00Z,1,430763
Mexico,MEX,MEX,Group A,Alvaro FIDALGO,FIDALGO,Midfielder,Midfielder,Unknown,8,1997-04-09,175.0,66.0,MEX,https://digitalhub.fifa.com/transform/fda68f1a-eceb-4219-8f1b-ed6b1f2e37ed/FIDALGO-Alvaro_416576,416576,43911,,,,,,,2026-02-06T00:00:00Z,1,416576
Mexico,MEX,MEX,Group A,Raul JIMENEZ,RAÚL,Forward,Forward,Unknown,9,1991-05-05,188.0,79.0,MEX,https://digitalhub.fifa.com/transform/ec48d7a7-0cf7-4fc8-b999-e3c15fee5e98/JIMENEZ-Raul_356731,356731,43911,,,,,,,2013-01-01T00:00:00Z,1,356731
Mexico,MEX,MEX,Group A,Alexis VEGA,A. VEGA,Forward,Forward,Unknown,10,1997-11-25,175.0,73.0,MEX,https://digitalhub.fifa.com/transform/eeeba73b-bc80-47f5-a1ff-f38f94ff2ee0/VEGA-Alexis_430766,430766,43911,,,,,,,2021-09-03T00:00:00Z,1,430766
Mexico,MEX,MEX,Group A,Santiago GIMENEZ,S. GIMENEZ,Forward,Forward,Unknown,11,2001-04-18,180.0,75.0,MEX,https://digitalhub.fifa.com/transform/0e27d0c6-e057-4d0c-a603-3843fcd0c542/GIMENEZ-Santiago_430759,430759,43911,,,,,,,2022-03-25T00:00:00Z,1,430759
Mexico,MEX,MEX,Group A,Carlos ACEVEDO,C. ACEVEDO,Goalkeeper,Goalkeeper,Unknown,12,1996-04-19,185.0,82.0,MEX,https://digitalhub.fifa.com/transform/b84beeec-be0c-493f-85fd-362bf0ead5c6/ACEVEDO-Carlos_441260,441260,43911,,,,,,,2022-03-25T00:00:00Z,1,441260
Mexico,MEX,MEX,Group A,Guillermo OCHOA,G. OCHOA,Goalkeeper,Goalkeeper,Unknown,13,1985-07-13,185.0,76.0,MEX,https://digitalhub.fifa.com/transform/fedeac9f-968d-4d4c-b08a-5b2bf157c396/OCHOA-Guillermo_215285,215285,43911,,,,,,,2004-11-05T00:00:00Z,1,215285
Mexico,MEX,MEX,Group A,Armando GONZALEZ,A. GONZÁLEZ,Forward,Forward,Unknown,14,2003-04-20,182.0,74.0,MEX,https://digitalhub.fifa.com/transform/81ce3e70-d37d-4109-b423-8cc7732527a1/GONZALEZ-Armando_514336,514336,43911,,,,,,,2025-11-18T00:00:00Z,1,514336
Mexico,MEX,MEX,Group A,Israel REYES,I. REYES,Defender,Defender,Unknown,15,2000-05-23,181.0,78.0,MEX,https://digitalhub.fifa.com/transform/1e7c7c32-135c-46ba-9aff-429bfb1478aa/REYES-Israel_441261,441261,43911,,,,,,,2022-03-25T00:00:00Z,1,441261
Mexico,MEX,MEX,Group A,Julian QUINONES,J. QUIÑONES,Forward,Forward,Unknown,16,1997-03-24,177.0,78.0,MEX,https://digitalhub.fifa.com/transform/ea06becb-97b2-4f89-8464-5e0854cb7f81/QUINONES-Julian_429157,429157,43911,,,,,,,2023-10-21T00:00:00Z,1,429157
Mexico,MEX,MEX,Group A,Orbelin PINEDA,ORBELÍN,Midfielder,Midfielder,Unknown,17,1996-03-24,169.0,70.0,MEX,https://digitalhub.fifa.com/transform/ef0f99d9-6838-4b25-8a18-ecd9638bd51f/PINEDA-Orbelin_372090,372090,43911,,,,,,,2015-03-22T00:00:00Z,1,372090
Mexico,MEX,MEX,Group A,Obed VARGAS,O. VARGAS,Midfielder,Midfielder,Unknown,18,2005-08-05,175.0,70.0,MEX,https://digitalhub.fifa.com/transform/c0990d50-6120-459c-a66a-bd91ee7e46bc/VARGAS-Obed_461177,461177,43911,,,,,,,2024-05-23T00:00:00Z,1,461177
Mexico,MEX,MEX,Group A,Gilberto MORA,G. MORA,Midfielder,Midfielder,Unknown,19,2008-10-14,175.0,75.0,MEX,https://digitalhub.fifa.com/transform/028c85e0-509a-43c4-904a-58ce2d4f6f24/MORA-Gilberto_500037,500037,43911,,,,,,,2025-06-12T00:00:00Z,1,500037
Mexico,MEX,MEX,Group A,Mateo CHAVEZ,M. CHÁVEZ,Defender,Defender,Unknown,20,2004-05-12,178.0,73.0,MEX,https://digitalhub.fifa.com/transform/8e8884ee-8964-4fb7-82d8-8a5d341e79a6/CHAVEZ-Mateo_500038,500038,43911,,,,,,,2025-06-12T00:00:00Z,1,500038
Mexico,MEX,MEX,Group A,Cesar HUERTA,C. HUERTA,Forward,Forward,Unknown,21,2000-12-03,171.0,61.0,MEX,https://digitalhub.fifa.com/transform/c5a00320-abe6-4d97-9892-e4afaf601fed/HUERTA-Cesar_406135,406135,43911,,,,,,,2023-11-30T00:00:00Z,1,406135
Mexico,MEX,MEX,Group A,Guillermo MARTINEZ,G. MARTÍNEZ,Forward,Forward,Unknown,22,1995-03-15,191.0,87.0,MEX,https://digitalhub.fifa.com/transform/7f04e2d8-1f0b-491e-8551-5a856979bc97/MARTINEZ-Guillermo_386339,386339,43911,,,,,,,2024-03-08T00:00:00Z,1,386339
Mexico,MEX,MEX,Group A,Jesus GALLARDO,J. GALLARDO,Defender,Defender,Unknown,23,1994-08-15,174.0,71.0,MEX,https://digitalhub.fifa.com/transform/f1417540-93cb-4b82-9cfe-223e877d5923/GALLARDO-Jesus_402772,402772,43911,,,,,,,2017-03-30T00:00:00Z,1,402772
Mexico,MEX,MEX,Group A,Luis CHAVEZ,L. CHÁVEZ,Midfielder,Midfielder,Unknown,24,1996-01-15,178.0,75.0,MEX,https://digitalhub.fifa.com/transform/a09b97d9-6b02-45d4-aae8-b8ed274e5634/CHAVEZ-Luis_448051,448051,43911,,,,,,,2022-10-21T00:00:00Z,1,448051
Mexico,MEX,MEX,Group A,Roberto ALVARADO,R. ALVARADO,Forward,Forward,Unknown,25,1998-09-07,176.0,74.0,MEX,https://digitalhub.fifa.com/transform/b1a8a14a-2a27-4524-a6ed-679aca39d35d/ALVARADO-Roberto_403585,403585,43911,,,,,,,2022-03-25T00:00:00Z,1,403585
Mexico,MEX,MEX,Group A,Brian GUTIERREZ,B. GUTIÉRREZ,Midfielder,Midfielder,Unknown,26,2003-06-17,178.0,68.0,MEX,https://digitalhub.fifa.com/transform/dbca9708-0922-4d1d-97cb-1aa53696d6bd/GUTIERREZ-Brian_464533,464533,43911,,,,,,,2026-03-28T00:00:00Z,1,464533
Morocco,MAR,MAR,Group C,Yassine BOUNOU,BONO,Goalkeeper,Goalkeeper,Unknown,1,1991-04-05,192.0,77.0,MAR,https://digitalhub.fifa.com/transform/338ae8a7-8734-423e-ae54-2f783dba77ce/BOUNOU-Yassine_356956,356956,43872,,,,,,,2011-11-11T00:00:00Z,1,356956
Morocco,MAR,MAR,Group C,Achraf HAKIMI,HAKIMI,Defender,Defender,Unknown,2,1998-11-04,180.0,78.0,MAR,https://digitalhub.fifa.com/transform/22c6ca49-7262-4799-8a9f-530e427321ac/HAKIMI-Achraf_400721,400721,43872,,,,,,,2017-10-02T00:00:00Z,1,400721
Morocco,MAR,MAR,Group C,Noussair MAZRAOUI,MAZRAOUI,Defender,Defender,Unknown,3,1997-11-14,183.0,79.0,MAR,https://digitalhub.fifa.com/transform/000d2b43-36ff-4fe5-90d8-23c96e555c56/MAZRAOUI-Noussair_411680,411680,43872,,,,,,,2018-05-14T00:00:00Z,1,411680
Morocco,MAR,MAR,Group C,Sofyan AMRABAT,AMRABAT,Midfielder,Midfielder,Unknown,4,1996-08-21,185.0,85.0,MAR,https://digitalhub.fifa.com/transform/cf6efacc-6c34-4679-b833-b2c5371b4ee6/AMRABAT-Sofyan_372266,372266,43872,,,,,,,2015-10-07T00:00:00Z,1,372266
Morocco,MAR,MAR,Group C,Marwane SAADANE,SAADANE,Defender,Defender,Unknown,5,1992-01-17,185.0,79.0,MAR,https://digitalhub.fifa.com/transform/d46e989c-a503-485f-b507-57705654cd55/MARWANE-SAADANE_395760,395760,43872,,,,,,,2016-06-29T00:00:00Z,1,395760
Morocco,MAR,MAR,Group C,Ayyoub BOUADDI,BOUADDI,Midfielder,Midfielder,Unknown,6,2007-10-02,185.0,75.0,MAR,https://digitalhub.fifa.com/transform/37fafcb6-10c1-4e8d-b2a7-898ae14fa1a3/BOUADDI-Ayyoub_485760,485760,43872,,,,,,,2026-06-17T00:00:00Z,1,485760
Morocco,MAR,MAR,Group C,Chemsdine TALBI,TALBI,Midfielder,Midfielder,Unknown,7,2005-05-09,175.0,70.0,MAR,https://digitalhub.fifa.com/transform/b6d54dcf-25e8-4e0f-a155-60e051b4a86e/TALBI-Chemsdine_494293,494293,43872,,,,,,,2025-03-17T00:00:00Z,1,494293
Morocco,MAR,MAR,Group C,Azzedine OUNAHI,OUNAHI,Midfielder,Midfielder,Unknown,8,2000-04-19,182.0,65.0,MAR,https://digitalhub.fifa.com/transform/f823c3da-d540-436c-9b56-bfccdc4b51bc/OUNAHI-Azzedine_441307,441307,43872,,,,,,,2022-03-25T00:00:00Z,1,441307
Morocco,MAR,MAR,Group C,Soufiane RAHIMI,RAHIMI,Forward,Forward,Unknown,9,1996-06-02,180.0,75.0,MAR,https://digitalhub.fifa.com/transform/7de765a2-f6c6-4d70-badd-a929c4cab547/RAHIMI-Soufiane_433426,433426,43872,,,,,,,2021-10-03T00:00:00Z,1,433426
Morocco,MAR,MAR,Group C,Brahim DIAZ,BRAHIM,Forward,Forward,Unknown,10,1999-08-03,170.0,68.0,MAR,https://digitalhub.fifa.com/transform/b05c2233-cb0a-4abc-9413-e56ad25f0899/DIAZ-Brahim_430740,430740,43872,,,,,,,2024-03-12T00:00:00Z,1,430740
Morocco,MAR,MAR,Group C,Ismael SAIBARI,SAIBARI,Midfielder,Midfielder,Unknown,11,2001-01-28,185.0,81.0,MAR,https://digitalhub.fifa.com/transform/250526c6-26b5-4425-8a21-231c7952e34d/SAIBARI-Ismael_448598,448598,43872,,,,,,,2022-10-21T00:00:00Z,1,448598
Morocco,MAR,MAR,Group C,Munir EL KAJOUI,EL KAJOUI,Goalkeeper,Goalkeeper,Unknown,12,1989-05-10,190.0,79.0,MAR,https://digitalhub.fifa.com/transform/20f762ed-3248-4b2d-8a4c-5f1e3891291f/EL-KAJOUI-Munir_395755,395755,43872,,,,,,,2016-06-29T00:00:00Z,1,395755
Morocco,MAR,MAR,Group C,Zakaria EL OUAHDI,EL OUAHDI,Defender,Defender,Unknown,13,2001-12-31,171.0,69.0,MAR,https://digitalhub.fifa.com/transform/beeb6801-c7ca-401a-b1ab-21db95f44198/EL-OUAHDI-Zakaria_485756,485756,43872,,,,,,,2025-07-16T00:00:00Z,1,485756
Morocco,MAR,MAR,Group C,Issa Diop,ISSA,Defender,Defender,Unknown,14,1997-01-09,194.0,88.0,MAR,https://digitalhub.fifa.com/transform/a89dc777-6262-4c1e-8b22-a9a9e5bf7300/DIOP-Issa_403083,403083,43872,,,,,,,2026-03-26T00:00:00Z,1,403083
Morocco,MAR,MAR,Group C,Samir EL MOURABET,EL MOURABET,Midfielder,Midfielder,Unknown,15,2005-10-06,187.0,72.0,MAR,https://digitalhub.fifa.com/transform/1c4672ea-a846-45f7-ae85-85ec7559a30c/EL-MOURABET-Samir_505097,505097,43872,,,,,,,2026-03-26T00:00:00Z,1,505097
Morocco,MAR,MAR,Group C,Gessime YASSINE,YASSINE,Midfielder,Midfielder,Unknown,16,2005-11-22,172.0,56.0,MAR,https://digitalhub.fifa.com/transform/dd763e4f-0cfe-44b1-8e18-ea842260c807/YASSINE-Gessime_505112,505112,43872,,,,,,,2026-03-26T00:00:00Z,1,505112
Morocco,MAR,MAR,Group C,Amine SBAI,SBAÏ,Forward,Forward,Unknown,17,2000-11-05,175.0,72.0,MAR,https://digitalhub.fifa.com/transform/d75890bc-bbe6-46a2-ab20-5655effe3479/AMINE-SBAI_524320,524320,43872,,,,,,,2026-05-27T00:00:00Z,1,524320
Morocco,MAR,MAR,Group C,Chadi RIAD,RIAD,Defender,Defender,Unknown,18,2003-06-17,186.0,78.0,MAR,https://digitalhub.fifa.com/transform/074f7da4-2459-4f56-b245-0b496782d067/RIAD-Chadi_448607,448607,43872,,,,,,,2022-10-21T00:00:00Z,1,448607
Morocco,MAR,MAR,Group C,Youssef BELAMMARI,BELAMMARI,Defender,Defender,Unknown,19,1998-09-20,175.0,70.0,MAR,https://digitalhub.fifa.com/transform/616a2660-9465-4f4f-a565-e354f3890a81/BELAMMARI-Youssef_494742,494742,43872,,,,,,,2025-03-25T00:00:00Z,1,494742
Morocco,MAR,MAR,Group C,Ayoub El Kaabi,EL KAABI,Forward,Forward,Unknown,20,1993-06-25,182.0,80.0,MAR,https://digitalhub.fifa.com/transform/207a8ba8-3f3f-4f86-9730-335f21c1924f/EL-KAABI-Ayoub_411678,411678,43872,,,,,,,2018-05-14T00:00:00Z,1,411678
Morocco,MAR,MAR,Group C,Ayoube AMAIMOUNI,Ayoube AMAIMOUNI,Forward,Forward,Unknown,21,2004-11-30,179.0,70.0,MAR,https://digitalhub.fifa.com/transform/54730a6f-bb75-4909-b3c3-37441159d78e/AMAIMOUNI-Ayoub_523288,523288,43872,,,,,,,2026-05-13T00:00:00Z,1,523288
Morocco,MAR,MAR,Group C,Ahmed Reda TAGNAOUTI,TAGNAOUTI,Goalkeeper,Goalkeeper,Unknown,22,1996-04-05,194.0,84.0,MAR,https://digitalhub.fifa.com/transform/3efabccf-6fc5-4192-b000-ea89f4b63c06/TAGNAOUTI-Ahmed-Reda_371553,371553,43872,,,,,,,2015-10-07T00:00:00Z,1,371553
Morocco,MAR,MAR,Group C,Bilal EL KHANNOUSS,EL KHANNOUSS,Midfielder,Midfielder,Unknown,23,2004-05-10,180.0,70.0,MAR,https://digitalhub.fifa.com/transform/8e73a0cb-8200-4870-b0bc-12901de8076f/EL-KHANNOUSS-Bilal_448612,448612,43872,,,,,,,2022-10-21T00:00:00Z,1,448612
Morocco,MAR,MAR,Group C,Neil EL AYNAOUI,EL AYNAOUI,Midfielder,Midfielder,Unknown,24,2001-07-02,185.0,80.0,MAR,https://digitalhub.fifa.com/transform/3d04af2c-60a8-48c8-be3e-d13bf5373c0c/EL-AYNAOUI-Neil_485740,485740,43872,,,,,,,2025-08-29T00:00:00Z,1,485740
Morocco,MAR,MAR,Group C,Redouane HALHAL,HALHAL,Defender,Defender,Unknown,25,2003-03-05,189.0,82.0,MAR,https://digitalhub.fifa.com/transform/e515f777-c663-46b0-87e3-9f467c48184f/HALHAL-Redouane_485767,485767,43872,,,,,,,2026-03-26T00:00:00Z,1,485767
Morocco,MAR,MAR,Group C,Anass SALAH EDDINE,SALAH-EDDINE,Defender,Defender,Unknown,26,2002-01-18,181.0,66.0,MAR,https://digitalhub.fifa.com/transform/06a01d87-4cc8-4a19-b4c3-b4902454e44e/SALAH-EDDINE-Anass_424071,424071,43872,,,,,,,2025-10-22T00:00:00Z,1,424071
Netherlands,NED,NED,Group F,Bart Verbruggen,VERBRUGGEN,Goalkeeper,Goalkeeper,Unknown,1,2002-08-18,193.0,89.0,NED,https://digitalhub.fifa.com/transform/44bfd693-27d5-4d36-823e-5ff0e6cd2524/VERBRUGGEN-Bart_424081,424081,43960,,,,,,,2022-10-18T00:00:00Z,1,424081
Netherlands,NED,NED,Group F,Lutsharel GEERTRUIDA,GEERTRUIDA,Defender,Defender,Unknown,2,2000-07-18,185.0,82.0,NED,https://digitalhub.fifa.com/transform/1248c411-1f1f-436d-9731-3b1c3b6db0e6/GEERTRUIDA-Lutsharel_483553,483553,43960,,,,,,,2024-04-16T00:00:00Z,1,483553
Netherlands,NED,NED,Group F,Marten DE ROON,DE ROON,Midfielder,Midfielder,Unknown,3,1991-03-29,186.0,76.0,NED,https://digitalhub.fifa.com/transform/bf755ec0-abe7-4790-ad87-a2dc6d709654/DE-ROON-Marten_402044,402044,43960,,,,,,,2017-02-17T00:00:00Z,1,402044
Netherlands,NED,NED,Group F,Virgil VAN DIJK,VIRGIL,Defender,Defender,Unknown,4,1991-07-08,195.0,92.0,NED,https://digitalhub.fifa.com/transform/df0e21eb-c210-4ea6-ab2c-0ac13635a9f8/VAN-DIJK-Virgil_397786,397786,43960,,,,,,,2016-09-07T00:00:00Z,1,397786
Netherlands,NED,NED,Group F,Nathan AKE,AKÉ,Defender,Defender,Unknown,5,1995-02-18,180.0,84.0,NED,https://digitalhub.fifa.com/transform/e44b0c79-cb0b-4ce8-bace-7530a516371f/AKE-Nathan_336088,336088,43960,,,,,,,2016-09-04T00:00:00Z,1,336088
Netherlands,NED,NED,Group F,Jan Paul VAN HECKE,Jan Paul VAN HECKE,Defender,Defender,Unknown,6,2000-06-08,189.0,79.0,NED,https://digitalhub.fifa.com/transform/eb113fdd-d066-44a9-a0dc-7bf075fdc57f/VAN-HECKE-Jan-Paul_489517,489517,43960,,,,,,,2024-08-30T00:00:00Z,1,489517
Netherlands,NED,NED,Group F,Justin KLUIVERT,KLUIVERT,Midfielder,Midfielder,Unknown,7,1999-05-05,173.0,66.0,NED,https://digitalhub.fifa.com/transform/a80059a3-3430-4e4a-b6c6-fecc2edf4627/KLUIVERT-Justin_478364,478364,43960,,,,,,,2024-01-26T00:00:00Z,1,478364
Netherlands,NED,NED,Group F,Ryan GRAVENBERCH,GRAVENBERCH,Midfielder,Midfielder,Unknown,8,2002-05-16,190.0,83.0,NED,https://digitalhub.fifa.com/transform/ad5fe14f-b29c-4c20-8477-b00bf14c413f/GRAVENBERCH-Ryan_430176,430176,43960,,,,,,,2021-03-31T00:00:00Z,1,430176
Netherlands,NED,NED,Group F,Wout WEGHORST,WEGHORST,Forward,Forward,Unknown,9,1992-08-07,197.0,90.0,NED,https://digitalhub.fifa.com/transform/3b0de826-85e3-4404-9dbc-6e6ac7675ae3/WEGHORST-Wout_448159,448159,43960,,,,,,,2022-10-21T00:00:00Z,1,448159
Netherlands,NED,NED,Group F,Memphis DEPAY,MEMPHIS,Forward,Forward,Unknown,10,1994-02-13,178.0,78.0,NED,https://digitalhub.fifa.com/transform/6fe9f49e-5f45-4a44-9807-579be23fc0db/DEPAY-Memphis_336098,336098,43960,,,,,,,2012-09-07T00:00:00Z,1,336098
Netherlands,NED,NED,Group F,Cody GAKPO,GAKPO,Forward,Forward,Unknown,11,1999-05-07,193.0,78.0,NED,https://digitalhub.fifa.com/transform/bbb5637f-0587-4ddd-8a82-604c0d921bb3/GAKPO-Cody_448152,448152,43960,,,,,,,2022-10-21T00:00:00Z,1,448152
Netherlands,NED,NED,Group F,Mats WIEFFER,WIEFFER,Defender,Defender,Unknown,12,1999-11-16,189.0,78.0,NED,https://digitalhub.fifa.com/transform/df746a89-9b34-41d7-8d45-39dc4f010e12/WIEFFER-Mats_483481,483481,43960,,,,,,,2024-04-16T00:00:00Z,1,483481
Netherlands,NED,NED,Group F,Robin ROEFS,ROEFS,Goalkeeper,Goalkeeper,Unknown,13,2003-01-17,193.0,72.0,NED,https://digitalhub.fifa.com/transform/557e5592-2bf9-4d43-8d51-ee7e2881cb65/ROEFS-Robin_506028,506028,43960,,,,,,,2025-09-01T00:00:00Z,1,506028
Netherlands,NED,NED,Group F,Tijjani REIJNDERS,REIJNDERS,Midfielder,Midfielder,Unknown,14,1998-07-29,178.0,80.0,NED,https://digitalhub.fifa.com/transform/3f7090ee-2e95-4b6c-a098-729b07484fb2/REIJNDERS-Tijjani_483526,483526,43960,,,,,,,2024-04-16T00:00:00Z,1,483526
Netherlands,NED,NED,Group F,Micky VAN DE VEN,VAN DE VEN,Defender,Defender,Unknown,15,2001-04-19,193.0,81.0,NED,https://digitalhub.fifa.com/transform/f9f50877-4cd1-4ab9-83d8-2908ad6fbc70/VAN-DE-VEN-Micky_448140,448140,43960,,,,,,,2022-10-21T00:00:00Z,1,448140
Netherlands,NED,NED,Group F,Guus TIL,TIL,Midfielder,Midfielder,Unknown,16,1997-12-22,188.0,78.0,NED,https://digitalhub.fifa.com/transform/79d54014-e674-49c2-8b01-94958f41743a/TIL-Guus_448157,448157,43960,,,,,,,2022-10-21T00:00:00Z,1,448157
Netherlands,NED,NED,Group F,Noa LANG,LANG,Forward,Forward,Unknown,17,1999-06-17,176.0,70.0,NED,https://digitalhub.fifa.com/transform/683cef55-109a-4bc3-a41a-8bb4d64d556f/LANG-Noa_448153,448153,43960,,,,,,,2022-10-21T00:00:00Z,1,448153
Netherlands,NED,NED,Group F,Donyell Malen,MALEN,Forward,Forward,Unknown,18,1999-01-19,178.0,68.0,NED,https://digitalhub.fifa.com/transform/15ebb030-92ea-4165-aa63-5136719b5c7f/MALEN-Donyell_433066,433066,43960,,,,,,,2021-09-02T00:00:00Z,1,433066
Netherlands,NED,NED,Group F,Brian BROBBEY,BROBBEY,Forward,Forward,Unknown,19,2002-02-01,181.0,80.0,NED,https://digitalhub.fifa.com/transform/15246275-ff97-404c-bac3-ce793d98c744/BROBBEY-Brian_424051,424051,43960,,,,,,,2022-10-18T00:00:00Z,1,424051
Netherlands,NED,NED,Group F,Teun KOOPMEINERS,KOOPMEINERS,Midfielder,Midfielder,Unknown,20,1998-02-28,185.0,84.0,NED,https://digitalhub.fifa.com/transform/dd457729-e889-46e1-9845-f6e1b194893e/KOOPMEINERS-Teun_448149,448149,43960,,,,,,,2022-10-21T00:00:00Z,1,448149
Netherlands,NED,NED,Group F,Frenkie DE JONG,F. DE JONG,Midfielder,Midfielder,Unknown,21,1997-05-12,181.0,74.0,NED,https://digitalhub.fifa.com/transform/fe8176f7-bf45-49fc-bd5e-0bfd0c834992/DE-JONG-Frenkie_422657,422657,43960,,,,,,,2022-10-18T00:00:00Z,1,422657
Netherlands,NED,NED,Group F,Denzel DUMFRIES,DUMFRIES,Defender,Defender,Unknown,22,1996-04-18,188.0,80.0,NED,https://digitalhub.fifa.com/transform/f2a2746b-7691-40c4-a052-60db3219a856/DUMFRIES-Denzel_436612,436612,43960,,,,,,,2021-11-14T00:00:00Z,1,436612
Netherlands,NED,NED,Group F,Mark FLEKKEN,FLEKKEN,Goalkeeper,Goalkeeper,Unknown,23,1993-06-13,195.0,87.0,NED,https://digitalhub.fifa.com/transform/c3d85e26-25ec-46df-957c-9e5feee3faf3/FLEKKEN-Mark_448151,448151,43960,,,,,,,2022-10-21T00:00:00Z,1,448151
Netherlands,NED,NED,Group F,Crysencio SUMMERVILLE,SUMMERVILLE,Forward,Forward,Unknown,24,2001-10-30,172.0,63.0,NED,https://digitalhub.fifa.com/transform/86e9f724-fc5f-4969-92e3-ac658dafacdd/SUMMERVILLE-Crysencio_489518,489518,43960,,,,,,,2024-08-30T00:00:00Z,1,489518
Netherlands,NED,NED,Group F,Jorrel HATO,HATO,Defender,Defender,Unknown,25,2006-03-07,182.0,77.0,NED,https://digitalhub.fifa.com/transform/16b4bf89-fc63-492a-afd1-6f400e8eed92/HATO-Jorrel_483512,483512,43960,,,,,,,2024-04-16T00:00:00Z,1,483512
Netherlands,NED,NED,Group F,Quinten TIMBER,Q. TIMBER,Midfielder,Midfielder,Unknown,26,2001-06-17,176.0,71.0,NED,https://digitalhub.fifa.com/transform/ac98da17-3346-4d88-b52f-4ce34c82f587/TIMBER-Quinten_484859,484859,43960,,,,,,,2024-05-17T00:00:00Z,1,484859
New Zealand,NZL,NZL,Group G,Max CROCOMBE,CROCOMBE,Goalkeeper,Goalkeeper,Unknown,1,1993-08-12,190.0,85.0,NZL,https://digitalhub.fifa.com/transform/0d8fc4f9-7330-4eaa-bbf0-7dfccbec09db/CROCOMBE-Max_368535,368535,43978,,,,,,,2015-08-31T00:00:00Z,1,368535
New Zealand,NZL,NZL,Group G,Tim PAYNE,PAYNE,Defender,Defender,Unknown,2,1994-01-10,179.0,78.0,NZL,https://digitalhub.fifa.com/transform/2fd43bf7-76f0-4733-88d4-5d5ca820e91c/PAYNE-Tim_331463,331463,43978,,,,,,,2012-06-01T00:00:00Z,1,331463
New Zealand,NZL,NZL,Group G,Francis DE VRIES,DE VRIES,Defender,Defender,Unknown,3,1994-11-28,181.0,75.0,NZL,https://digitalhub.fifa.com/transform/0f1a06e9-76d0-480c-950a-667f11d41171/DE-VRIES-Francis_440748,440748,43978,,,,,,,2022-03-16T00:00:00Z,1,440748
New Zealand,NZL,NZL,Group G,Tyler BINDON,BINDON,Defender,Defender,Unknown,4,2005-01-27,190.0,85.0,NZL,https://digitalhub.fifa.com/transform/14976514-36f8-43b9-80c8-67fb73d13d6b/BINDON-Tyler_482775,482775,43978,,,,,,,2024-03-20T00:00:00Z,1,482775
New Zealand,NZL,NZL,Group G,Michael BOXALL,BOXALL,Defender,Defender,Unknown,5,1988-08-18,191.0,95.0,NZL,https://digitalhub.fifa.com/transform/e4d41670-878d-4717-b07c-84d09a5f6938/BOXALL-Michael_261367,261367,43978,,,,,,,2011-11-18T00:00:00Z,1,261367
New Zealand,NZL,NZL,Group G,Joe BELL,BELL,Midfielder,Midfielder,Unknown,6,1999-04-27,182.0,82.0,NZL,https://digitalhub.fifa.com/transform/37f084e5-faf4-4447-bdf1-c7ac8b0fa6e8/BELL-Joe_390181,390181,43978,,,,,,,2022-03-16T00:00:00Z,1,390181
New Zealand,NZL,NZL,Group G,Logan ROGERSON,ROGERSON,Forward,Forward,Unknown,7,1998-05-28,182.0,75.0,NZL,https://digitalhub.fifa.com/transform/009066e3-bc4c-48e9-af6c-1a7065946bd5/LOGAN-ROGERSON_390205,390205,43978,,,,,,,2015-08-31T00:00:00Z,1,390205
New Zealand,NZL,NZL,Group G,Marko STAMENIC,STAMENIC,Midfielder,Midfielder,Unknown,8,2002-02-19,188.0,78.0,NZL,https://digitalhub.fifa.com/transform/b0e38724-034f-4d1e-a08a-def455a86569/STAMENIC-Marko_423595,423595,43978,,,,,,,2022-03-16T00:00:00Z,1,423595
New Zealand,NZL,NZL,Group G,Chris WOOD,WOOD,Forward,Forward,Unknown,9,1991-12-07,191.0,94.0,NZL,https://digitalhub.fifa.com/transform/431bf921-6e73-469f-87bd-3fb2c010966e/WOOD-Chris_274078,274078,43978,,,,,,,2009-03-26T00:00:00Z,1,274078
New Zealand,NZL,NZL,Group G,Sarpreet SINGH,SINGH,Midfielder,Midfielder,Unknown,10,1999-02-20,180.0,70.0,NZL,https://digitalhub.fifa.com/transform/3c43e6c2-50b4-4cb3-ba2e-e94f9a928edd/SINGH-Sarpreet_390209,390209,43978,,,,,,,2023-04-11T00:00:00Z,1,390209
New Zealand,NZL,NZL,Group G,Elijah JUST,JUST,Midfielder,Midfielder,Unknown,11,2000-05-01,176.0,70.0,NZL,https://digitalhub.fifa.com/transform/fe32736f-5d5f-4870-8db3-5b4560835f53/JUST-Elijah_405454,405454,43978,,,,,,,2022-03-16T00:00:00Z,1,405454
New Zealand,NZL,NZL,Group G,Alex PAULSEN,PAULSEN,Goalkeeper,Goalkeeper,Unknown,12,2002-07-04,193.0,76.0,NZL,https://digitalhub.fifa.com/transform/10106faa-f53a-4898-b03a-6688ff48cf53/PAULSEN-Alex_423574,423574,43978,,,,,,,2024-03-18T00:00:00Z,1,423574
New Zealand,NZL,NZL,Group G,Liberato CACACE,CACACE,Defender,Defender,Unknown,13,2000-09-27,182.0,82.0,NZL,https://digitalhub.fifa.com/transform/0954fe05-e301-4ec1-a8ad-2aaccc60d8a7/CACACE-Liberato_405469,405469,43978,,,,,,,2022-03-16T00:00:00Z,1,405469
New Zealand,NZL,NZL,Group G,Alex RUFER,RUFER,Midfielder,Midfielder,Unknown,14,1996-06-12,180.0,73.0,NZL,https://digitalhub.fifa.com/transform/cc41974e-475a-4ba0-bb88-ec792a18c3ab/RUFER-Alex_371142,371142,43978,,,,,,,2015-08-31T00:00:00Z,1,371142
New Zealand,NZL,NZL,Group G,Nando PIJNAKER,PIJNAKER,Defender,Defender,Unknown,15,1999-02-25,185.0,90.0,NZL,https://digitalhub.fifa.com/transform/73a44115-3c98-4cb3-b1d8-4e20cdc7ba23/PIJNAKER-Nando_419572,419572,43978,,,,,,,2022-03-16T00:00:00Z,1,419572
New Zealand,NZL,NZL,Group G,Finn SURMAN,SURMAN,Defender,Defender,Unknown,16,2003-09-23,190.0,83.0,NZL,https://digitalhub.fifa.com/transform/99c5d1bb-fd52-4ce3-a0e0-8f2e8b1083cf/SURMAN-Finn_463580,463580,43978,,,,,,,2024-03-18T00:00:00Z,1,463580
New Zealand,NZL,NZL,Group G,Kosta BARBAROUSES,BARBAROUSES,Forward,Forward,Unknown,17,1990-02-19,171.0,74.0,NZL,https://digitalhub.fifa.com/transform/485b38ee-9a46-4494-b518-952574e944e6/BARBAROUSES-Kosta_269592,269592,43978,,,,,,,2007-08-25T00:00:00Z,1,269592
New Zealand,NZL,NZL,Group G,Ben WAINE,WAINE,Forward,Forward,Unknown,18,2001-06-11,185.0,80.0,NZL,https://digitalhub.fifa.com/transform/88f867f6-433a-4846-a145-fc06b8aac544/WAINE-Ben_419577,419577,43978,,,,,,,2022-03-16T00:00:00Z,1,419577
New Zealand,NZL,NZL,Group G,Ben OLD,OLD,Midfielder,Midfielder,Unknown,19,2002-08-13,173.0,65.0,NZL,https://digitalhub.fifa.com/transform/40fc67b2-858c-4985-9db3-ef1e32b864e9/OLD-Ben_423575,423575,43978,,,,,,,2022-03-16T00:00:00Z,1,423575
New Zealand,NZL,NZL,Group G,Callum McCOWATT,MCCOWATT,Midfielder,Midfielder,Unknown,20,1999-04-30,180.0,75.0,NZL,https://digitalhub.fifa.com/transform/e2c1ff8e-bc45-46aa-b217-a6c2c588c497/McCOWATT-Callum_390196,390196,43978,,,,,,,2022-03-16T00:00:00Z,1,390196
New Zealand,NZL,NZL,Group G,Jesse RANDALL,RANDALL,Forward,Forward,Unknown,21,2002-08-19,176.0,72.0,NZL,https://digitalhub.fifa.com/transform/22bc60f6-3a5a-4df2-8493-b3193cf0cf22/RANDALL-Jesse_416652,416652,43978,,,,,,,2024-06-07T00:00:00Z,1,416652
New Zealand,NZL,NZL,Group G,Michael WOUD,WOUD,Goalkeeper,Goalkeeper,Unknown,22,1999-01-16,196.0,89.0,NZL,https://digitalhub.fifa.com/transform/a9766a27-9d3c-4856-8462-396d87ee2335/WOUD-Michael_390218,390218,43978,,,,,,,2023-04-11T00:00:00Z,1,390218
New Zealand,NZL,NZL,Group G,Ryan THOMAS,THOMAS,Midfielder,Midfielder,Unknown,23,1994-12-20,176.0,70.0,NZL,https://digitalhub.fifa.com/transform/daf68d11-59d7-46f3-98ec-25a359c8a3a9/THOMAS-Ryan_336641,336641,43978,,,,,,,2015-08-31T00:00:00Z,1,336641
New Zealand,NZL,NZL,Group G,Callan ELLIOT,ELLIOT,Defender,Defender,Unknown,24,1999-07-07,177.0,70.0,NZL,https://digitalhub.fifa.com/transform/0758a55c-7ba4-4988-bcd8-c2401d5fc9d1/ELLIOT-Callan_419567,419567,43978,,,,,,,2025-09-06T00:00:00Z,1,419567
New Zealand,NZL,NZL,Group G,Lachlan BAYLISS,BAYLISS,Midfielder,Midfielder,Unknown,25,2002-07-24,178.0,75.0,NZL,https://digitalhub.fifa.com/transform/d63e6762-f433-47f1-82b3-be3627b12941/BAYLISS-Lachlan_484817,484817,43978,,,,,,,2026-02-27T00:00:00Z,1,484817
New Zealand,NZL,NZL,Group G,Tommy SMITH,SMITH,Defender,Defender,Unknown,26,1990-03-31,188.0,84.0,NZL,https://digitalhub.fifa.com/transform/a0a2def6-be1c-4394-973e-25d82ed70792/SMITH-Tommy_274102,274102,43978,,,,,,,2010-02-01T00:00:00Z,1,274102
Norway,NOR,NOR,Group I,Orjan NYLAND,NYLAND,Goalkeeper,Goalkeeper,Unknown,1,1990-09-10,192.0,91.0,NOR,https://digitalhub.fifa.com/transform/4abc883f-1368-46d6-8849-308d06b641e6/NYLAND-Orjan_373235,373235,43961,,,,,,,2013-09-10T00:00:00Z,1,373235
Norway,NOR,NOR,Group I,Morten Thorsby,THORSBY,Midfielder,Midfielder,Unknown,2,1996-05-05,188.0,76.0,NOR,https://digitalhub.fifa.com/transform/b1ea3949-8267-4285-b1ed-200204779d50/THORSBY-Morten_433067,433067,43961,,,,,,,2021-09-02T00:00:00Z,1,433067
Norway,NOR,NOR,Group I,Kristoffer AJER,VASSBAKK AJER,Defender,Defender,Unknown,3,1998-04-17,198.0,87.0,NOR,https://digitalhub.fifa.com/transform/28de8091-50a6-4c54-9e7b-62788b087a3a/AJER-Kristoffer_483516,483516,43961,,,,,,,2024-04-16T00:00:00Z,1,483516
Norway,NOR,NOR,Group I,Leo OSTIGARD,ØSTIGÅRD,Defender,Defender,Unknown,4,1999-11-28,183.0,81.0,NOR,https://digitalhub.fifa.com/transform/548ecd96-6fc9-40f2-b020-7b3a02391341/OSTIGARD-Leo_419672,419672,43961,,,,,,,2024-01-17T00:00:00Z,1,419672
Norway,NOR,NOR,Group I,David MOLLER WOLFE,MØLLER WOLFE,Defender,Defender,Unknown,5,2002-04-23,185.0,79.0,NOR,https://digitalhub.fifa.com/transform/27678ee5-00fb-4d48-ac88-402cab97d566/MOLLER-WOLFE-David_483505,483505,43961,,,,,,,2024-04-16T00:00:00Z,1,483505
Norway,NOR,NOR,Group I,Patrick BERG,BERG,Midfielder,Midfielder,Unknown,6,1997-11-24,178.0,74.0,NOR,https://digitalhub.fifa.com/transform/aa692fb8-40c4-4273-a583-46ca3f57c34c/BERG-Patrick_483442,483442,43961,,,,,,,2024-04-16T00:00:00Z,1,483442
Norway,NOR,NOR,Group I,Alexander SORLOTH,SØRLOTH,Forward,Forward,Unknown,7,1995-12-05,196.0,96.0,NOR,https://digitalhub.fifa.com/transform/23bcc976-2dbc-4fe2-b844-1878ff0cd354/SORLOTH-Alexander_398588,398588,43961,,,,,,,2016-10-09T00:00:00Z,1,398588
Norway,NOR,NOR,Group I,Sander BERGE,BERGE,Midfielder,Midfielder,Unknown,8,1998-02-14,195.0,96.0,NOR,https://digitalhub.fifa.com/transform/b7cf7654-f43e-4993-975e-5a2a0d5633f8/BERGE-Sander_404645,404645,43961,,,,,,,2017-05-29T00:00:00Z,1,404645
Norway,NOR,NOR,Group I,Erling HAALAND,BRAUT HAALAND,Forward,Forward,Unknown,9,2000-07-21,195.0,94.0,NOR,https://digitalhub.fifa.com/transform/ee269811-9f84-401f-99b8-e953a2704ebb/HAALAND-Erling_419652,419652,43961,,,,,,,2024-01-17T00:00:00Z,1,419652
Norway,NOR,NOR,Group I,Martin ODEGAARD,ØDEGAARD,Midfielder,Midfielder,Unknown,10,1998-12-17,178.0,72.0,NOR,https://digitalhub.fifa.com/transform/2b895db6-7f67-4436-b8da-54bdf0dd2e2b/ODEGAARD-Martin_400716,400716,43961,,,,,,,2021-09-02T00:00:00Z,1,400716
Norway,NOR,NOR,Group I,Jorgen STRAND LARSEN,STRAND LARSEN,Forward,Forward,Unknown,11,2000-02-06,193.0,81.0,NOR,https://digitalhub.fifa.com/transform/116d01b5-9d0d-4456-a5a8-0e63a16b9862/STRAND-LARSEN-Jorgen_419662,419662,43961,,,,,,,2024-04-01T00:00:00Z,1,419662
Norway,NOR,NOR,Group I,Sander TANGVIK,TANGVIK,Goalkeeper,Goalkeeper,Unknown,12,2002-11-29,193.0,87.0,NOR,https://digitalhub.fifa.com/transform/c7cb7af6-fa0d-4795-bdba-c53bed58e3fa/TANGVIK-Sander_514479,514479,43961,,,,,,,2025-11-13T00:00:00Z,1,514479
Norway,NOR,NOR,Group I,Egil SELVIK,SELVIK,Goalkeeper,Goalkeeper,Unknown,13,1997-07-30,187.0,88.0,NOR,https://digitalhub.fifa.com/transform/b6e7f73a-c70c-4f7c-b0a4-37c8961fb019/SELVIK-Egil_483535,483535,43961,,,,,,,2024-04-16T00:00:00Z,1,483535
Norway,NOR,NOR,Group I,Fredrik AURSNES,AURSNES,Midfielder,Midfielder,Unknown,14,1995-12-10,181.0,69.0,NOR,https://digitalhub.fifa.com/transform/5bf9f1d6-b7ec-4c50-9337-059f6eb0c097/AURSNES-Fredrik_483497,483497,43961,,,,,,,2024-04-16T00:00:00Z,1,483497
Norway,NOR,NOR,Group I,Fredrik Andre BJORKAN,BJØRKAN,Defender,Defender,Unknown,15,1998-08-21,180.0,74.0,NOR,https://digitalhub.fifa.com/transform/d46985d1-90f0-4e2a-91f2-d00c0c98d796/BJORKAN-Fredrik-Andre_483530,483530,43961,,,,,,,2024-04-16T00:00:00Z,1,483530
Norway,NOR,NOR,Group I,Marcus HOLMGREN PEDERSEN,HOLMGREN,Defender,Defender,Unknown,16,2000-07-16,184.0,77.0,NOR,https://digitalhub.fifa.com/transform/7c96cbed-5df4-46f9-b1f4-b9abbbe7e9d1/HOLMGREN-PEDERSEN-Marcus_494625,494625,43961,,,,,,,2025-03-21T00:00:00Z,1,494625
Norway,NOR,NOR,Group I,Torbjorn HEGGEM,HEGGEM,Defender,Defender,Unknown,17,1999-01-12,192.0,80.0,NOR,https://digitalhub.fifa.com/transform/e7b048fd-7217-470a-9820-eb8b6eab0286/HEGGEM-Torbjorn_491244,491244,43961,,,,,,,2024-10-08T00:00:00Z,1,491244
Norway,NOR,NOR,Group I,Kristian Thorstvedt,THORSTVEDT,Midfielder,Midfielder,Unknown,18,1999-03-13,189.0,85.0,NOR,https://digitalhub.fifa.com/transform/4680df24-b4b3-46e5-9b38-01800898afa5/THORSTVEDT-Kristian_419681,419681,43961,,,,,,,2021-03-27T00:00:00Z,1,419681
Norway,NOR,NOR,Group I,Thelo AASGAARD,AASGAARD,Midfielder,Midfielder,Unknown,19,2002-05-02,188.0,87.0,NOR,https://digitalhub.fifa.com/transform/46e2bce8-3733-457f-8307-9fd06eeda4ce/AASGAARD-Thelo_494627,494627,43961,,,,,,,2025-03-21T00:00:00Z,1,494627
Norway,NOR,NOR,Group I,Antonio NUSA,NUSA,Forward,Forward,Unknown,20,2005-04-17,183.0,73.0,NOR,https://digitalhub.fifa.com/transform/8522d4db-c622-4f88-9b98-62753ca74eec/NUSA-Antonio_483448,483448,43961,,,,,,,2024-04-16T00:00:00Z,1,483448
Norway,NOR,NOR,Group I,Andreas SCHJELDERUP,SCHJELDERUP,Midfielder,Midfielder,Unknown,21,2004-06-01,177.0,72.0,NOR,https://digitalhub.fifa.com/transform/22f44194-f9c4-46c1-8621-f9680f7d73bc/SCHJELDERUP-Andreas_494626,494626,43961,,,,,,,2025-03-21T00:00:00Z,1,494626
Norway,NOR,NOR,Group I,Oscar BOBB,BOBB,Midfielder,Midfielder,Unknown,22,2003-07-12,177.0,70.0,NOR,https://digitalhub.fifa.com/transform/8cadf37e-ea31-43d7-bc0d-935e74adfe95/BOBB-Oscar_477470,477470,43961,,,,,,,2024-04-01T00:00:00Z,1,477470
Norway,NOR,NOR,Group I,Jens Petter HAUGE,HAUGE,Midfielder,Midfielder,Unknown,23,1999-10-12,184.0,75.0,NOR,https://digitalhub.fifa.com/transform/6230b1c1-3c6f-4cfc-9afd-440e1cf3df09/HAUGE-Jens-Petter_419654,419654,43961,,,,,,,2024-01-17T00:00:00Z,1,419654
Norway,NOR,NOR,Group I,Sondre LANGAS,LANGÅS,Defender,Defender,Unknown,24,2001-02-02,190.0,86.0,NOR,https://digitalhub.fifa.com/transform/31dda581-ef96-4ab5-a82d-9f5f59a3dd31/LANGAS-Sondre_489696,489696,43961,,,,,,,2024-09-04T00:00:00Z,1,489696
Norway,NOR,NOR,Group I,Henrik FALCHENER,FALCHENER,Defender,Defender,Unknown,25,2003-05-08,194.0,86.0,NOR,https://digitalhub.fifa.com/transform/2990fade-76fd-431e-b7ec-6551ca61de8c/FALCHENER-Henrik_520112,520112,43961,,,,,,,2026-03-26T00:00:00Z,1,520112
Norway,NOR,NOR,Group I,Julian RYERSON,RYERSON,Forward,Forward,Unknown,26,1997-11-17,186.0,86.0,NOR,https://digitalhub.fifa.com/transform/cf3ebe3b-012d-411b-af4e-ba0b59bb9e17/RYERSON-Julian_483496,483496,43961,,,,,,,2024-04-16T00:00:00Z,1,483496
Panama,PAN,PAN,Group L,Luis MEJIA,MEJIA,Goalkeeper,Goalkeeper,Unknown,1,1991-03-16,193.0,80.0,PAN,https://digitalhub.fifa.com/transform/2adff111-751a-46e3-b3c3-e3e37c8416cd/MEJIA-Luis_267702,267702,43914,,,,,,,2011-09-01T00:00:00Z,1,267702
Panama,PAN,PAN,Group L,Cesar BLACKMAN,BLACKMAN,Defender,Defender,Unknown,2,1998-04-02,174.0,77.0,PAN,https://digitalhub.fifa.com/transform/b6125765-d10e-468b-a80a-be2118629de6/BLACKMAN-Cesar_441242,441242,43914,,,,,,,2022-03-25T00:00:00Z,1,441242
Panama,PAN,PAN,Group L,Jose CORDOBA,CORDOBA,Defender,Defender,Unknown,3,2001-06-03,189.0,88.0,PAN,https://digitalhub.fifa.com/transform/ba65e55e-dd66-4931-bae7-ca55b6f0c719/CORDOBA-Jose_418715,418715,43914,,,,,,,2022-03-25T00:00:00Z,1,418715
Panama,PAN,PAN,Group L,Fidel ESCOBAR,F. ESCOBAR,Defender,Defender,Unknown,4,1995-01-09,184.0,82.0,PAN,https://digitalhub.fifa.com/transform/0163854c-2dc3-4f41-8994-af78cc54ad9f/ESCOBAR-Fidel_385030,385030,43914,,,,,,,2015-03-22T00:00:00Z,1,385030
Panama,PAN,PAN,Group L,Edgardo FARINA,FARIÑA,Defender,Defender,Unknown,5,2001-10-19,195.0,86.0,PAN,https://digitalhub.fifa.com/transform/9252feca-b71a-4c49-be3c-80a366e02c51/FARINA-Edgardo_480313,480313,43914,,,,,,,2023-11-30T00:00:00Z,1,480313
Panama,PAN,PAN,Group L,Cristian MARTINEZ,MARTÍNEZ,Midfielder,Midfielder,Unknown,6,1997-02-06,170.0,72.0,PAN,https://digitalhub.fifa.com/transform/153e5b43-6e20-486d-bf4c-d0ff9615e9c6/MARTINEZ-Cristian_395581,395581,43914,,,,,,,2016-06-20T00:00:00Z,1,395581
Panama,PAN,PAN,Group L,Jose Luis RODRIGUEZ,J.L. RODRÍGUEZ,Midfielder,Midfielder,Unknown,7,1998-06-19,180.0,81.0,PAN,https://digitalhub.fifa.com/transform/61c1c941-31d5-456d-b55f-dc30700adba9/RODRIGUEZ-Jose-Luis_411176,411176,43914,,,,,,,2018-05-11T00:00:00Z,1,411176
Panama,PAN,PAN,Group L,Adalberto CARRASQUILLA,CARRASQUILLA,Midfielder,Midfielder,Unknown,8,1998-11-28,171.0,78.0,PAN,https://digitalhub.fifa.com/transform/e65ebda4-7a66-4117-98d1-f97c1bda19d5/CARRASQUILLA-Adalberto_385833,385833,43914,,,,,,,2018-05-11T00:00:00Z,1,385833
Panama,PAN,PAN,Group L,Tomas RODRIGUEZ,T. RODRÍGUEZ,Forward,Forward,Unknown,9,1999-03-09,183.0,82.0,PAN,https://digitalhub.fifa.com/transform/1f4bd86b-0e56-41f3-9f80-5e7388ff9848/RODRIGUEZ-Tomas_418747,418747,43914,,,,,,,2024-03-08T00:00:00Z,1,418747
Panama,PAN,PAN,Group L,Ismael DIAZ,ISMAEL,Midfielder,Midfielder,Unknown,10,1997-05-12,184.0,81.0,PAN,https://digitalhub.fifa.com/transform/5d8477c7-2f01-40fd-bc37-fbb35a936957/DIAZ-Ismael_372342,372342,43914,,,,,,,2015-03-22T00:00:00Z,1,372342
Panama,PAN,PAN,Group L,Edgar Yoel BARCENAS,BÁRCENAS,Midfielder,Midfielder,Unknown,11,1993-10-23,175.0,72.0,PAN,https://digitalhub.fifa.com/transform/c34b4b07-7452-4e8b-a429-ad73f1f9277d/BARCENAS-Edgar-Yoel_400416,400416,43914,,,,,,,2016-10-13T00:00:00Z,1,400416
Panama,PAN,PAN,Group L,Cesar SAMUDIO,SAMUDIO,Goalkeeper,Goalkeeper,Unknown,12,1994-02-23,189.0,91.0,PAN,https://digitalhub.fifa.com/transform/7ad848a3-35dc-465c-b10b-e3ef9dcc7813/SAMUDIO-Cesar_441402,441402,43914,,,,,,,2022-03-28T00:00:00Z,1,441402
Panama,PAN,PAN,Group L,Jiovany RAMOS,RAMOS,Defender,Defender,Unknown,13,1997-01-26,188.0,82.0,PAN,https://digitalhub.fifa.com/transform/eba19de2-1ee7-4c78-83c4-f273a6202f2e/RAMOS-Jiovany_480310,480310,43914,,,,,,,2023-11-30T00:00:00Z,1,480310
Panama,PAN,PAN,Group L,Carlos HARVEY,HARVEY,Defender,Defender,Unknown,14,2000-02-03,184.0,84.0,PAN,https://digitalhub.fifa.com/transform/498810de-6369-469e-8df9-db21395d1ee0/HARVEY-Carlos_418729,418729,43914,,,,,,,2024-03-08T00:00:00Z,1,418729
Panama,PAN,PAN,Group L,Eric DAVIS,DAVIS,Defender,Defender,Unknown,15,1991-03-31,180.0,80.0,PAN,https://digitalhub.fifa.com/transform/15739adf-0945-4a5d-bafa-abfaa784cce9/DAVIS-Eric_337232,337232,43914,,,,,,,2011-09-01T00:00:00Z,1,337232
Panama,PAN,PAN,Group L,Andres ANDRADE,ANDRADE,Defender,Defender,Unknown,16,1998-10-16,187.0,86.0,PAN,https://digitalhub.fifa.com/transform/7cb0d726-e204-4173-830c-0384eb857207/ANDRADE-Andres_441240,441240,43914,,,,,,,2022-03-25T00:00:00Z,1,441240
Panama,PAN,PAN,Group L,Jose FAJARDO,FAJARDO,Forward,Forward,Unknown,17,1993-08-18,184.0,80.0,PAN,https://digitalhub.fifa.com/transform/b120b6ef-1340-49c3-9400-dbe883606d5e/FAJARDO-Jose_411174,411174,43914,,,,,,,2018-05-11T00:00:00Z,1,411174
Panama,PAN,PAN,Group L,Cecilio Waterman,WATERMAN,Forward,Forward,Unknown,18,1991-04-13,180.0,81.0,PAN,https://digitalhub.fifa.com/transform/88587975-f375-48cb-bd3d-662e2095c8ca/WATERMAN-Cecilio_337251,337251,43914,,,,,,,2011-09-01T00:00:00Z,1,337251
Panama,PAN,PAN,Group L,Alberto QUINTERO,QUINTERO,Midfielder,Midfielder,Unknown,19,1987-12-18,165.0,62.0,PAN,https://digitalhub.fifa.com/transform/98334cd9-f4b4-4f2f-9b57-5cc547a75ec8/QUINTERO-Alberto_271116,271116,43914,,,,,,,2011-09-01T00:00:00Z,1,271116
Panama,PAN,PAN,Group L,Anibal GODOY,GODOY,Midfielder,Midfielder,Unknown,20,1990-02-10,184.0,82.0,PAN,https://digitalhub.fifa.com/transform/c0f17753-49b2-481c-8924-9f9f1b081bcf/GODOY-Anibal_269514,269514,43914,,,,,,,2011-09-01T00:00:00Z,1,269514
Panama,PAN,PAN,Group L,Cesar YANIS,YANIS,Midfielder,Midfielder,Unknown,21,1996-01-28,160.0,57.0,PAN,https://digitalhub.fifa.com/transform/6a0310f0-a008-4d4e-adc9-d46fbf9ece31/YANIS-Cesar_441243,441243,43914,,,,,,,2022-03-25T00:00:00Z,1,441243
Panama,PAN,PAN,Group L,Orlando MOSQUERA,MOSQUERA,Goalkeeper,Goalkeeper,Unknown,22,1994-12-25,191.0,98.0,PAN,https://digitalhub.fifa.com/transform/050825b5-4cad-4874-8aa9-fdf8bda50819/MOSQUERA-Orlando_441241,441241,43914,,,,,,,2022-03-25T00:00:00Z,1,441241
Panama,PAN,PAN,Group L,Amir MURILLO,A. MURILLO,Defender,Defender,Unknown,23,1996-02-11,185.0,82.0,PAN,https://digitalhub.fifa.com/transform/018c385a-4ec9-457e-8c6b-71ed2be9c0fd/MURILLO-Amir_385031,385031,43914,,,,,,,2015-03-22T00:00:00Z,1,385031
Panama,PAN,PAN,Group L,Azarias LONDONO,LONDOÑO,Forward,Forward,Unknown,24,2001-06-21,185.0,87.0,PAN,https://digitalhub.fifa.com/transform/cb7b28b7-dbcb-4240-a32d-c5e6cd289240/LONDONO-Azarias_466669,466669,43914,,,,,,,2023-06-15T00:00:00Z,1,466669
Panama,PAN,PAN,Group L,Roderick MILLER,MILLER,Defender,Defender,Unknown,25,1992-04-03,190.0,86.0,PAN,https://digitalhub.fifa.com/transform/c49e9539-7f3a-4566-bc73-0a1d80f69c85/MILLER-Roderick_344582,344582,43914,,,,,,,2011-09-28T00:00:00Z,1,344582
Panama,PAN,PAN,Group L,Jorge GUTIERREZ,GUTIÉRREZ,Defender,Defender,Unknown,26,1998-09-01,171.0,70.0,PAN,https://digitalhub.fifa.com/transform/b324619d-d774-4bb5-876b-40845697efe8/GUTIERREZ-Jorge_441239,441239,43914,,,,,,,2022-03-25T00:00:00Z,1,441239
Paraguay,PAR,PAR,Group D,Gatito FERNANDEZ,FERNÁNDEZ,Goalkeeper,Goalkeeper,Unknown,1,1988-03-29,191.0,88.0,PAR,https://digitalhub.fifa.com/transform/d606fc1a-1644-428f-ada8-69c93198e5b3/FERNANDEZ-Gatito_318647,318647,43928,,,,,,,2011-01-01T00:00:00Z,1,318647
Paraguay,PAR,PAR,Group D,Gustavo VELAZQUEZ,VELÁZQUEZ,Defender,Defender,Unknown,2,1991-04-17,189.0,79.0,PAR,https://digitalhub.fifa.com/transform/3640b6b7-6993-46be-a35e-e6620579e3c7/VELAZQUEZ-Gustavo_486875,486875,43928,,,,,,,2024-06-11T00:00:00Z,1,486875
Paraguay,PAR,PAR,Group D,Omar ALDERETE,ALDERETE,Defender,Defender,Unknown,3,1996-12-26,190.0,87.0,PAR,https://digitalhub.fifa.com/transform/2b408b3b-5027-445e-9b55-6139deed7bea/ALDERETE-Omar_431202,431202,43928,,,,,,,2021-06-04T00:00:00Z,1,431202
Paraguay,PAR,PAR,Group D,Juan Jose CACERES,CÁCERES,Defender,Defender,Unknown,4,2000-06-01,187.0,78.0,PAR,https://digitalhub.fifa.com/transform/b465c59f-b480-4f3d-8f30-bb61a29aa6cb/CACERES-Juan-Jose_479601,479601,43928,,,,,,,2023-11-17T00:00:00Z,1,479601
Paraguay,PAR,PAR,Group D,Fabian BALBUENA,BALBUENA,Defender,Defender,Unknown,5,1991-08-23,188.0,84.0,PAR,https://digitalhub.fifa.com/transform/eac9ab63-eeed-412a-9ba7-4c5e6be05852/BALBUENA-Fabian_394829,394829,43928,,,,,,,2016-05-13T00:00:00Z,1,394829
Paraguay,PAR,PAR,Group D,Junior ALONSO,ALONSO,Defender,Defender,Unknown,6,1993-02-09,184.0,81.0,PAR,https://digitalhub.fifa.com/transform/241fe8c3-a33e-411a-8eca-e81cc3fba926/ALONSO-Junior_369749,369749,43928,,,,,,,2011-10-07T00:00:00Z,1,369749
Paraguay,PAR,PAR,Group D,Ramon SOSA,SOSA,Midfielder,Midfielder,Unknown,7,1999-08-31,178.0,75.0,PAR,https://digitalhub.fifa.com/transform/fb29327f-14b3-4b8f-af4e-3816404afaed/SOSA-Ramon_463125,463125,43928,,,,,,,2023-04-04T00:00:00Z,1,463125
Paraguay,PAR,PAR,Group D,Diego GOMEZ,D. GÓMEZ,Midfielder,Midfielder,Unknown,8,2003-03-27,183.0,89.0,PAR,https://digitalhub.fifa.com/transform/88e45d01-241d-4d9d-8b40-3f2cb2963d4d/GOMEZ-Diego_463128,463128,43928,,,,,,,2023-04-04T00:00:00Z,1,463128
Paraguay,PAR,PAR,Group D,Antonio SANABRIA,SANABRIA,Forward,Forward,Unknown,9,1996-03-04,180.0,69.0,PAR,https://digitalhub.fifa.com/transform/97bc175a-1e5c-417f-ab23-492237ddb3ab/SANABRIA-Antonio_369768,369768,43928,,,,,,,2013-09-12T00:00:00Z,1,369768
Paraguay,PAR,PAR,Group D,Miguel ALMIRON,ALMIRÓN,Midfielder,Midfielder,Unknown,10,1994-02-10,178.0,65.0,PAR,https://digitalhub.fifa.com/transform/62600270-27f4-432a-8f1f-1014124829c1/ALMIRON-Miguel_369761,369761,43928,,,,,,,2015-10-08T00:00:00Z,1,369761
Paraguay,PAR,PAR,Group D,MAURICIO,MAURICIO,Midfielder,Midfielder,Unknown,11,2001-06-22,175.0,77.0,PAR,https://digitalhub.fifa.com/transform/20e6d2dd-4d4a-418b-ae0f-0cbcb299d61b/MAURICIO_495046,495046,43928,,,,,,,2026-02-13T00:00:00Z,1,495046
Paraguay,PAR,PAR,Group D,Orlando GILL,O. GILL,Goalkeeper,Goalkeeper,Unknown,12,2000-06-11,190.0,83.0,PAR,https://digitalhub.fifa.com/transform/29bae713-62ca-48da-8655-9c2caa0e728d/GILL-Orlando_494531,494531,43928,,,,,,,2025-03-19T00:00:00Z,1,494531
Paraguay,PAR,PAR,Group D,Jose CANALE,CANALE,Defender,Defender,Unknown,13,1996-07-20,192.0,87.0,PAR,https://digitalhub.fifa.com/transform/2039b54f-7036-444c-90d0-da1f89780077/CANALE-Jose_520066,520066,43928,,,,,,,2026-03-26T00:00:00Z,1,520066
Paraguay,PAR,PAR,Group D,Andres CUBAS,CUBAS,Midfielder,Midfielder,Unknown,14,1996-05-11,166.0,63.0,PAR,https://digitalhub.fifa.com/transform/5f115675-51fb-4e0c-ac8c-7226b762b4a1/CUBAS-Andres_385306,385306,43928,,,,,,,2020-10-09T00:00:00Z,1,385306
Paraguay,PAR,PAR,Group D,Gustavo GOMEZ,G. GÓMEZ,Defender,Defender,Unknown,15,1993-05-06,179.0,69.0,PAR,https://digitalhub.fifa.com/transform/d37c65ce-135e-4bd4-b870-2c2548b93e2d/GOMEZ-Gustavo_369744,369744,43928,,,,,,,2011-10-07T00:00:00Z,1,369744
Paraguay,PAR,PAR,Group D,Damian BOBADILLA,BOBADILLA,Midfielder,Midfielder,Unknown,16,2001-07-11,180.0,76.0,PAR,https://digitalhub.fifa.com/transform/720524b9-bfc5-4139-a873-cba0a35bfa95/BOBADILLA-Damian_476348,476348,43928,,,,,,,2023-10-10T00:00:00Z,1,476348
Paraguay,PAR,PAR,Group D,Alejandro ROMERO GAMARRA,R. GAMARRA,Forward,Forward,Unknown,17,1995-01-11,165.0,74.0,PAR,https://digitalhub.fifa.com/transform/f1ba51b5-2593-413f-9d87-a464060e20ff/ROMERO-GAMARRA-Alejandro_386458,386458,43928,,,,,,,2023-09-06T00:00:00Z,1,386458
Paraguay,PAR,PAR,Group D,Alex ARCE,ARCE,Forward,Forward,Unknown,18,1995-06-16,188.0,83.0,PAR,https://digitalhub.fifa.com/transform/14209263-2bf9-442b-8d6b-485492f712dd/ARCE-Alex_485802,485802,43928,,,,,,,2024-06-11T00:00:00Z,1,485802
Paraguay,PAR,PAR,Group D,Julio ENCISO,ENCISO,Forward,Forward,Unknown,19,2004-01-23,168.0,64.0,PAR,https://digitalhub.fifa.com/transform/aa8ef158-6636-46a9-a6fb-185a2f92ad95/ENCISO-Julio_441234,441234,43928,,,,,,,2022-03-25T00:00:00Z,1,441234
Paraguay,PAR,PAR,Group D,Braian OJEDA,OJEDA,Midfielder,Midfielder,Unknown,20,2000-06-27,173.0,67.0,PAR,https://digitalhub.fifa.com/transform/4075346b-2148-424c-b178-1a7cdd863bd2/OJEDA-Braian_406205,406205,43928,,,,,,,2023-04-04T00:00:00Z,1,406205
Paraguay,PAR,PAR,Group D,Gabriel AVALOS,AVALOS,Forward,Forward,Unknown,21,1991-07-09,185.0,78.0,PAR,https://digitalhub.fifa.com/transform/58eb53dc-567a-489a-b2f9-3a905f5841b7/AVALOS-Gabriel_463127,463127,43928,,,,,,,2023-04-04T00:00:00Z,1,463127
Paraguay,PAR,PAR,Group D,Gaston OLVEIRA,OLVEIRA,Goalkeeper,Goalkeeper,Unknown,22,1993-04-21,191.0,83.0,PAR,https://digitalhub.fifa.com/transform/732355e7-ab77-473e-b0eb-25ac3fcdaac2/OLVEIRA-Gaston_447991,447991,43928,,,,,,,2026-03-26T00:00:00Z,1,447991
Paraguay,PAR,PAR,Group D,Matias GALARZA,GALARZA,Midfielder,Midfielder,Unknown,23,2002-02-11,175.0,67.0,PAR,https://digitalhub.fifa.com/transform/ce774da7-eea7-475e-8526-8227b5068dc3/GALARZA-Matias_424422,424422,43928,,,,,,,2022-03-29T00:00:00Z,1,424422
Paraguay,PAR,PAR,Group D,Gustavo CABALLERO,CABALLERO,Midfielder,Midfielder,Unknown,24,2001-09-21,189.0,75.0,PAR,https://digitalhub.fifa.com/transform/ccf6784f-8528-4d47-ba72-500d47ac51af/CABALLERO-Gustavo_485804,485804,43928,,,,,,,2026-03-26T00:00:00Z,1,485804
Paraguay,PAR,PAR,Group D,Isidro PITTA,PITTA,Forward,Forward,Unknown,25,1999-08-14,185.0,78.0,PAR,https://digitalhub.fifa.com/transform/9b776bee-7e1b-47b0-b4ef-526ff72ac93f/PITTA-Isidro_489417,489417,43928,,,,,,,2024-08-27T00:00:00Z,1,489417
Paraguay,PAR,PAR,Group D,Alexandro MAIDANA,MAIDANA,Defender,Defender,Unknown,26,2005-07-26,173.0,73.0,PAR,https://digitalhub.fifa.com/transform/e9ad29de-acf1-4cfd-b387-7edf7f480db4/MAIDANA-Alexandro_505495,505495,43928,,,,,,,2026-03-26T00:00:00Z,1,505495
Portugal,POR,POR,Group K,DIOGO COSTA,DIOGO COSTA,Goalkeeper,Goalkeeper,Unknown,1,1999-09-19,188.0,86.0,POR,https://digitalhub.fifa.com/transform/7c3541e5-a8cb-458c-b368-7f57c1b5ae03/DIOGO-COSTA_403001,403001,43963,,,,,,,2022-03-24T00:00:00Z,1,403001
Portugal,POR,POR,Group K,NELSON SEMEDO,N. SEMEDO,Defender,Defender,Unknown,2,1993-11-16,179.0,66.0,POR,https://digitalhub.fifa.com/transform/7b97ea5c-f883-424a-9133-eead7e175b00/NELSON-SEMEDO_395212,395212,43963,,,,,,,2016-09-04T00:00:00Z,1,395212
Portugal,POR,POR,Group K,RUBEN DIAS,RÚBEN DIAS,Defender,Defender,Unknown,3,1997-05-14,187.0,86.0,POR,https://digitalhub.fifa.com/transform/7eab2fa3-e7d1-4876-aaaa-a44a9e923750/RUBEN-DIAS_384752,384752,43963,,,,,,,2018-05-14T00:00:00Z,1,384752
Portugal,POR,POR,Group K,TOMAS ARAUJO,TOMÁS A.,Defender,Defender,Unknown,4,2002-05-16,187.0,85.0,POR,https://digitalhub.fifa.com/transform/e8840a7f-2bc5-44fb-a7bc-15d7a605691c/TOMAS-ARAUJO_492358,492358,43963,,,,,,,2024-11-19T00:00:00Z,1,492358
Portugal,POR,POR,Group K,DIOGO DALOT,DALOT,Defender,Defender,Unknown,5,1999-03-18,184.0,82.0,POR,https://digitalhub.fifa.com/transform/d9eaa8b4-91e3-4c4f-b501-4082718f5323/DIOGO-DALOT_403002,403002,43963,,,,,,,2022-03-24T00:00:00Z,1,403002
Portugal,POR,POR,Group K,MATHEUS NUNES,MATHEUS N.,Midfielder,Midfielder,Unknown,6,1998-08-27,183.0,78.0,POR,https://digitalhub.fifa.com/transform/49ae9c75-e5f8-404a-8576-81e52d4c8338/MATHEUS-NUNES_441148,441148,43963,,,,,,,2022-03-24T00:00:00Z,1,441148
Portugal,POR,POR,Group K,CRISTIANO RONALDO,RONALDO,Forward,Forward,Unknown,7,1985-02-05,185.0,80.0,POR,https://digitalhub.fifa.com/transform/7b63f223-fda2-4d56-b218-f143f0abd2d8/CRISTIANO-RONALDO_201200,201200,43963,,,,,,,2003-08-14T00:00:00Z,1,201200
Portugal,POR,POR,Group K,BRUNO FERNANDES,B. FERNANDES,Midfielder,Midfielder,Unknown,8,1994-09-08,183.0,64.0,POR,https://digitalhub.fifa.com/transform/4a31c35d-c697-4c1a-ac51-a120b82a3d83/BRUNO-FERNANDES_395206,395206,43963,,,,,,,2016-09-04T00:00:00Z,1,395206
Portugal,POR,POR,Group K,GONCALO RAMOS,G. RAMOS,Forward,Forward,Unknown,9,2001-06-20,185.0,84.0,POR,https://digitalhub.fifa.com/transform/040f6a55-0f54-430e-a03b-bb994ee40921/GONCALO-RAMOS_448081,448081,43963,,,,,,,2022-10-21T00:00:00Z,1,448081
Portugal,POR,POR,Group K,BERNARDO SILVA,BERNARDO,Midfielder,Midfielder,Unknown,10,1994-08-10,173.0,63.0,POR,https://digitalhub.fifa.com/transform/97535989-5b6f-414b-a582-54a0c48df12a/BERNARDO-SILVA_395205,395205,43963,,,,,,,2016-09-04T00:00:00Z,1,395205
Portugal,POR,POR,Group K,JOAO FELIX,JOÃO FÉLIX,Forward,Forward,Unknown,11,1999-11-10,179.0,70.0,POR,https://digitalhub.fifa.com/transform/e1fd310b-cac5-47ef-95e9-9d0b8b41ba2f/JOAO-FELIX_418535,418535,43963,,,,,,,2022-03-24T00:00:00Z,1,418535
Portugal,POR,POR,Group K,JOSE SA,JOSÉ SÁ,Goalkeeper,Goalkeeper,Unknown,12,1993-01-17,192.0,80.0,POR,https://digitalhub.fifa.com/transform/167fd8ff-0a3f-4c15-adc8-859e9d81caa3/JOSE-SA_368689,368689,43963,,,,,,,2017-06-02T00:00:00Z,1,368689
Portugal,POR,POR,Group K,RENATO VEIGA,RENATO VEIGA,Defender,Defender,Unknown,13,2003-07-29,188.0,74.0,POR,https://digitalhub.fifa.com/transform/556c6a9a-facb-4a04-8b68-15bee3974c9f/RENATO-VEIGA_489704,489704,43963,,,,,,,2024-09-04T00:00:00Z,1,489704
Portugal,POR,POR,Group K,GONCALO INACIO,G. INÁCIO,Defender,Defender,Unknown,14,2001-08-25,185.0,79.0,POR,https://digitalhub.fifa.com/transform/636fe280-77cd-4db8-8c43-e499e1489e31/GONCALO-INACIO_441146,441146,43963,,,,,,,2022-03-24T00:00:00Z,1,441146
Portugal,POR,POR,Group K,JOAO NEVES,JOÃO NEVES,Midfielder,Midfielder,Unknown,15,2004-09-27,171.0,74.0,POR,https://digitalhub.fifa.com/transform/c79cf261-45b2-484b-860f-9adac3ed7d17/JOAO-NEVES_484141,484141,43963,,,,,,,2024-04-29T00:00:00Z,1,484141
Portugal,POR,POR,Group K,FRANCISCO TRINCAO,TRINCÃO,Forward,Forward,Unknown,16,1999-12-29,184.0,76.0,POR,https://digitalhub.fifa.com/transform/3aaa45cd-d807-4825-9145-3b1865a009bb/FRANCISCO-TRINCAO_418561,418561,43963,,,,,,,2022-10-21T00:00:00Z,1,418561
Portugal,POR,POR,Group K,RAFAEL LEAO,RAFA LEÃO,Forward,Forward,Unknown,17,1999-06-10,188.0,80.0,POR,https://digitalhub.fifa.com/transform/a5a760a7-7b47-42ed-8302-3ea75dbe9fc4/RAFAEL-LEAO_418550,418550,43963,,,,,,,2022-03-24T00:00:00Z,1,418550
Portugal,POR,POR,Group K,PEDRO NETO,NETO,Forward,Forward,Unknown,18,2000-03-09,174.0,78.0,POR,https://digitalhub.fifa.com/transform/e4e58acb-f7af-402c-a7b8-e284583ce14f/PEDRO-NETO_418548,418548,43963,,,,,,,2023-09-08T00:00:00Z,1,418548
Portugal,POR,POR,Group K,GONCALO GUEDES,G. GUEDES,Forward,Forward,Unknown,19,1996-11-29,179.0,72.0,POR,https://digitalhub.fifa.com/transform/ebae7760-2b89-4f53-bc2a-38b1b276f85b/GONCALO-GUEDES_384751,384751,43963,,,,,,,2016-09-04T00:00:00Z,1,384751
Portugal,POR,POR,Group K,JOAO CANCELO,JOÃO CANCELO,Defender,Defender,Unknown,20,1994-05-27,173.0,65.0,POR,https://digitalhub.fifa.com/transform/bb6c8016-d4b5-4434-9bba-1ec8cac37300/JOAO-CANCELO_368649,368649,43963,,,,,,,2016-09-04T00:00:00Z,1,368649
Portugal,POR,POR,Group K,RUBEN NEVES,R. NEVES,Midfielder,Midfielder,Unknown,21,1997-03-13,183.0,83.0,POR,https://digitalhub.fifa.com/transform/884a330c-be4c-442d-becb-2d601c7574d1/RUBEN-NEVES_395216,395216,43963,,,,,,,2018-05-14T00:00:00Z,1,395216
Portugal,POR,POR,Group K,RUI SILVA,RUI SILVA,Goalkeeper,Goalkeeper,Unknown,22,1994-02-07,191.0,78.0,POR,https://digitalhub.fifa.com/transform/11360803-25b9-4af9-b4a1-5916e0cd03cb/RUI-SILVA_448092,448092,43963,,,,,,,2022-10-21T00:00:00Z,1,448092
Portugal,POR,POR,Group K,VITINHA,VITINHA,Midfielder,Midfielder,Unknown,23,2000-02-13,170.0,67.0,POR,https://digitalhub.fifa.com/transform/8d21116d-608f-409b-932b-71c1ee1a043c/VITINHA_441149,441149,43963,,,,,,,2022-03-24T00:00:00Z,1,441149
Portugal,POR,POR,Group K,SAMU COSTA,SAMU,Defender,Defender,Unknown,24,2000-11-27,185.0,78.0,POR,https://digitalhub.fifa.com/transform/38256f2e-7139-4848-b609-051bb4623b71/SAMU-COSTA_491216,491216,43963,,,,,,,2024-10-07T00:00:00Z,1,491216
Portugal,POR,POR,Group K,NUNO MENDES,N. MENDES,Defender,Defender,Unknown,25,2002-06-19,177.0,81.0,POR,https://digitalhub.fifa.com/transform/f8d5d7b8-bb64-4427-80d1-911d68b2dd1a/NUNO-MENDES_433195,433195,43963,,,,,,,2021-09-08T00:00:00Z,1,433195
Portugal,POR,POR,Group K,FRANCISCO CONCEICAO,F. CONCEIÇÃO,Forward,Forward,Unknown,26,2002-12-14,166.0,67.0,POR,https://digitalhub.fifa.com/transform/1cb86e09-cf4e-4b60-8849-09d17dd1f8ad/FRANCISCO-CONCEICAO_485081,485081,43963,,,,,,,2024-05-21T00:00:00Z,1,485081
Qatar,QAT,QAT,Group B,MAHMOUD ABUNADA,ABUNADA,Goalkeeper,Goalkeeper,Unknown,1,2000-02-05,185.0,81.0,QAT,https://digitalhub.fifa.com/transform/86cd9af3-c09a-4bcd-9830-fed9d7b19ab6/MAHMOUD-ABUNADA_419459,419459,43834,,,,,,,2021-10-02T00:00:00Z,1,419459
Qatar,QAT,QAT,Group B,PEDRO MIGUEL,PEDRO,Defender,Defender,Unknown,2,1990-08-06,180.0,85.0,QAT,https://digitalhub.fifa.com/transform/5bd982c9-0644-4fe3-836a-2b2d9b88db36/PEDRO-MIGUEL_416051,416051,43834,,,,,,,2016-09-29T00:00:00Z,1,416051
Qatar,QAT,QAT,Group B,LUCAS MENDES,L.MENDES,Defender,Defender,Unknown,3,1990-07-03,179.0,65.0,QAT,https://digitalhub.fifa.com/transform/49a8906a-91a9-4527-b453-dbb1fe508c61/LUCAS-MENDES_356673,356673,43834,,,,,,,2023-11-21T00:00:00Z,1,356673
Qatar,QAT,QAT,Group B,ISSA LAYE,GUEYE,Defender,Defender,Unknown,4,1997-12-22,178.0,57.0,QAT,https://digitalhub.fifa.com/transform/542d2f64-858e-4597-8f77-719b40da16dd/ISSA-LAYE_512791,512791,43834,,,,,,,2025-10-22T00:00:00Z,1,512791
Qatar,QAT,QAT,Group B,JASSEM GABER,JASSEM,Defender,Defender,Unknown,5,2002-02-20,181.0,70.0,QAT,https://digitalhub.fifa.com/transform/14edcf5c-c52c-4a12-8078-40032f99dbd0/JASSEM-GABER_419473,419473,43834,,,,,,,2021-10-02T00:00:00Z,1,419473
Qatar,QAT,QAT,Group B,ABDULAZIZ HATEM,A. AZIZ,Midfielder,Midfielder,Unknown,6,1990-01-01,179.0,68.0,QAT,https://digitalhub.fifa.com/transform/618c02bf-ef05-4651-bd3a-10ee566afcab/ABDULAZIZ-HATEM_345059,345059,43834,,,,,,,2012-03-05T00:00:00Z,1,345059
Qatar,QAT,QAT,Group B,AHMED ALAAELDIN,ALAAELDIN,Forward,Forward,Unknown,7,1993-01-31,179.0,66.0,QAT,https://digitalhub.fifa.com/transform/7a0a40ba-22fe-4585-8c3a-6bb981c6dfb4/AHMED-ALAAELDIN_353251,353251,43834,,,,,,,2015-03-12T00:00:00Z,1,353251
Qatar,QAT,QAT,Group B,EDMILSON JUNIOR,EDMILSON JR.,Forward,Forward,Unknown,8,1994-08-19,180.0,72.0,QAT,https://digitalhub.fifa.com/transform/45fa6cc3-85e1-45eb-8881-3b31bcddc992/EDMILSON-JUNIOR_429063,429063,43834,,,,,,,2024-09-09T00:00:00Z,1,429063
Qatar,QAT,QAT,Group B,MOHAMMED MUNTARI,MUNTARI,Forward,Forward,Unknown,9,1993-12-20,192.0,82.0,QAT,https://digitalhub.fifa.com/transform/8a9260d2-027a-4716-af4b-7e5f2983e652/MOHAMMED-MUNTARI_385070,385070,43834,,,,,,,2015-02-25T00:00:00Z,1,385070
Qatar,QAT,QAT,Group B,HASSAN ALHAYDOS,ALHAYDOS,Forward,Forward,Unknown,10,1990-12-11,174.0,62.0,QAT,https://digitalhub.fifa.com/transform/521889b3-16a2-48ef-92d4-6978a9e05cc6/HASSAN-ALHAYDOS_284190,284190,43834,,,,,,,2007-10-05T00:00:00Z,1,284190
Qatar,QAT,QAT,Group B,AKRAM AFIF,AFIF,Forward,Forward,Unknown,11,1996-11-18,176.0,65.0,QAT,https://digitalhub.fifa.com/transform/b5995ed9-3969-48a1-abc7-abd8df77abda/AKRAM-AFIF_386347,386347,43834,,,,,,,2015-03-12T00:00:00Z,1,386347
Qatar,QAT,QAT,Group B,KARIM BOUDIAF,KARIM,Midfielder,Midfielder,Unknown,12,1990-09-16,190.0,85.0,QAT,https://digitalhub.fifa.com/transform/d73feeea-8ce1-447c-a008-c9b71e1e6295/KARIM-BOUDIAF_354861,354861,43834,,,,,,,2013-11-13T00:00:00Z,1,354861
Qatar,QAT,QAT,Group B,AYOUB ALOUI,AYOUB,Defender,Defender,Unknown,13,2005-03-11,181.0,65.0,QAT,https://digitalhub.fifa.com/transform/bdeaddf2-602f-47d1-a3f0-a85abc80c3ff/AYOUB-ALOUI_510991,510991,43834,,,,,,,2025-10-07T00:00:00Z,1,510991
Qatar,QAT,QAT,Group B,HOMAM AHMED,HOMAM,Defender,Defender,Unknown,14,1999-08-25,188.0,75.0,QAT,https://digitalhub.fifa.com/transform/5a182a95-d4c3-4618-838e-d374bbc576ba/HOMAM-AHMED_419441,419441,43834,,,,,,,2015-01-01T00:00:00Z,1,419441
Qatar,QAT,QAT,Group B,YUSUF ABDURISAG,YUSUF,Forward,Forward,Unknown,15,1999-08-06,171.0,63.0,QAT,https://digitalhub.fifa.com/transform/a114c943-718b-4345-b9da-54f1b8eb923c/YUSUF-ABDURISAG_419463,419463,43834,,,,,,,2021-10-02T00:00:00Z,1,419463
Qatar,QAT,QAT,Group B,BOUALEM KHOUKHI,KHOUKHI,Defender,Defender,Unknown,16,1990-07-09,185.0,76.0,QAT,https://digitalhub.fifa.com/transform/c3e4cf4b-06b4-4c6b-9370-a64d8a4c8bfb/BOUALEM-KHOUKHI_385067,385067,43834,,,,,,,2015-02-25T00:00:00Z,1,385067
Qatar,QAT,QAT,Group B,AHMED ALGANEHI,A. ALGANEHI,Midfielder,Midfielder,Unknown,17,2000-09-22,175.0,60.0,QAT,https://digitalhub.fifa.com/transform/e46c2cdd-7a8e-45c1-ab4f-9e09cb686245/AHMED-ALGANEHI_419436,419436,43834,,,,,,,2022-10-21T00:00:00Z,1,419436
Qatar,QAT,QAT,Group B,SULTAN ALBRAKE,SULTAN,Defender,Defender,Unknown,18,1996-04-07,178.0,65.0,QAT,https://digitalhub.fifa.com/transform/333bc183-dd03-4b3a-8ee6-410a32c12e57/SULTAN-ALBRAKE_386387,386387,43834,,,,,,,2021-10-02T00:00:00Z,1,386387
Qatar,QAT,QAT,Group B,ALMOEZ ALI,ALMOEZ,Forward,Forward,Unknown,19,1996-08-19,180.0,69.0,QAT,https://digitalhub.fifa.com/transform/e49165f0-de52-4f7b-bb9a-689e7c4d4bd3/ALMOEZ-ALI_386366,386366,43834,,,,,,,2015-03-12T00:00:00Z,1,386366
Qatar,QAT,QAT,Group B,AHMED FATHY,A. FATHY,Midfielder,Midfielder,Unknown,20,1993-01-25,171.0,67.0,QAT,https://digitalhub.fifa.com/transform/f465c1f2-aa85-4bc7-bf8d-4d5805b19cd9/AHMED-FATHY_433394,433394,43834,,,,,,,2021-10-02T00:00:00Z,1,433394
Qatar,QAT,QAT,Group B,SALAH ZAKARIA,SALAH,Goalkeeper,Goalkeeper,Unknown,21,1999-04-24,186.0,85.0,QAT,https://digitalhub.fifa.com/transform/92c49982-ca93-4853-93ea-5f5a3d6a256d/SALAH-ZAKARIA_419461,419461,43834,,,,,,,2021-10-02T00:00:00Z,1,419461
Qatar,QAT,QAT,Group B,MESHAAL BARSHAM,BARSHAM,Goalkeeper,Goalkeeper,Unknown,22,1998-02-14,180.0,70.0,QAT,https://digitalhub.fifa.com/transform/b5f22cd1-218d-478b-b4a3-f3b2fb832c39/MESHAAL-BARSHAM_416056,416056,43834,,,,,,,2021-10-02T00:00:00Z,1,416056
Qatar,QAT,QAT,Group B,ASSIM MADIBO,MADIBO,Midfielder,Midfielder,Unknown,23,1996-10-22,168.0,72.0,QAT,https://digitalhub.fifa.com/transform/2b2c6d70-e76e-41d8-baff-36ba0965fca3/ASSIM-MADIBO_386348,386348,43834,,,,,,,2015-03-12T00:00:00Z,1,386348
Qatar,QAT,QAT,Group B,TAHSIN MOHAMMED,TAHSIN MOHAMMED,Forward,Forward,Unknown,24,2006-06-16,166.0,58.0,QAT,https://digitalhub.fifa.com/transform/109e4fa0-f82a-4da0-8cf9-75d90a55b600/TAHSIN-JAMSHID_486639,486639,43834,,,,,,,2024-06-05T00:00:00Z,1,486639
Qatar,QAT,QAT,Group B,ALHASHMI ALHUSSEIN,ALHASHMI,Defender,Defender,Unknown,25,2003-08-15,182.0,67.0,QAT,https://digitalhub.fifa.com/transform/0565d28e-d1e2-4c0a-9f61-5992e3ed7202/ALHASHMI-ALHUSSEIN_486614,486614,43834,,,,,,,2024-06-05T00:00:00Z,1,486614
Qatar,QAT,QAT,Group B,MOHAMED MANAI,MANAI,Forward,Forward,Unknown,26,2002-10-25,180.0,68.0,QAT,https://digitalhub.fifa.com/transform/67e02103-4569-4a5c-a7a2-1f9b42cab1a5/MOHAMED-MANAI_498458,498458,43834,,,,,,,2025-05-30T00:00:00Z,1,498458
Saudi Arabia,KSA,KSA,Group H,NAWAF ALAQIDI,ALAQIDI,Goalkeeper,Goalkeeper,Unknown,1,2000-05-10,186.0,88.0,KSA,https://digitalhub.fifa.com/transform/6b95e954-e3fd-4ba9-a171-690c9626eced/NAWAF-ALAQIDI_419287,419287,43835,,,,,,,2021-11-07T00:00:00Z,1,419287
Saudi Arabia,KSA,KSA,Group H,ALI MAJRASHI,MAJRASHI,Defender,Defender,Unknown,2,1999-10-02,169.0,68.0,KSA,https://digitalhub.fifa.com/transform/3b436722-501d-4098-8daf-b298d010c530/ALI-MAJRASHI_419326,419326,43835,,,,,,,2021-11-07T00:00:00Z,1,419326
Saudi Arabia,KSA,KSA,Group H,ALI LAJAMI,LAJAMI,Defender,Defender,Unknown,3,1996-04-24,177.0,71.0,KSA,https://digitalhub.fifa.com/transform/27fa9b34-d37d-4416-a35f-fb6d234e9e8c/ALI-LAJAMI_433439,433439,43835,,,,,,,2021-10-01T00:00:00Z,1,433439
Saudi Arabia,KSA,KSA,Group H,Abdulelah ALAMRI,ALAMRI,Defender,Defender,Unknown,4,1997-01-15,185.0,77.0,KSA,https://digitalhub.fifa.com/transform/3ec8a8ea-beb5-4f8b-b8f6-66030bda5c4e/ABDULELAH-ALAMRI_403312,403312,43835,,,,,,,2021-09-03T00:00:00Z,1,403312
Saudi Arabia,KSA,KSA,Group H,HASSAN ALTAMBAKTI,ALTAMBAKTI,Defender,Defender,Unknown,5,1999-02-09,183.0,83.0,KSA,https://digitalhub.fifa.com/transform/e64a0c6b-4cc6-4ffb-bc98-b4af95bed8bf/ALTAMBAKTI-Hassan_403335,403335,43835,,,,,,,2021-10-01T00:00:00Z,1,403335
Saudi Arabia,KSA,KSA,Group H,NASSER ALDAWSARI,NASSER,Midfielder,Midfielder,Unknown,6,1998-12-19,178.0,77.0,KSA,https://digitalhub.fifa.com/transform/81e654c7-8273-4e1f-b909-62613fbf14ea/NASSER-ALDAWSARI_403319,403319,43835,,,,,,,2021-10-01T00:00:00Z,1,403319
Saudi Arabia,KSA,KSA,Group H,MUSAB ALJUWAYR,MUSAB,Midfielder,Midfielder,Unknown,7,2003-06-20,175.0,70.0,KSA,https://digitalhub.fifa.com/transform/c09997bc-1439-46be-a1f4-226d436e9eda/MUSAB-ALJUWAYR_436537,436537,43835,,,,,,,2021-11-07T00:00:00Z,1,436537
Saudi Arabia,KSA,KSA,Group H,AIMAN YAHYA,AIMAN,Forward,Forward,Unknown,8,2001-05-14,173.0,72.0,KSA,https://digitalhub.fifa.com/transform/af0837e0-63e3-47e7-9b24-9676dcdf3c5c/AIMAN-YAHYA_430512,430512,43835,,,,,,,2021-10-01T00:00:00Z,1,430512
Saudi Arabia,KSA,KSA,Group H,FERAS ALBRIKAN,FERAS,Forward,Forward,Unknown,9,2000-05-14,185.0,78.0,KSA,https://digitalhub.fifa.com/transform/9d59c398-9c66-4dad-b20d-9694a0f74dd4/FERAS-ALBRIKAN_419291,419291,43835,,,,,,,2021-10-01T00:00:00Z,1,419291
Saudi Arabia,KSA,KSA,Group H,SALEM ALDAWSARI,SALEM,Forward,Forward,Unknown,10,1991-08-19,173.0,71.0,KSA,https://digitalhub.fifa.com/transform/d167ee25-02d4-48c1-b6bf-ec1eea3a1633/SALEM-ALDAWSARI_339745,339745,43835,,,,,,,2011-06-29T00:00:00Z,1,339745
Saudi Arabia,KSA,KSA,Group H,SALEH ALSHEHRI,ALSHEHRI,Forward,Forward,Unknown,11,1993-11-01,184.0,78.0,KSA,https://digitalhub.fifa.com/transform/a912d91a-f467-4d57-a2fc-7937f8cafb66/SALEH-ALSHEHRI_425804,425804,43835,,,,,,,2021-10-01T00:00:00Z,1,425804
Saudi Arabia,KSA,KSA,Group H,SAUD ABDULHAMID,SAUD,Defender,Defender,Unknown,12,1999-07-18,172.0,74.0,KSA,https://digitalhub.fifa.com/transform/66d9e01f-7f5e-4bef-b5bd-68d1ce4d9849/SAUD-ABDULHAMID_419281,419281,43835,,,,,,,2021-06-16T00:00:00Z,1,419281
Saudi Arabia,KSA,KSA,Group H,NAWAF BU WASHL,NAWAF,Defender,Defender,Unknown,13,1999-09-16,173.0,63.0,KSA,https://digitalhub.fifa.com/transform/66433f37-d71a-4b14-ba06-da9d762320b4/NAWAF-BU-WASHL_430518,430518,43835,,,,,,,2021-11-07T00:00:00Z,1,430518
Saudi Arabia,KSA,KSA,Group H,HASSAN KADISH,KADISH,Defender,Defender,Unknown,14,1992-09-26,179.0,70.0,KSA,https://digitalhub.fifa.com/transform/fc41abe4-036c-4c99-aa2a-b56ddece0c2d/HASSAN-KADISH_401924,401924,43835,,,,,,,2017-02-03T00:00:00Z,1,401924
Saudi Arabia,KSA,KSA,Group H,ABDULLAH ALKHAIBARI,ALKHAIBARI,Midfielder,Midfielder,Unknown,15,1996-08-16,175.0,66.0,KSA,https://digitalhub.fifa.com/transform/16fa6436-2787-4e0c-b661-8fc766d029d6/ABDULLAH-ALKHAIBARI_411624,411624,43835,,,,,,,2018-05-14T00:00:00Z,1,411624
Saudi Arabia,KSA,KSA,Group H,ZIYAD ALJOHANI,ZIYAD,Midfielder,Midfielder,Unknown,16,2001-11-11,180.0,63.0,KSA,https://digitalhub.fifa.com/transform/401feff3-37fd-40a9-90f6-d987eb3a8e40/ZIYAD-ALJOHANI_436538,436538,43835,,,,,,,2021-11-07T00:00:00Z,1,436538
Saudi Arabia,KSA,KSA,Group H,KHALID ALGHANNAM,KHALID,Forward,Forward,Unknown,17,2000-11-08,171.0,68.0,KSA,https://digitalhub.fifa.com/transform/ab5b27fd-b17e-43a1-bd85-78119d057dab/KHALID-ALGHANNAM_419300,419300,43835,,,,,,,2021-11-07T00:00:00Z,1,419300
Saudi Arabia,KSA,KSA,Group H,ALA ALHAJJI,ALHAJJI,Midfielder,Midfielder,Unknown,18,1995-12-03,178.0,75.0,KSA,https://digitalhub.fifa.com/transform/2fb42f50-394b-46d4-9038-9d9b09564b98/ALA-ALHAJJI_523333,523333,43835,,,,,,,2026-05-15T00:00:00Z,1,523333
Saudi Arabia,KSA,KSA,Group H,ABDULLAH ALHAMDDAN,ALHAMDDAN,Forward,Forward,Unknown,19,1999-09-13,186.0,78.0,KSA,https://digitalhub.fifa.com/transform/2bdfc07a-ee4d-46f1-bc76-a69bd5d9e9be/ABDULLAH-ALHAMDDAN_419302,419302,43835,,,,,,,2021-10-01T00:00:00Z,1,419302
Saudi Arabia,KSA,KSA,Group H,SULTAN MANDASH,MANDASH,Forward,Forward,Unknown,20,1994-10-17,172.0,68.0,KSA,https://digitalhub.fifa.com/transform/f360115a-08e8-451c-9fb0-2af3944cd37a/SULTAN-MANDASH_494800,494800,43835,,,,,,,2025-05-29T00:00:00Z,1,494800
Saudi Arabia,KSA,KSA,Group H,MOHAMMED ALOWAIS,ALOWAIS,Goalkeeper,Goalkeeper,Unknown,21,1991-10-10,185.0,77.0,KSA,https://digitalhub.fifa.com/transform/be2d88f0-e368-49ef-9a33-c7585955c495/MOHAMMED-ALOWAIS_396885,396885,43835,,,,,,,2016-08-15T00:00:00Z,1,396885
Saudi Arabia,KSA,KSA,Group H,AHMED ALKASSAR,ALKASSAR,Goalkeeper,Goalkeeper,Unknown,22,1991-05-08,178.0,78.0,KSA,https://digitalhub.fifa.com/transform/1354d5cd-4cb5-4494-9033-efd38b3f1ac0/AHMED-ALKASSAR_339746,339746,43835,,,,,,,2011-06-29T00:00:00Z,1,339746
Saudi Arabia,KSA,KSA,Group H,MOHAMED KANNO,KANNO,Midfielder,Midfielder,Unknown,23,1994-09-22,191.0,67.0,KSA,https://digitalhub.fifa.com/transform/c3eb4162-fd6d-41f1-aad4-1b632b266f19/MOHAMED-KANNO_407993,407993,43835,,,,,,,2018-05-14T00:00:00Z,1,407993
Saudi Arabia,KSA,KSA,Group H,MOTEB ALHARBI,MOTEB,Defender,Defender,Unknown,24,2000-02-20,177.0,65.0,KSA,https://digitalhub.fifa.com/transform/0d671a6b-7632-46ee-91c7-39c01ee4b00c/MOTEB-ALHARBI_419303,419303,43835,,,,,,,2021-10-01T00:00:00Z,1,419303
Saudi Arabia,KSA,KSA,Group H,JEHAD THIKRI,JEHAD,Defender,Defender,Unknown,25,2001-07-21,184.0,75.0,KSA,https://digitalhub.fifa.com/transform/0e99f4e8-6619-4e4c-8970-0443d31b83a0/JEHAD-THIKRI_494506,494506,43835,,,,,,,2025-03-19T00:00:00Z,1,494506
Saudi Arabia,KSA,KSA,Group H,MOHAMMED ABU ALSHAMAT,MOHAMMED,Defender,Defender,Unknown,26,2002-08-11,170.0,62.0,KSA,https://digitalhub.fifa.com/transform/8aee29b9-06b4-4b46-b529-3bb6adf5f9a6/MOHAMMED-ABU-ALSHAMAT_512183,512183,43835,,,,,,,2025-10-17T00:00:00Z,1,512183
Scotland,SCO,SCO,Group C,Angus Gunn,GUNN,Goalkeeper,Goalkeeper,Unknown,1,1996-01-22,196.0,77.0,SCO,https://digitalhub.fifa.com/transform/c13202b1-f3b1-4fe1-bc72-0ee5b3135bbc/GUNN-Angus_411301,411301,43967,,,,,,,2023-03-06T00:00:00Z,1,411301
Scotland,SCO,SCO,Group C,Aaron HICKEY,HICKEY,Defender,Defender,Unknown,2,2002-06-10,185.0,72.0,SCO,https://digitalhub.fifa.com/transform/36ab73b9-b07c-48d7-a2c2-da34b149b0d2/HICKEY-Aaron_442428,442428,43967,,,,,,,2022-06-01T00:00:00Z,1,442428
Scotland,SCO,SCO,Group C,Andy ROBERTSON,ROBERTSON,Defender,Defender,Unknown,3,1994-03-11,178.0,64.0,SCO,https://digitalhub.fifa.com/transform/ba94c3aa-e071-4add-b402-5d3f8df8acb9/ROBERTSON-Andy_401339,401339,43967,,,,,,,2016-12-06T00:00:00Z,1,401339
Scotland,SCO,SCO,Group C,Scott McTominay,MCTOMINAY,Midfielder,Midfielder,Unknown,4,1996-12-08,193.0,88.0,SCO,https://digitalhub.fifa.com/transform/483440e3-5bdc-46e2-9b80-77e880b5fd85/McTOMINAY-Scott_433787,433787,43967,,,,,,,2021-10-13T00:00:00Z,1,433787
Scotland,SCO,SCO,Group C,Grant Hanley,HANLEY,Defender,Defender,Unknown,5,1991-11-20,188.0,85.0,SCO,https://digitalhub.fifa.com/transform/acc9b74c-859b-406f-add5-879c21150144/HANLEY-Grant_359634,359634,43967,,,,,,,2012-08-27T00:00:00Z,1,359634
Scotland,SCO,SCO,Group C,Kieran Tierney,TIERNEY,Defender,Defender,Unknown,6,1997-06-05,180.0,73.0,SCO,https://digitalhub.fifa.com/transform/d2b1d878-bbcc-4e16-bb77-7a90a01d0e37/TIERNEY-Kieran_401712,401712,43967,,,,,,,2017-01-09T00:00:00Z,1,401712
Scotland,SCO,SCO,Group C,John McGinn,MCGINN,Midfielder,Midfielder,Unknown,7,1994-10-18,178.0,68.0,SCO,https://digitalhub.fifa.com/transform/af6ceadd-a14f-47c0-9f30-fd85d71a94cd/McGINN-John_401334,401334,43967,,,,,,,2016-12-06T00:00:00Z,1,401334
Scotland,SCO,SCO,Group C,Tyler FLETCHER,FLETCHER,Midfielder,Midfielder,Unknown,8,2007-03-19,183.0,72.0,SCO,https://digitalhub.fifa.com/transform/eb1788f3-b3b1-41f9-b746-85ce1b077c14/FLETCHER-Tyler_523007,523007,43967,,,,,,,2026-05-13T00:00:00Z,1,523007
Scotland,SCO,SCO,Group C,Lyndon DYKES,DYKES,Forward,Forward,Unknown,9,1995-10-07,188.0,84.0,SCO,https://digitalhub.fifa.com/transform/e3a5c73f-1dd8-4e90-941a-f903ef96d7cc/DYKES-Lyndon_430098,430098,43967,,,,,,,2021-03-26T00:00:00Z,1,430098
Scotland,SCO,SCO,Group C,Che Adams,ADAMS,Forward,Forward,Unknown,10,1996-07-13,175.0,70.0,SCO,https://digitalhub.fifa.com/transform/1a70c52f-9a4b-4dc1-813b-991877aa4758/ADAMS-Che_433191,433191,43967,,,,,,,2021-09-08T00:00:00Z,1,433191
Scotland,SCO,SCO,Group C,Ryan Christie,CHRISTIE,Midfielder,Midfielder,Unknown,11,1995-02-22,178.0,71.0,SCO,https://digitalhub.fifa.com/transform/fce70106-25b4-4b34-b12b-10e4c6e90c18/CHRISTIE-Ryan_430097,430097,43967,,,,,,,2021-03-26T00:00:00Z,1,430097
Scotland,SCO,SCO,Group C,Liam KELLY,KELLY,Goalkeeper,Goalkeeper,Unknown,12,1996-01-23,184.0,80.0,SCO,https://digitalhub.fifa.com/transform/c1b8aa4f-e753-4748-915b-33661cc33845/KELLY-Liam_442429,442429,43967,,,,,,,2022-06-01T00:00:00Z,1,442429
Scotland,SCO,SCO,Group C,Jack Hendry,HENDRY,Defender,Defender,Unknown,13,1995-05-07,192.0,86.0,SCO,https://digitalhub.fifa.com/transform/4c09cb0f-5174-41b5-a47e-dcfb5506b282/HENDRY-Jack_430147,430147,43967,,,,,,,2021-03-29T00:00:00Z,1,430147
Scotland,SCO,SCO,Group C,Ross STEWART,STEWART,Forward,Forward,Unknown,14,1996-07-11,188.0,85.0,SCO,https://digitalhub.fifa.com/transform/c0ef417d-f1aa-48e4-b9c4-ddb006ec53f5/STEWART-Ross_442433,442433,43967,,,,,,,2022-06-01T00:00:00Z,1,442433
Scotland,SCO,SCO,Group C,John SOUTTAR,SOUTTAR,Defender,Defender,Unknown,15,1996-09-25,186.0,75.0,SCO,https://digitalhub.fifa.com/transform/4b905694-87c7-4148-be4b-802e4dbcc7ba/SOUTTAR-John_442430,442430,43967,,,,,,,2022-06-01T00:00:00Z,1,442430
Scotland,SCO,SCO,Group C,Dominic HYAM,HYAM,Defender,Defender,Unknown,16,1995-12-20,188.0,70.0,SCO,https://digitalhub.fifa.com/transform/ab423ff9-7286-4242-8898-6d24bf8f1749/HYAM-Dominic_484073,484073,43967,,,,,,,2024-04-29T00:00:00Z,1,484073
Scotland,SCO,SCO,Group C,Ben GANNON-DOAK,GANNON DOAK,Forward,Forward,Unknown,17,2005-11-11,173.0,65.0,SCO,https://digitalhub.fifa.com/transform/7cf469cc-72f7-4c4b-9312-817920757af3/GANNON-DOAK-Ben_485131,485131,43967,,,,,,,2024-05-22T00:00:00Z,1,485131
Scotland,SCO,SCO,Group C,George HIRST,HIRST,Forward,Forward,Unknown,18,1999-02-15,191.0,81.0,SCO,https://digitalhub.fifa.com/transform/1c9c7ecc-b678-43e6-b8a3-8155776dd003/HIRST-George_495431,495431,43967,,,,,,,2025-04-02T00:00:00Z,1,495431
Scotland,SCO,SCO,Group C,Lewis FERGUSON,FERGUSON,Midfielder,Midfielder,Unknown,19,1999-08-24,181.0,73.0,SCO,https://digitalhub.fifa.com/transform/d5d3101d-c2cb-4a29-bccf-914370459cfa/FERGUSON-Lewis_442434,442434,43967,,,,,,,2022-06-01T00:00:00Z,1,442434
Scotland,SCO,SCO,Group C,Lawrence SHANKLAND,SHANKLAND,Forward,Forward,Unknown,20,1995-08-10,185.0,75.0,SCO,https://digitalhub.fifa.com/transform/6a373a65-ca0e-4c4b-a61b-b98c73fdefdd/SHANKLAND-Lawrence_484045,484045,43967,,,,,,,2024-04-29T00:00:00Z,1,484045
Scotland,SCO,SCO,Group C,Craig GORDON,GORDON,Goalkeeper,Goalkeeper,Unknown,21,1982-12-31,193.0,83.0,SCO,https://digitalhub.fifa.com/transform/6bb645f8-c45e-4630-baf7-b7ddcd905a26/GORDON-Craig_215553,215553,43967,,,,,,,2004-07-09T00:00:00Z,1,215553
Scotland,SCO,SCO,Group C,Nathan PATTERSON,PATTERSON,Defender,Defender,Unknown,22,2001-10-16,183.0,72.0,SCO,https://digitalhub.fifa.com/transform/3fc20068-ff61-482e-ae76-b63e24985f42/PATTERSON-Nathan_433694,433694,43967,,,,,,,2021-10-10T00:00:00Z,1,433694
Scotland,SCO,SCO,Group C,Kenny McLEAN,MCLEAN,Midfielder,Midfielder,Unknown,23,1992-01-08,183.0,70.0,SCO,https://digitalhub.fifa.com/transform/e1f470ca-8805-4250-8c30-39aa30a16ac9/McLEAN-Kenny_484051,484051,43967,,,,,,,2024-04-29T00:00:00Z,1,484051
Scotland,SCO,SCO,Group C,Anthony RALSTON,RALSTON,Defender,Defender,Unknown,24,1998-11-16,178.0,70.0,SCO,https://digitalhub.fifa.com/transform/eef7a9cc-256c-4000-ae64-38407521d30b/RALSTON-Anthony_337389,337389,43967,,,,,,,2024-03-01T00:00:00Z,1,337389
Scotland,SCO,SCO,Group C,Findlay CURTIS,CURTIS,Forward,Forward,Unknown,25,2006-06-09,180.0,66.0,SCO,https://digitalhub.fifa.com/transform/a6c805c6-37f9-44e9-80a8-e43118e78762/CURTIS-Findlay_520217,520217,43967,,,,,,,2026-03-28T00:00:00Z,1,520217
Scotland,SCO,SCO,Group C,Scott MCKENNA,MCKENNA,Defender,Defender,Unknown,26,1996-11-12,189.0,74.0,SCO,https://digitalhub.fifa.com/transform/073ebe12-5ba9-4de4-8729-2a0b0e942b43/McKENNA-Scott_442431,442431,43967,,,,,,,2022-06-01T00:00:00Z,1,442431
Senegal,SEN,SEN,Group I,Yehvann DIOUF,Y. DIOUF,Goalkeeper,Goalkeeper,Unknown,1,1999-11-16,188.0,78.0,SEN,https://digitalhub.fifa.com/transform/3b022d7d-d20e-42de-a08d-9e678dab3bc6/DIOUF-Yehvann_494277,494277,43879,,,,,,,2025-03-17T00:00:00Z,1,494277
Senegal,SEN,SEN,Group I,Mamadou SARR,SARR,Defender,Defender,Unknown,2,2005-08-29,194.0,77.0,SEN,https://digitalhub.fifa.com/transform/3abb3fa8-05e3-4973-adb7-ef4b941b8ec1/SARR-Mamadou_499800,499800,43879,,,,,,,2025-11-17T00:00:00Z,1,499800
Senegal,SEN,SEN,Group I,Kalidou KOULIBALY,KOULIBALY,Defender,Defender,Unknown,3,1991-06-20,186.0,89.0,SEN,https://digitalhub.fifa.com/transform/538bee26-1d47-4a95-a0f0-5d706f741e07/KOULIBALY-Kalidou_339820,339820,43879,,,,,,,2015-05-06T00:00:00Z,1,339820
Senegal,SEN,SEN,Group I,Abdoulaye Seck,SECK,Defender,Defender,Unknown,4,1992-06-04,192.0,80.0,SEN,https://digitalhub.fifa.com/transform/d8107e3c-87b1-452f-9f6a-a704145d2d51/SECK-Abdoulaye_370171,370171,43879,,,,,,,2013-06-06T00:00:00Z,1,370171
Senegal,SEN,SEN,Group I,Idrissa Gana GUEYE,GANA,Midfielder,Midfielder,Unknown,5,1989-09-26,174.0,64.0,SEN,https://digitalhub.fifa.com/transform/4d275801-8b11-4fcc-bed0-ace70703da2d/IDRISSA-GANA-GUEYE_332314_1,332314,43879,,,,,,,2011-11-11T00:00:00Z,1,332314
Senegal,SEN,SEN,Group I,Pathe CISS,P.I. CISS,Midfielder,Midfielder,Unknown,6,1994-03-16,186.0,70.0,SEN,https://digitalhub.fifa.com/transform/fa3c3939-ed3d-46f5-9474-39fe481be534/CISS-Pathe_448825,448825,43879,,,,,,,2022-10-25T00:00:00Z,1,448825
Senegal,SEN,SEN,Group I,Assane DIAO,A. DIAO,Forward,Forward,Unknown,7,2005-09-07,185.0,82.0,SEN,https://digitalhub.fifa.com/transform/2b8bf568-c645-4cbc-995a-5980c82e393b/DIAO-Assane_484698,484698,43879,,,,,,,2025-03-17T00:00:00Z,1,484698
Senegal,SEN,SEN,Group I,Lamine CAMARA,LAMINE,Midfielder,Midfielder,Unknown,8,2004-01-01,174.0,70.0,SEN,https://digitalhub.fifa.com/transform/b8bad481-9270-4f53-92fd-ec70fbb7a06e/CAMARA-Lamine_464842,464842,43879,,,,,,,2023-10-19T00:00:00Z,1,464842
Senegal,SEN,SEN,Group I,Bamba DIENG,BAMBA,Forward,Forward,Unknown,9,2000-03-23,178.0,78.0,SEN,https://digitalhub.fifa.com/transform/1c4c9caa-ee5b-49ef-afaf-159f1046f0eb/DIENG-Bamba_418781,418781,43879,,,,,,,2022-03-25T00:00:00Z,1,418781
Senegal,SEN,SEN,Group I,Sadio MANE,MANÉ,Forward,Forward,Unknown,10,1992-04-10,175.0,69.0,SEN,https://digitalhub.fifa.com/transform/e0f75257-7c12-4777-a0d6-87b5d30f5548/MANE-Sadio_353790,353790,43879,,,,,,,2011-11-11T00:00:00Z,1,353790
Senegal,SEN,SEN,Group I,Nicolas JACKSON,N. JACKSON,Forward,Forward,Unknown,11,2001-06-20,187.0,83.0,SEN,https://digitalhub.fifa.com/transform/27569451-1271-4fb3-86ee-51e88e913ec7/JACKSON-Nicolas_418795,418795,43879,,,,,,,2022-10-25T00:00:00Z,1,418795
Senegal,SEN,SEN,Group I,Cherif NDIAYE,CHÉRIF,Forward,Forward,Unknown,12,1996-01-23,190.0,82.0,SEN,https://digitalhub.fifa.com/transform/7839c6fe-1ef4-4201-84d7-4540216e1588/NDIAYE-Cherif_486168,486168,43879,,,,,,,2024-06-03T00:00:00Z,1,486168
Senegal,SEN,SEN,Group I,Iliman NDIAYE,NDIAYE,Forward,Forward,Unknown,13,2000-03-06,180.0,78.0,SEN,https://digitalhub.fifa.com/transform/6e228075-d552-4471-80b9-6beb5f574ac6/NDIAYE-Iliman_448815,448815,43879,,,,,,,2022-10-25T00:00:00Z,1,448815
Senegal,SEN,SEN,Group I,Ismail JAKOBS,JAKOBS,Defender,Defender,Unknown,14,1999-08-17,184.0,75.0,SEN,https://digitalhub.fifa.com/transform/a24c412d-22cb-4d33-a341-e7f5e731756a/JAKOBS-Ismail_430671,430671,43879,,,,,,,2023-10-19T00:00:00Z,1,430671
Senegal,SEN,SEN,Group I,Krepin DIATTA,DIATTA,Defender,Defender,Unknown,15,1999-02-25,173.0,68.0,SEN,https://digitalhub.fifa.com/transform/29d66b6d-0e3d-4613-b399-d75741b2585d/DIATTA-Krepin_403642,403642,43879,,,,,,,2018-05-14T00:00:00Z,1,403642
Senegal,SEN,SEN,Group I,Edouard MENDY,MENDY,Goalkeeper,Goalkeeper,Unknown,16,1992-03-01,194.0,97.0,SEN,https://digitalhub.fifa.com/transform/9093beeb-51a2-4e1d-b700-73e094c6949c/MENDY-Edouard_433806,433806,43879,,,,,,,2021-10-13T00:00:00Z,1,433806
Senegal,SEN,SEN,Group I,Pape Matar SARR,P.M. SARR,Midfielder,Midfielder,Unknown,17,2002-09-14,185.0,80.0,SEN,https://digitalhub.fifa.com/transform/60281798-1792-4113-ba5c-fbfd3299270f/SARR-Pape-Matar_418798,418798,43879,,,,,,,2022-03-25T00:00:00Z,1,418798
Senegal,SEN,SEN,Group I,Ismaila SARR,ISMAÏLA,Forward,Forward,Unknown,18,1998-02-25,185.0,76.0,SEN,https://digitalhub.fifa.com/transform/695226c6-92b8-4aa6-995e-dcdd2d08eb96/SARR-Ismaila_401889,401889,43879,,,,,,,2017-01-30T00:00:00Z,1,401889
Senegal,SEN,SEN,Group I,Moussa Niakhate,NIAKHATÉ,Defender,Defender,Unknown,19,1996-03-08,190.0,87.0,SEN,https://digitalhub.fifa.com/transform/8f89704d-50da-430b-b9dd-1775cf3c0f29/NIAKHATE-Moussa_430690,430690,43879,,,,,,,2023-11-07T00:00:00Z,1,430690
Senegal,SEN,SEN,Group I,Ibrahim MBAYE,I. MBAYE,Forward,Forward,Unknown,20,2008-01-24,175.0,65.0,SEN,https://digitalhub.fifa.com/transform/1583bcf3-3a11-4ebe-a9ef-18aba9e7f32b/MBAYE-Ibrahim_496358,496358,43879,,,,,,,2025-11-17T00:00:00Z,1,496358
Senegal,SEN,SEN,Group I,Habib DIARRA,H. DIARRA,Midfielder,Midfielder,Unknown,21,2004-01-03,178.0,76.0,SEN,https://digitalhub.fifa.com/transform/87016310-d872-4f1d-b60a-2c9e702190d7/DIARRA-Habib_486130,486130,43879,,,,,,,2024-06-03T00:00:00Z,1,486130
Senegal,SEN,SEN,Group I,Bara Sapoko NDIAYE,BARA,Midfielder,Midfielder,Unknown,22,2007-12-31,180.0,78.0,SEN,https://digitalhub.fifa.com/transform/957881a0-4f0a-4ff8-baf4-e0c73f844244/NDIAYE-Bara-Sapoko_523354,523354,43879,,,,,,,2026-05-15T00:00:00Z,1,523354
Senegal,SEN,SEN,Group I,Mory DIAW,DIAW,Goalkeeper,Goalkeeper,Unknown,23,1993-06-22,197.0,84.0,SEN,https://digitalhub.fifa.com/transform/79100f28-7542-4023-b782-e40ecd748f93/DIAW-Mory_448821,448821,43879,,,,,,,2022-10-25T00:00:00Z,1,448821
Senegal,SEN,SEN,Group I,Antoine MENDY,A. MENDY,Defender,Defender,Unknown,24,2004-05-27,187.0,80.0,SEN,https://digitalhub.fifa.com/transform/6e92b02c-cd04-4c63-a901-36d050c5f772/MENDY-Antoine_494279,494279,43879,,,,,,,2025-03-17T00:00:00Z,1,494279
Senegal,SEN,SEN,Group I,El Hadji Malick DIOUF,DIOUF,Defender,Defender,Unknown,25,2004-12-29,177.0,69.0,SEN,https://digitalhub.fifa.com/transform/39400519-512a-43ef-97f2-7760d679aea5/DIOUF-El-Hadji-Malick_464865,464865,43879,,,,,,,2025-07-02T00:00:00Z,1,464865
Senegal,SEN,SEN,Group I,Pape GUEYE,GUEYE,Midfielder,Midfielder,Unknown,26,1999-01-24,189.0,76.0,SEN,https://digitalhub.fifa.com/transform/ce2a3833-450c-413b-990f-7c76132e4913/GUEYE-Pape_431788,431788,43879,,,,,,,2022-03-25T00:00:00Z,1,431788
South Africa,RSA,RSA,Group A,Ronwen WILLIAMS,WILLIAMS,Goalkeeper,Goalkeeper,Unknown,1,1992-01-21,184.0,84.0,RSA,https://digitalhub.fifa.com/transform/b95f9142-251c-4943-911c-9c8d7ad8dd1c/WILLIAMS-Ronwen_395986,395986,43883,,,,,,,2016-07-11T00:00:00Z,1,395986
South Africa,RSA,RSA,Group A,Thabang MATULUDI,MATULUDI,Defender,Defender,Unknown,2,1999-01-14,189.0,75.0,RSA,https://digitalhub.fifa.com/transform/33d0c67e-6bf5-41cb-a8ab-ad1cb098d166/MATULUDI-Thabang_510850,510850,43883,,,,,,,2025-10-06T00:00:00Z,1,510850
South Africa,RSA,RSA,Group A,Khulumani NDAMANE,NDAMANE,Defender,Defender,Unknown,3,2004-02-05,183.0,72.0,RSA,https://digitalhub.fifa.com/transform/a3360ef3-4418-4f0a-9f74-318bdfa4ffd8/NDAMANE-Khulumani_504192,504192,43883,,,,,,,2025-07-16T00:00:00Z,1,504192
South Africa,RSA,RSA,Group A,Teboho MOKOENA,MOKOENA,Midfielder,Midfielder,Unknown,4,1997-01-24,177.0,76.0,RSA,https://digitalhub.fifa.com/transform/bf36679b-73eb-4813-a99d-b9673439dd05/MOKOENA-Teboho_403616,403616,43883,,,,,,,2023-04-06T00:00:00Z,1,403616
South Africa,RSA,RSA,Group A,Thalente MBATHA,MBATHA,Midfielder,Midfielder,Unknown,5,2000-03-06,179.0,74.0,RSA,https://digitalhub.fifa.com/transform/5b2d0a1a-fe59-4136-90d3-4315c34b8500/MBATHA-Thalente_494248,494248,43883,,,,,,,2025-03-17T00:00:00Z,1,494248
South Africa,RSA,RSA,Group A,Aubrey MODIBA,MODIBA,Defender,Defender,Unknown,6,1995-07-22,171.0,73.0,RSA,https://digitalhub.fifa.com/transform/e5ddfbfb-b601-4ff8-83a5-f55162967798/MODIBA-Aubrey_395050,395050,43883,,,,,,,2015-10-07T00:00:00Z,1,395050
South Africa,RSA,RSA,Group A,Oswin APPOLLIS,APPOLLIS,Forward,Forward,Unknown,7,2001-08-25,171.0,70.0,RSA,https://digitalhub.fifa.com/transform/91646285-a63d-4aeb-8036-da1dd055d6b5/APPOLLIS-Oswin_419223,419223,43883,,,,,,,2023-11-18T00:00:00Z,1,419223
South Africa,RSA,RSA,Group A,Tshepang MOREMI,MOREMI,Forward,Forward,Unknown,8,2000-10-02,169.0,70.0,RSA,https://digitalhub.fifa.com/transform/5579f48c-4b61-4def-b314-75e873c36961/MOREMI-Tshepang_504193,504193,43883,,,,,,,2025-07-16T00:00:00Z,1,504193
South Africa,RSA,RSA,Group A,Lyle FOSTER,FOSTER,Forward,Forward,Unknown,9,2000-09-03,185.0,79.0,RSA,https://digitalhub.fifa.com/transform/155c969c-63e1-438e-bd3d-ce587ac212c6/FOSTER-Lyle_419211,419211,43883,,,,,,,2023-04-06T00:00:00Z,1,419211
South Africa,RSA,RSA,Group A,Relebohile MOFOKENG,MOFOKENG,Forward,Forward,Unknown,10,2004-10-23,168.0,69.0,RSA,https://digitalhub.fifa.com/transform/4946f2f8-a809-451e-962b-7b7426bbd633/MOFOKENG-Relebohile_486161,486161,43883,,,,,,,2024-06-03T00:00:00Z,1,486161
South Africa,RSA,RSA,Group A,Themba ZWANE,ZWANE,Midfielder,Midfielder,Unknown,11,1989-08-03,178.0,71.0,RSA,https://digitalhub.fifa.com/transform/8d294899-e656-4484-91b7-99d646bc590c/ZWANE-Themba_395984,395984,43883,,,,,,,2016-07-11T00:00:00Z,1,395984
South Africa,RSA,RSA,Group A,Thapelo MASEKO,MASEKO,Forward,Forward,Unknown,12,2003-11-11,178.0,74.0,RSA,https://digitalhub.fifa.com/transform/a8c4c69e-b074-4a10-9bfc-38c85175560d/MASEKO-Thapelo_463234,463234,43883,,,,,,,2023-04-06T00:00:00Z,1,463234
South Africa,RSA,RSA,Group A,Sphephelo SITHOLE,SITHOLE,Midfielder,Midfielder,Unknown,13,1999-03-03,197.0,87.0,RSA,https://digitalhub.fifa.com/transform/200f1c50-a60a-4c33-ad94-b4dabd605f35/SITHOLE-Sphephelo_390475,390475,43883,,,,,,,2023-04-06T00:00:00Z,1,390475
South Africa,RSA,RSA,Group A,Mbekezeli MBOKAZI,MBOKAZI,Defender,Defender,Unknown,14,2005-09-19,177.0,64.0,RSA,https://digitalhub.fifa.com/transform/978b666d-f320-4d49-b717-a08fa7ae456f/MBOKAZI-Mbekezeli_504199,504199,43883,,,,,,,2025-07-16T00:00:00Z,1,504199
South Africa,RSA,RSA,Group A,Iqraam RAYNERS,RAYNERS,Forward,Forward,Unknown,15,1995-12-19,174.0,76.0,RSA,https://digitalhub.fifa.com/transform/f13ebf2a-3cac-4af7-bd73-2b70ed5ecc1a/RAYNERS-Iqraam_481242,481242,43883,,,,,,,2024-01-08T00:00:00Z,1,481242
South Africa,RSA,RSA,Group A,Sipho CHAINE,CHAINE,Goalkeeper,Goalkeeper,Unknown,16,1996-12-14,186.0,77.0,RSA,https://digitalhub.fifa.com/transform/c06e5903-d546-4bc6-a558-5ce40b336b64/CHAINE-Sipho_494246,494246,43883,,,,,,,2025-03-17T00:00:00Z,1,494246
South Africa,RSA,RSA,Group A,Evidence MAKGOPA,MAKGPA,Forward,Forward,Unknown,17,2000-06-05,183.0,74.0,RSA,https://digitalhub.fifa.com/transform/9c040766-d546-4007-9fa3-eb50206cd689/MAKGOPA-Evidence_430917,430917,43883,,,,,,,2023-04-06T00:00:00Z,1,430917
South Africa,RSA,RSA,Group A,Samukele KABINI,Samukele KABINI,Defender,Defender,Unknown,18,2004-03-15,179.0,78.0,RSA,https://digitalhub.fifa.com/transform/29044a18-4871-49d0-af81-0b0887b148dd/KABINI-Samukelo_504200,504200,43883,,,,,,,2025-07-16T00:00:00Z,1,504200
South Africa,RSA,RSA,Group A,Nkosinathi SIBISI,SIBISI,Defender,Defender,Unknown,19,1995-09-22,172.0,79.0,RSA,https://digitalhub.fifa.com/transform/1fb66990-444a-4e4b-9047-41c2542ea91a/SIBISI-Nkosinathi_463221,463221,43883,,,,,,,2023-04-06T00:00:00Z,1,463221
South Africa,RSA,RSA,Group A,Khuliso MUDAU,MUDAU,Defender,Defender,Unknown,20,1995-04-26,179.0,70.0,RSA,https://digitalhub.fifa.com/transform/29d0b36b-2727-4fc0-ab1e-4d21b5858f5a/MUDAU-Khuliso_463218,463218,43883,,,,,,,2023-04-06T00:00:00Z,1,463218
South Africa,RSA,RSA,Group A,Ime OKON,OKON,Defender,Defender,Unknown,21,2004-02-20,187.0,86.0,RSA,https://digitalhub.fifa.com/transform/5f5d2eb3-3964-486f-9faa-800200078576/OKON-Ime_506039,506039,43883,,,,,,,2025-09-01T00:00:00Z,1,506039
South Africa,RSA,RSA,Group A,Ricardo GOSS,GOSS,Goalkeeper,Goalkeeper,Unknown,22,1994-04-02,181.0,80.0,RSA,https://digitalhub.fifa.com/transform/2727bd1f-2d55-4a70-9bd5-58a96d4bf9bc/GOSS-Ricardo_395059,395059,43883,,,,,,,2023-10-19T00:00:00Z,1,395059
South Africa,RSA,RSA,Group A,Jayden ADAMS,ADAMS,Midfielder,Midfielder,Unknown,23,2001-05-05,177.0,70.0,RSA,https://digitalhub.fifa.com/transform/d238f3d6-bc5d-44c6-b312-2989524bea12/ADAMS-Jayden_463236,463236,43883,,,,,,,2023-04-06T00:00:00Z,1,463236
South Africa,RSA,RSA,Group A,Olwethu MAKHANYA,MAKHANYA,Defender,Defender,Unknown,24,2004-04-30,185.0,72.0,RSA,https://digitalhub.fifa.com/transform/97ff80ac-588e-4b15-8c20-5a3cbd7f30f8/MAKHANYA-Olwethu_502245,502245,43883,,,,,,,2026-03-26T00:00:00Z,1,502245
South Africa,RSA,RSA,Group A,Kamogelo SEBELEBELE,SEBELEBELE,Forward,Forward,Unknown,25,2002-07-21,166.0,55.0,RSA,https://digitalhub.fifa.com/transform/dcd49deb-cb7f-4620-8f79-98a802624026/SEBELEBELE-Kamogelo_506038,506038,43883,,,,,,,2025-09-01T00:00:00Z,1,506038
South Africa,RSA,RSA,Group A,Bradley Cross,CROSS,Defender,Defender,Unknown,26,2001-01-30,175.0,70.0,RSA,https://digitalhub.fifa.com/transform/6cee5a12-c935-4707-a3b8-2cad746fd5f5/CROSS-Bradley_419225,419225,43883,,,,,,,2023-11-18T00:00:00Z,1,419225
Spain,ESP,ESP,Group H,David RAYA,RAYA,Goalkeeper,Goalkeeper,Unknown,1,1995-09-15,186.0,82.0,ESP,https://digitalhub.fifa.com/transform/2a0b3279-e7c5-44c9-8f13-897d085e83bf/RAYA-David_447853,447853,43969,,,,,,,2022-10-19T00:00:00Z,1,447853
Spain,ESP,ESP,Group H,Marc PUBILL,MARC PUBILL,Defender,Defender,Unknown,2,2003-06-20,191.0,86.0,ESP,https://digitalhub.fifa.com/transform/fd21bf4f-bf7d-4917-8afd-3def8e7e5069/PUBILL-Marc_484728,484728,43969,,,,,,,2026-06-19T00:00:00Z,1,484728
Spain,ESP,ESP,Group H,Alex GRIMALDO,GRIMALDO,Defender,Defender,Unknown,3,1995-09-20,171.0,67.0,ESP,https://digitalhub.fifa.com/transform/5517003d-ede4-43f5-a595-68e9bd17f6ca/GRIMALDO-Alex_391297,391297,43969,,,,,,,2024-04-01T00:00:00Z,1,391297
Spain,ESP,ESP,Group H,Eric GARCIA,ERIC,Defender,Defender,Unknown,4,2001-01-09,183.0,78.0,ESP,https://digitalhub.fifa.com/transform/96536fc5-7d12-442c-89ba-c7ccdae45d61/GARCIA-Eric_405562,405562,43969,,,,,,,2022-10-19T00:00:00Z,1,405562
Spain,ESP,ESP,Group H,Marcos LLORENTE,M. LLORENTE,Defender,Defender,Unknown,5,1995-01-30,183.0,75.0,ESP,https://digitalhub.fifa.com/transform/ab948683-40c0-4af1-9038-b7f24da3ffc2/LLORENTE-Marcos_382739,382739,43969,,,,,,,2022-10-19T00:00:00Z,1,382739
Spain,ESP,ESP,Group H,Mikel MERINO,MERINO,Midfielder,Midfielder,Unknown,6,1996-06-22,188.0,85.0,ESP,https://digitalhub.fifa.com/transform/bcc810b0-5c45-4781-809e-beae8b68e1d8/MERINO-Mikel_430733,430733,43969,,,,,,,2022-10-19T00:00:00Z,1,430733
Spain,ESP,ESP,Group H,Ferran TORRES,FERRAN,Forward,Forward,Unknown,7,2000-02-29,183.0,81.0,ESP,https://digitalhub.fifa.com/transform/aa65d133-f0fb-4379-9b1b-6c9dc2f40195/TORRES-Ferran_405545,405545,43969,,,,,,,2022-10-19T00:00:00Z,1,405545
Spain,ESP,ESP,Group H,Fabian RUIZ,FABIÁN,Midfielder,Midfielder,Unknown,8,1996-04-03,188.0,82.0,ESP,https://digitalhub.fifa.com/transform/c40ded96-190d-41c8-90f2-6a253a63b33d/RUIZ-Fabian_430718,430718,43969,,,,,,,2023-08-22T00:00:00Z,1,430718
Spain,ESP,ESP,Group H,GAVI,GAVI,Midfielder,Midfielder,Unknown,9,2004-08-05,173.0,70.0,ESP,https://digitalhub.fifa.com/transform/4a8278cb-43c6-4a1a-8aa8-896c67daf977/GAVI_447866,447866,43969,,,,,,,2022-10-19T00:00:00Z,1,447866
Spain,ESP,ESP,Group H,Dani OLMO,OLMO,Forward,Forward,Unknown,10,1998-05-07,179.0,72.0,ESP,https://digitalhub.fifa.com/transform/c3f3e67a-90c1-469a-a4e1-263a470db989/OLMO-Dani_430750,430750,43969,,,,,,,2022-10-19T00:00:00Z,1,430750
Spain,ESP,ESP,Group H,Yeremy PINO,YEREMY,Forward,Forward,Unknown,11,2002-10-20,174.0,66.0,ESP,https://digitalhub.fifa.com/transform/40328b78-c5b4-4c63-a11e-e5d1491793ef/PINO-Yeremy_423658,423658,43969,,,,,,,2022-10-19T00:00:00Z,1,423658
Spain,ESP,ESP,Group H,Pedro PORRO,PEDRO PORRO,Defender,Defender,Unknown,12,1999-09-13,173.0,73.0,ESP,https://digitalhub.fifa.com/transform/2c33b0c7-c399-4eac-98b2-66f35e77886a/PORRO-Pedro_430144,430144,43969,,,,,,,2021-03-29T00:00:00Z,1,430144
Spain,ESP,ESP,Group H,Joan GARCIA,JOAN GARCIA,Goalkeeper,Goalkeeper,Unknown,13,2001-05-04,194.0,86.0,ESP,https://digitalhub.fifa.com/transform/08439f96-c835-4b28-9fc5-7e90d4e82738/GARCIA-Joan_484691,484691,43969,,,,,,,2026-03-26T00:00:00Z,1,484691
Spain,ESP,ESP,Group H,Aymeric LAPORTE,LAPORTE,Defender,Defender,Unknown,14,1994-05-27,191.0,86.0,ESP,https://digitalhub.fifa.com/transform/e923ca38-381d-4187-9d40-9f5f72434530/LAPORTE-Aymeric_335999,335999,43969,,,,,,,2021-05-14T00:00:00Z,1,335999
Spain,ESP,ESP,Group H,Alex BAENA,ALEX B.,Midfielder,Midfielder,Unknown,15,2001-07-20,172.0,65.0,ESP,https://digitalhub.fifa.com/transform/19c2a085-e986-4c5b-8af7-aa98f7adc36e/BAENA-Alex_447860,447860,43969,,,,,,,2022-10-19T00:00:00Z,1,447860
Spain,ESP,ESP,Group H,RODRI,RODRIGO,Midfielder,Midfielder,Unknown,16,1996-06-22,190.0,90.0,ESP,https://digitalhub.fifa.com/transform/295ab5b2-4dbf-42b9-918b-04fb4ae0ec0a/RODRI_411375,411375,43969,,,,,,,2018-05-15T00:00:00Z,1,411375
Spain,ESP,ESP,Group H,Nico WILLIAMS,WILLIAMS JR.,Forward,Forward,Unknown,17,2002-07-12,181.0,74.0,ESP,https://digitalhub.fifa.com/transform/1792665e-37cb-421d-969b-e6a3edbd8d76/WILLIAMS-Nico_447855,447855,43969,,,,,,,2022-10-19T00:00:00Z,1,447855
Spain,ESP,ESP,Group H,Martin ZUBIMENDI,ZUBIMENDI,Midfielder,Midfielder,Unknown,18,1999-02-02,181.0,78.0,ESP,https://digitalhub.fifa.com/transform/640def2c-056d-4b6d-8bcc-613b77f99160/ZUBIMENDI-Martin_430754,430754,43969,,,,,,,2022-10-19T00:00:00Z,1,430754
Spain,ESP,ESP,Group H,Lamine YAMAL,LAMINE YAMAL,Forward,Forward,Unknown,19,2007-07-13,183.0,63.0,ESP,https://digitalhub.fifa.com/transform/37b631d3-c340-4590-91a8-bb00bd5f1e89/YAMAL-Lamine_484320,484320,43969,,,,,,,2024-04-29T00:00:00Z,1,484320
Spain,ESP,ESP,Group H,PEDRI,PEDRI,Midfielder,Midfielder,Unknown,20,2002-11-25,174.0,68.0,ESP,https://digitalhub.fifa.com/transform/75a5861e-008f-460c-81e4-8085fa2cc961/PEDRI_423646,423646,43969,,,,,,,2022-10-19T00:00:00Z,1,423646
Spain,ESP,ESP,Group H,Mikel OYARZABAL,OYARZABAL,Forward,Forward,Unknown,21,1997-04-21,181.0,80.0,ESP,https://digitalhub.fifa.com/transform/2f46ed20-b155-4201-8b97-badbc3619450/OYARZABAL-Mikel_430751,430751,43969,,,,,,,2022-10-19T00:00:00Z,1,430751
Spain,ESP,ESP,Group H,Pau CUBARSI,CUBARSÍ,Defender,Defender,Unknown,22,2007-01-22,183.0,77.0,ESP,https://digitalhub.fifa.com/transform/02b8f052-fa36-41a9-807e-e8f7c6a96d61/CUBARSI-Pau_474973,474973,43969,,,,,,,2024-05-29T00:00:00Z,1,474973
Spain,ESP,ESP,Group H,Unai SIMON,UNAI SIMÓN,Goalkeeper,Goalkeeper,Unknown,23,1997-06-11,190.0,88.0,ESP,https://digitalhub.fifa.com/transform/41e0f920-bd7d-4bd6-882b-c83ed33e3f26/SIMON-Unai_430753,430753,43969,,,,,,,2022-10-19T00:00:00Z,1,430753
Spain,ESP,ESP,Group H,Marc CUCURELLA,CUCURELLA,Defender,Defender,Unknown,24,1998-07-22,173.0,70.0,ESP,https://digitalhub.fifa.com/transform/3bc6b871-a4b2-4201-8885-a77420f4c7c9/CUCURELLA-Marc_430735,430735,43969,,,,,,,2022-10-19T00:00:00Z,1,430735
Spain,ESP,ESP,Group H,Victor MUNOZ,VICTOR M.V.,Forward,Forward,Unknown,25,2003-07-13,173.0,70.0,ESP,https://digitalhub.fifa.com/transform/73c58323-50f9-463b-88f0-abce4d69067c/MUNOZ-Victor_492859,492859,43969,,,,,,,2026-03-26T00:00:00Z,1,492859
Spain,ESP,ESP,Group H,Borja IGLESIAS,B. IGLESIAS,Forward,Forward,Unknown,26,1993-01-17,187.0,90.0,ESP,https://digitalhub.fifa.com/transform/e90fda84-dae1-44e9-b030-9ce63b11b2d4/IGLESIAS-Borja_447864,447864,43969,,,,,,,2022-10-19T00:00:00Z,1,447864
Sweden,SWE,SWE,Group F,Jacob WIDELL ZETTERSTROM,ZETTERSTRÖM,Goalkeeper,Goalkeeper,Unknown,1,1998-07-11,197.0,88.0,SWE,https://digitalhub.fifa.com/transform/c93a418b-3456-4b0f-b0e0-8cb27004aebb/WIDELL-ZETTERSTROM-Jacob_489685,489685,43970,,,,,,,2024-09-04T00:00:00Z,1,489685
Sweden,SWE,SWE,Group F,Gustaf LAGERBIELKE,LAGERBIELKE,Defender,Defender,Unknown,2,2000-04-10,193.0,80.0,SWE,https://digitalhub.fifa.com/transform/12a80a14-c33d-480f-8742-315485c114c1/LAGERBIELKE-Gustaf_483304,483304,43970,,,,,,,2024-04-16T00:00:00Z,1,483304
Sweden,SWE,SWE,Group F,Victor LINDELOF,LINDELÖF,Defender,Defender,Unknown,3,1994-07-17,187.0,82.0,SWE,https://digitalhub.fifa.com/transform/88b96376-9f31-40fd-a0fc-ae12aab484c4/LINDELOF-Victor_395283,395283,43970,,,,,,,2016-09-04T00:00:00Z,1,395283
Sweden,SWE,SWE,Group F,Isak HIEN,HIEN,Defender,Defender,Unknown,4,1999-01-13,191.0,88.0,SWE,https://digitalhub.fifa.com/transform/0daf43d1-2714-4cc3-ab8b-3cf2020bf150/HIEN-Isak_483312,483312,43970,,,,,,,2024-04-16T00:00:00Z,1,483312
Sweden,SWE,SWE,Group F,Gabriel GUDMUNDSSON,GUDMUNDSSON,Defender,Defender,Unknown,5,1999-04-29,181.0,75.0,SWE,https://digitalhub.fifa.com/transform/43fd52e9-e3a9-46f6-8432-7bfbbb394678/GUDMUNDSSON-Gabriel_483276,483276,43970,,,,,,,2024-04-16T00:00:00Z,1,483276
Sweden,SWE,SWE,Group F,Herman JOHANSSON,H. JOHANSSON,Defender,Defender,Unknown,6,1997-10-16,190.0,84.0,SWE,https://digitalhub.fifa.com/transform/58eb2743-907e-4e6d-8020-28c8767e5cdc/JOHANSSON-Herman_514639,514639,43970,,,,,,,2025-11-18T00:00:00Z,1,514639
Sweden,SWE,SWE,Group F,Lucas BERGVALL,BERGVALL,Midfielder,Midfielder,Unknown,7,2006-02-02,187.0,75.0,SWE,https://digitalhub.fifa.com/transform/bd927d6a-bb9d-4424-9e96-53c2ebc7220b/BERGVALL-Lucas_489689,489689,43970,,,,,,,2024-09-04T00:00:00Z,1,489689
Sweden,SWE,SWE,Group F,Daniel SVENSSON,SVENSSON,Defender,Defender,Unknown,8,2002-02-12,183.0,72.0,SWE,https://digitalhub.fifa.com/transform/49dbfd16-1871-40c2-94d5-995f9e38cc04/SVENSSON-Daniel_491255,491255,43970,,,,,,,2024-10-08T00:00:00Z,1,491255
Sweden,SWE,SWE,Group F,Alexander Isak,ISAK,Forward,Forward,Unknown,9,1999-09-21,190.0,74.0,SWE,https://digitalhub.fifa.com/transform/c6ffe63b-aefd-43b8-bd9d-3c6e31a8f418/ISAK-Alexander_430150,430150,43970,,,,,,,2021-03-29T00:00:00Z,1,430150
Sweden,SWE,SWE,Group F,Benjamin NYGREN,NYGREN,Midfielder,Midfielder,Unknown,10,2001-07-08,187.0,76.0,SWE,https://digitalhub.fifa.com/transform/e464be99-48c1-41a9-b5aa-2c5760f1d302/NYGREN-Benjamin_502946,502946,43970,,,,,,,2025-07-03T00:00:00Z,1,502946
Sweden,SWE,SWE,Group F,Anthony ELANGA,ELANGA,Forward,Forward,Unknown,11,2002-04-27,178.0,75.0,SWE,https://digitalhub.fifa.com/transform/38e8d10e-aa56-4837-a589-35bc4dcc23a3/ELANGA-Anthony_441137,441137,43970,,,,,,,2022-03-24T00:00:00Z,1,441137
Sweden,SWE,SWE,Group F,Viktor JOHANSSON,V. JOHANSSON,Goalkeeper,Goalkeeper,Unknown,12,1998-09-14,187.0,80.0,SWE,https://digitalhub.fifa.com/transform/c311a4ac-f9ad-48d3-99dc-b9c53345d0f9/JOHANSSON-Viktor_483264,483264,43970,,,,,,,2024-04-16T00:00:00Z,1,483264
Sweden,SWE,SWE,Group F,Ken SEMA,SEMA,Midfielder,Midfielder,Unknown,13,1993-09-30,180.0,69.0,SWE,https://digitalhub.fifa.com/transform/eb495b7c-f859-40c2-9327-9478faf03c24/SEMA-Ken_395286,395286,43970,,,,,,,2016-09-04T00:00:00Z,1,395286
Sweden,SWE,SWE,Group F,Hjalmar EKDAL,EKDAL,Defender,Defender,Unknown,14,1998-10-21,187.0,76.0,SWE,https://digitalhub.fifa.com/transform/23439c93-9021-4c30-b8b1-45141ad89e8c/EKDAL-Hjalmar_483319,483319,43970,,,,,,,2024-04-16T00:00:00Z,1,483319
Sweden,SWE,SWE,Group F,Carl STARFELT,STARFELT,Defender,Defender,Unknown,15,1995-06-01,185.0,83.0,SWE,https://digitalhub.fifa.com/transform/7c4b343c-446c-4d27-ab62-bb85ee559985/STARFELT-Carl_441132,441132,43970,,,,,,,2022-03-24T00:00:00Z,1,441132
Sweden,SWE,SWE,Group F,Jesper KARLSTROM,KARLSTRÖM,Midfielder,Midfielder,Unknown,16,1995-06-21,182.0,81.0,SWE,https://digitalhub.fifa.com/transform/0ed50024-cb6d-4fa5-bc7c-ba8a9afa7fd3/KARLSTROM-Jesper_441135,441135,43970,,,,,,,2022-03-24T00:00:00Z,1,441135
Sweden,SWE,SWE,Group F,Viktor GYOKERES,GYÖKERES,Forward,Forward,Unknown,17,1998-06-04,189.0,90.0,SWE,https://digitalhub.fifa.com/transform/ca3d75bf-7e31-4269-9933-b296eb3f5bff/GYOKERES-Viktor_483327,483327,43970,,,,,,,2024-04-16T00:00:00Z,1,483327
Sweden,SWE,SWE,Group F,Yasin AYARI,AYARI,Midfielder,Midfielder,Unknown,18,2003-10-06,172.0,69.0,SWE,https://digitalhub.fifa.com/transform/ac9ed8a6-7b39-4962-8245-b80556224ca0/AYARI-Yasin_489688,489688,43970,,,,,,,2024-09-04T00:00:00Z,1,489688
Sweden,SWE,SWE,Group F,Mattias SVANBERG,SVANBERG,Midfielder,Midfielder,Unknown,19,1999-01-05,186.0,77.0,SWE,https://digitalhub.fifa.com/transform/0d003261-373c-46f2-90c6-34d700c027f6/SVANBERG-Mattias_433795,433795,43970,,,,,,,2021-10-13T00:00:00Z,1,433795
Sweden,SWE,SWE,Group F,Eric SMITH,SMITH,Defender,Defender,Unknown,20,1997-01-08,192.0,86.0,SWE,https://digitalhub.fifa.com/transform/7f7bf320-92e1-4267-bc6b-56f2ec37e94f/SMITH-Eric_493061,493061,43970,,,,,,,2025-01-03T00:00:00Z,1,493061
Sweden,SWE,SWE,Group F,Alexander BERNHARDSSON,BERNHARDSSON,Defender,Defender,Unknown,21,1998-09-08,184.0,70.0,SWE,https://digitalhub.fifa.com/transform/165d5004-48b5-4a8c-86ee-d7c982b9b96c/BERNHARDSSON-Alexander_502945,502945,43970,,,,,,,2025-07-03T00:00:00Z,1,502945
Sweden,SWE,SWE,Group F,Besfort ZENELI,ZENELI,Midfielder,Midfielder,Unknown,22,2002-11-21,187.0,71.0,SWE,https://digitalhub.fifa.com/transform/7bd98883-dd6c-4e8f-954e-af31d070eac7/ZENELI-Besfort_503047,503047,43970,,,,,,,2025-07-04T00:00:00Z,1,503047
Sweden,SWE,SWE,Group F,Kristoffer NORDFELDT,NORDFELDT,Goalkeeper,Goalkeeper,Unknown,23,1989-06-23,190.0,85.0,SWE,https://digitalhub.fifa.com/transform/747828c3-0592-411d-889a-9a59ae78e0b6/NORDFELDT-Kristoffer_360496,360496,43970,,,,,,,2012-09-07T00:00:00Z,1,360496
Sweden,SWE,SWE,Group F,Elliot STROUD,STROUD,Defender,Defender,Unknown,24,2002-06-22,185.0,75.0,SWE,https://digitalhub.fifa.com/transform/12d24b4c-5628-4013-8f4d-bddea4ae2258/STROUD-Elliot_519958,519958,43970,,,,,,,2026-03-25T00:00:00Z,1,519958
Sweden,SWE,SWE,Group F,Gustaf NILSSON,NILSSON,Forward,Forward,Unknown,25,1997-05-23,197.0,88.0,SWE,https://digitalhub.fifa.com/transform/ba9d4008-fe99-49d2-afb3-c3a9d7a97da8/NILSSON-Gustaf_489691,489691,43970,,,,,,,2024-09-04T00:00:00Z,1,489691
Sweden,SWE,SWE,Group F,Taha ALI,ALI,Forward,Forward,Unknown,26,1998-07-01,174.0,63.0,SWE,https://digitalhub.fifa.com/transform/9a70800c-37c4-4cd9-b195-f307dbaad09b/ALI-Taha_514202,514202,43970,,,,,,,2025-11-10T00:00:00Z,1,514202
Switzerland,SUI,SUI,Group B,Gregor KOBEL,KOBEL,Goalkeeper,Goalkeeper,Unknown,1,1997-12-06,196.0,91.0,SUI,https://digitalhub.fifa.com/transform/8c199208-00cd-46ca-877b-f0fd4fb08e31/KOBEL-Gregor_448107,448107,43971,,,,,,,2022-10-21T00:00:00Z,1,448107
Switzerland,SUI,SUI,Group B,Miro MUHEIM,MUHEIM,Defender,Defender,Unknown,2,1998-03-24,182.0,82.0,SUI,https://digitalhub.fifa.com/transform/d3efd73b-690b-417d-a645-0a45b5c00bc8/MUHEIM-Miro_493221,493221,43971,,,,,,,2025-01-10T00:00:00Z,1,493221
Switzerland,SUI,SUI,Group B,Silvan WIDMER,WIDMER,Defender,Defender,Unknown,3,1993-03-05,183.0,83.0,SUI,https://digitalhub.fifa.com/transform/41a8791f-677e-4106-b2e4-9d71011c561d/WIDMER-Silvan_356412,356412,43971,,,,,,,2014-06-12T00:00:00Z,1,356412
Switzerland,SUI,SUI,Group B,Nico ELVEDI,ELVEDI,Defender,Defender,Unknown,4,1996-09-30,189.0,85.0,SUI,https://digitalhub.fifa.com/transform/5631cb24-dba7-44dd-ac2c-1c67b14d7649/ELVEDI-Nico_398509,398509,43971,,,,,,,2016-10-06T00:00:00Z,1,398509
Switzerland,SUI,SUI,Group B,Manuel AKANJI,AKANJI,Defender,Defender,Unknown,5,1995-07-19,188.0,95.0,SUI,https://digitalhub.fifa.com/transform/3a90610e-9f70-434a-b8b0-450a1ea81d75/AKANJI-Manuel_405178,405178,43971,,,,,,,2017-07-07T00:00:00Z,1,405178
Switzerland,SUI,SUI,Group B,Denis ZAKARIA,ZAKARIA,Midfielder,Midfielder,Unknown,6,1996-11-20,189.0,77.0,SUI,https://digitalhub.fifa.com/transform/e47d229b-d092-4759-82e0-0e5f88b2c894/ZAKARIA-Denis_401448,401448,43971,,,,,,,2016-12-12T00:00:00Z,1,401448
Switzerland,SUI,SUI,Group B,Breel EMBOLO,EMBOLO,Forward,Forward,Unknown,7,1997-02-14,184.0,86.0,SUI,https://digitalhub.fifa.com/transform/b2483096-041c-489b-a1c5-6d930f380909/EMBOLO-Breel_393480,393480,43971,,,,,,,2015-01-06T00:00:00Z,1,393480
Switzerland,SUI,SUI,Group B,Remo FREULER,FREULER,Midfielder,Midfielder,Unknown,8,1992-04-15,181.0,75.0,SUI,https://digitalhub.fifa.com/transform/821a56dc-683d-4326-a784-21e25428a18f/FREULER-Remo_402021,402021,43971,,,,,,,2017-02-15T00:00:00Z,1,402021
Switzerland,SUI,SUI,Group B,Johan MANZAMBI,MANZAMBI,Midfielder,Midfielder,Unknown,9,2005-10-14,182.0,76.0,SUI,https://digitalhub.fifa.com/transform/a0cb9413-32ea-4b8f-9801-55474cb12b77/MANZAMBI-Johan_502727,502727,43971,,,,,,,2025-06-30T00:00:00Z,1,502727
Switzerland,SUI,SUI,Group B,Granit XHAKA,XHAKA,Midfielder,Midfielder,Unknown,10,1992-09-27,183.0,82.0,SUI,https://digitalhub.fifa.com/transform/a6c333cc-3042-4094-9ec0-094479b8ca3a/XHAKA-Granit_311558,311558,43971,,,,,,,2012-08-15T00:00:00Z,1,311558
Switzerland,SUI,SUI,Group B,Dan NDOYE,NDOYE,Forward,Forward,Unknown,11,2000-10-25,184.0,72.0,SUI,https://digitalhub.fifa.com/transform/b536dbbe-88a2-4caf-97c0-6baac25c43fe/NDOYE-Dan_448114,448114,43971,,,,,,,2022-10-21T00:00:00Z,1,448114
Switzerland,SUI,SUI,Group B,Yvon MVOGO,MVOGO,Goalkeeper,Goalkeeper,Unknown,12,1994-06-06,190.0,88.0,SUI,https://digitalhub.fifa.com/transform/66a48e5b-90b7-48fa-94b6-f91d76c28962/MVOGO-Yvon_402022,402022,43971,,,,,,,2017-02-15T00:00:00Z,1,402022
Switzerland,SUI,SUI,Group B,Ricardo RODRIGUEZ,RODRIGUEZ,Defender,Defender,Unknown,13,1992-08-25,182.0,82.0,SUI,https://digitalhub.fifa.com/transform/07f27983-8eee-43f3-b68c-b45b6f806785/RODRIGUEZ-Ricardo_313559,313559,43971,,,,,,,2012-08-15T00:00:00Z,1,313559
Switzerland,SUI,SUI,Group B,Ardon JASHARI,JASHARI,Midfielder,Midfielder,Unknown,14,2002-07-30,181.0,75.0,SUI,https://digitalhub.fifa.com/transform/9e9fc9ed-5b8e-4c1e-a4e3-c29201d34dae/JASHARI-Ardon_448120,448120,43971,,,,,,,2022-10-21T00:00:00Z,1,448120
Switzerland,SUI,SUI,Group B,Djibril SOW,SOW,Midfielder,Midfielder,Unknown,15,1997-02-06,183.0,76.0,SUI,https://digitalhub.fifa.com/transform/64b86b6f-824e-4ef9-aa1e-43cfff2a7df1/SOW-Djibril_411226,411226,43971,,,,,,,2018-05-14T00:00:00Z,1,411226
Switzerland,SUI,SUI,Group B,Christian FASSNACHT,FASSNACHT,Forward,Forward,Unknown,16,1993-11-11,185.0,78.0,SUI,https://digitalhub.fifa.com/transform/7ece88c1-0971-4298-a4f1-00547bf2c889/FASSNACHT-Christian_448124,448124,43971,,,,,,,2022-10-21T00:00:00Z,1,448124
Switzerland,SUI,SUI,Group B,Ruben VARGAS,VARGAS,Forward,Forward,Unknown,17,1998-08-05,179.0,70.0,SUI,https://digitalhub.fifa.com/transform/625f7ce0-81a9-4bab-9b18-c9ec395b5096/VARGAS-Ruben_448131,448131,43971,,,,,,,2022-10-21T00:00:00Z,1,448131
Switzerland,SUI,SUI,Group B,Eray COEMERT,CÖMERT,Defender,Defender,Unknown,18,1998-02-04,183.0,80.0,SUI,https://digitalhub.fifa.com/transform/9b17e0f6-f09e-417d-9829-857d7a7d1fa3/COEMERT-Eray_448136,448136,43971,,,,,,,2022-10-21T00:00:00Z,1,448136
Switzerland,SUI,SUI,Group B,Noah OKAFOR,OKAFOR,Forward,Forward,Unknown,19,2000-05-24,185.0,80.0,SUI,https://digitalhub.fifa.com/transform/dd8abcd7-7775-4f67-9e25-eaa6e7cb2b97/OKAFOR-Noah_448127,448127,43971,,,,,,,2022-10-21T00:00:00Z,1,448127
Switzerland,SUI,SUI,Group B,Michel AEBISCHER,AEBISCHER,Midfielder,Midfielder,Unknown,20,1997-01-06,183.0,76.0,SUI,https://digitalhub.fifa.com/transform/33ced9ed-c3fd-4933-bc83-4a7a1465a94f/AEBISCHER-Michel_433147,433147,43971,,,,,,,2021-09-06T00:00:00Z,1,433147
Switzerland,SUI,SUI,Group B,Marvin KELLER,KELLER,Goalkeeper,Goalkeeper,Unknown,21,2002-07-03,189.0,89.0,SUI,https://digitalhub.fifa.com/transform/4c9ca839-ca31-4d4c-a620-3a5117c5efa8/KELLER-Marvin_484862,484862,43971,,,,,,,2024-05-17T00:00:00Z,1,484862
Switzerland,SUI,SUI,Group B,Fabian RIEDER,RIEDER,Midfielder,Midfielder,Unknown,22,2002-02-16,181.0,74.0,SUI,https://digitalhub.fifa.com/transform/7e5b9fb5-dfcf-47e7-b185-ebd6d915e0be/RIEDER-Fabian_448103,448103,43971,,,,,,,2022-10-21T00:00:00Z,1,448103
Switzerland,SUI,SUI,Group B,Zeki AMDOUNI,AMDOUNI,Forward,Forward,Unknown,23,2000-12-04,183.0,82.0,SUI,https://digitalhub.fifa.com/transform/64a9489f-28d0-40ca-9592-3cda9cb7cac5/AMDOUNI-Zeki_448112,448112,43971,,,,,,,2022-10-21T00:00:00Z,1,448112
Switzerland,SUI,SUI,Group B,Aurele AMENDA,AMENDA,Defender,Defender,Unknown,24,2003-07-31,194.0,98.0,SUI,https://digitalhub.fifa.com/transform/f38da0cf-fda0-4f52-838c-0bb40ab279c8/AMENDA-Aurele_484864,484864,43971,,,,,,,2024-05-17T00:00:00Z,1,484864
Switzerland,SUI,SUI,Group B,Luca JAQUEZ,JAQUEZ,Defender,Defender,Unknown,25,2003-06-02,187.0,83.0,SUI,https://digitalhub.fifa.com/transform/2f3d611d-71c6-40ac-bc76-fdad78fe3c5e/JAQUEZ-Luca_510908,510908,43971,,,,,,,2025-10-06T00:00:00Z,1,510908
Switzerland,SUI,SUI,Group B,Cedric ITTEN,ITTEN,Forward,Forward,Unknown,26,1996-12-27,190.0,82.0,SUI,https://digitalhub.fifa.com/transform/b9cc3593-aa7e-4f6f-b22b-2cdeae513a1e/ITTEN-Cedric_448104,448104,43971,,,,,,,2022-10-21T00:00:00Z,1,448104
Tunisia,TUN,TUN,Group F,Mouhib CHAMAKH,CHAMAKH,Goalkeeper,Goalkeeper,Unknown,1,2001-08-25,189.0,85.0,TUN,https://digitalhub.fifa.com/transform/7047e775-2f2c-4ea2-9ca6-6fc23363c591/CHAMAKH-Mouhib_520245,520245,43888,,,,,,,2026-03-29T00:00:00Z,1,520245
Tunisia,TUN,TUN,Group F,Ali ABDI,ABDI,Defender,Defender,Unknown,2,1993-12-20,177.0,78.0,TUN,https://digitalhub.fifa.com/transform/8ff3509c-8a73-40ea-ac0e-1beed4560b23/ABDI-Ali_433362,433362,43888,,,,,,,2021-10-02T00:00:00Z,1,433362
Tunisia,TUN,TUN,Group F,Montassar TALBI,TALBI,Defender,Defender,Unknown,3,1998-05-26,190.0,80.0,TUN,https://digitalhub.fifa.com/transform/253ef705-760c-457f-afde-067d2fb39010/TALBI-Montassar_433380,433380,43888,,,,,,,2021-10-02T00:00:00Z,1,433380
Tunisia,TUN,TUN,Group F,Omar Rekik,REKIK,Defender,Defender,Unknown,4,2001-12-20,188.0,77.0,TUN,https://digitalhub.fifa.com/transform/2f586126-6a63-4e5b-9f85-6e15800449d9/REKIK-Omar_433367,433367,43888,,,,,,,2021-10-02T00:00:00Z,1,433367
Tunisia,TUN,TUN,Group F,Adam AROUS,AROUS,Defender,Defender,Unknown,5,2004-07-17,188.0,80.0,TUN,https://digitalhub.fifa.com/transform/7cbb37f5-5dcd-4fa9-919e-f3fe4f843868/AROUS-Adam_516043,516043,43888,,,,,,,2025-12-17T00:00:00Z,1,516043
Tunisia,TUN,TUN,Group F,Dylan BRONN,BRONN,Defender,Defender,Unknown,6,1995-06-19,186.0,75.0,TUN,https://digitalhub.fifa.com/transform/9a7aa138-5845-4890-aa20-43f4021160ed/BRONN-Dylan_411653,411653,43888,,,,,,,2018-05-14T00:00:00Z,1,411653
Tunisia,TUN,TUN,Group F,Elias ACHOURI,ACHOURI,Forward,Forward,Unknown,7,1999-02-10,187.0,74.0,TUN,https://digitalhub.fifa.com/transform/5ffd95df-83a5-4768-9331-0842c3f433b6/ACHOURI-Elias_448662,448662,43888,,,,,,,2022-10-21T00:00:00Z,1,448662
Tunisia,TUN,TUN,Group F,Elias SAAD,SAAD,Forward,Forward,Unknown,8,1999-12-27,185.0,80.0,TUN,https://digitalhub.fifa.com/transform/2037123b-a7b7-4922-adcd-37607cd92c43/SAAD-Elias_482885,482885,43888,,,,,,,2024-03-21T00:00:00Z,1,482885
Tunisia,TUN,TUN,Group F,Hazem MASTOURI,MASTOURI,Forward,Forward,Unknown,9,1997-06-18,191.0,80.0,TUN,https://digitalhub.fifa.com/transform/2565fb18-c785-4773-8d83-81c6fd25da1d/MASTOURI-Hazem_494374,494374,43888,,,,,,,2025-03-18T00:00:00Z,1,494374
Tunisia,TUN,TUN,Group F,Hannibal MEJBRI,HANNIBAL,Midfielder,Midfielder,Unknown,10,2003-01-21,177.0,73.0,TUN,https://digitalhub.fifa.com/transform/856f0cc0-6dcc-48bc-a8db-f4fe26d8ae06/MEJBRI-Hannibal_433378,433378,43888,,,,,,,2021-10-02T00:00:00Z,1,433378
Tunisia,TUN,TUN,Group F,Ismael GHARBI,GHARBI,Midfielder,Midfielder,Unknown,11,2004-04-10,180.0,77.0,TUN,https://digitalhub.fifa.com/transform/cd471dba-dc7d-4688-9021-e704b66cec76/GHARBI-Ismael_464484,464484,43888,,,,,,,2025-09-02T00:00:00Z,1,464484
Tunisia,TUN,TUN,Group F,Mortadha BEN OUANES,BEN OUANES,Defender,Defender,Unknown,12,1994-07-02,188.0,74.0,TUN,https://digitalhub.fifa.com/transform/b9afdecd-b04d-4224-be9b-50643fc77299/BEN-OUANES-Mortadha_441362,441362,43888,,,,,,,2022-03-26T00:00:00Z,1,441362
Tunisia,TUN,TUN,Group F,Rani Khedira,KHEDIRA,Midfielder,Midfielder,Unknown,13,1994-01-27,188.0,84.0,TUN,https://digitalhub.fifa.com/transform/21f404b3-b430-489b-819c-c0460a2c3590/KHEDIRA-Rani_336459,336459,43888,,,,,,,2026-03-06T00:00:00Z,1,336459
Tunisia,TUN,TUN,Group F,Khalil AYARI,AYARI,Midfielder,Midfielder,Unknown,14,2005-02-02,174.0,70.0,TUN,https://digitalhub.fifa.com/transform/9b51ba77-1740-47cc-93f1-1529287d27ea/AYARI-Khalil_512039,512039,43888,,,,,,,2025-10-15T00:00:00Z,1,512039
Tunisia,TUN,TUN,Group F,Mohamed HADJ MAHMOUD,HADJ MAHMOUD,Midfielder,Midfielder,Unknown,15,2000-04-24,179.0,78.0,TUN,https://digitalhub.fifa.com/transform/bcdeb1a5-6411-40c5-bac8-576703796438/HADJ-MAHMOUD-Mohamed_479781,479781,43888,,,,,,,2023-11-17T00:00:00Z,1,479781
Tunisia,TUN,TUN,Group F,Aymen DAHMEN,DAHMEN,Goalkeeper,Goalkeeper,Unknown,16,1997-01-28,188.0,80.0,TUN,https://digitalhub.fifa.com/transform/90030173-815d-4411-8eac-20fb42834f9d/DAHMEN-Aymen_433365,433365,43888,,,,,,,2021-10-02T00:00:00Z,1,433365
Tunisia,TUN,TUN,Group F,Ellyes SKHIRI,SKHIRI,Midfielder,Midfielder,Unknown,17,1995-05-10,185.0,74.0,TUN,https://digitalhub.fifa.com/transform/e2ba8e19-b4ab-435f-b12c-e56d655c31e6/SKHIRI-Ellyes_411658,411658,43888,,,,,,,2018-05-14T00:00:00Z,1,411658
Tunisia,TUN,TUN,Group F,Rayan ELLOUMI,ELLOUMI,Forward,Forward,Unknown,18,2007-09-17,180.0,80.0,TUN,https://digitalhub.fifa.com/transform/15445a99-9bc9-41c4-8d6f-c46ac25b3d5d/ELLOUMI-Rayan_520247,520247,43888,,,,,,,2026-03-29T00:00:00Z,1,520247
Tunisia,TUN,TUN,Group F,Firas CHAOUAT,CHAOUAT,Forward,Forward,Unknown,19,1996-05-08,185.0,70.0,TUN,https://digitalhub.fifa.com/transform/cf52c447-03a8-450b-a4b8-e238b1e3c071/CHAOUAT-Firas_494375,494375,43888,,,,,,,2025-03-18T00:00:00Z,1,494375
Tunisia,TUN,TUN,Group F,Yan Valery,VALERY,Defender,Defender,Unknown,20,1999-02-22,181.0,73.0,TUN,https://digitalhub.fifa.com/transform/6ffa54d7-e23d-400d-a90a-960903c63f8b/VALERY-Yan_419189,419189,43888,,,,,,,2022-10-21T00:00:00Z,1,419189
Tunisia,TUN,TUN,Group F,Mohamed Amine BEN HMIDA,BEN HMIDA,Defender,Defender,Unknown,21,1995-12-15,181.0,70.0,TUN,https://digitalhub.fifa.com/transform/cb5fcd59-cbd1-4e4f-b5e7-f9adc81441e5/BEN-HMIDA-Mohamed-Amine_425607,425607,43888,,,,,,,2021-11-08T00:00:00Z,1,425607
Tunisia,TUN,TUN,Group F,Sabri BEN HESSEN,BEN HESSEN,Goalkeeper,Goalkeeper,Unknown,22,1996-06-13,189.0,80.0,TUN,https://digitalhub.fifa.com/transform/69fa6a49-0e30-42d4-afe1-83d6e38c1eed/BEN-HESSEN-Sabri_372294,372294,43888,,,,,,,2025-10-15T00:00:00Z,1,372294
Tunisia,TUN,TUN,Group F,Moutaz NEFFATI,NEFFATI,Defender,Defender,Unknown,23,2004-09-04,182.0,75.0,TUN,https://digitalhub.fifa.com/transform/0f6a863a-959a-40ec-a07f-0c77d7c5a322/NEFFATI-Moutaz_506335,506335,43888,,,,,,,2025-09-03T00:00:00Z,1,506335
Tunisia,TUN,TUN,Group F,Raed CHIKHAOUI,CHIKHAOUI,Defender,Defender,Unknown,24,2004-06-09,191.0,85.0,TUN,https://digitalhub.fifa.com/transform/8ecb6694-a3aa-4efe-b13d-64a020109ec2/CHIKHAOUI-Raed_520246,520246,43888,,,,,,,2026-03-29T00:00:00Z,1,520246
Tunisia,TUN,TUN,Group F,Anis SLIMANE,SLIMANE,Midfielder,Midfielder,Unknown,25,2001-03-16,188.0,86.0,TUN,https://digitalhub.fifa.com/transform/5a0e929e-a66f-4563-849e-c7bb62591b5d/SLIMANE-Anis_433361,433361,43888,,,,,,,2021-10-02T00:00:00Z,1,433361
Tunisia,TUN,TUN,Group F,Sebastian TOUNEKTI,TOUNEKTI,Midfielder,Midfielder,Unknown,26,2002-07-13,182.0,80.0,TUN,https://digitalhub.fifa.com/transform/29d9d0d2-28ec-4c0c-9861-a9d8062d5f9d/TOUNEKTI-Sebastian_504502,504502,43888,,,,,,,2025-08-01T00:00:00Z,1,504502
Türkiye,TUR,TUR,Group D,Mert GUNOK,MERT,Goalkeeper,Goalkeeper,Unknown,1,1989-03-01,196.0,89.0,TUR,https://digitalhub.fifa.com/transform/1ce10157-fad1-435e-b21d-b4f25a483bc1/GUNOK-Mert_360498,360498,43972,,,,,,,2012-09-07T00:00:00Z,1,360498
Türkiye,TUR,TUR,Group D,Zeki CELIK,ZEKİ ÇELİK,Defender,Defender,Unknown,2,1997-02-17,180.0,80.0,TUR,https://digitalhub.fifa.com/transform/903b63c2-ab06-47b8-911c-bf4f026601fd/CELIK-Zeki_433072,433072,43972,,,,,,,2021-09-02T00:00:00Z,1,433072
Türkiye,TUR,TUR,Group D,Merih DEMIRAL,DEMİRAL,Defender,Defender,Unknown,3,1998-03-05,190.0,89.0,TUR,https://digitalhub.fifa.com/transform/905e3e12-72e9-440d-96f5-0b3a48aebe92/DEMIRAL-Merih_441179,441179,43972,,,,,,,2022-03-24T00:00:00Z,1,441179
Türkiye,TUR,TUR,Group D,Caglar SOYUNCU,ÇAĞLAR,Defender,Defender,Unknown,4,1996-05-23,185.0,88.0,TUR,https://digitalhub.fifa.com/transform/1b2e4fe1-8aec-4473-845b-d0ccb4e20a3a/SOYUNCU-Caglar_401167,401167,43972,,,,,,,2016-11-23T00:00:00Z,1,401167
Türkiye,TUR,TUR,Group D,Salih OZCAN,ÖZCAN,Midfielder,Midfielder,Unknown,5,1998-01-11,182.0,81.0,TUR,https://digitalhub.fifa.com/transform/1e968b8d-1b4c-4bce-86b7-8a4ad87eef3a/OZCAN-Salih_389907,389907,43972,,,,,,,2022-03-22T00:00:00Z,1,389907
Türkiye,TUR,TUR,Group D,Orkun KOKCU,ORKUN KÖKÇÜ,Midfielder,Midfielder,Unknown,6,2000-12-29,175.0,82.0,TUR,https://digitalhub.fifa.com/transform/90a510ff-865f-4293-a59b-8a92e12a89b0/KOKCU-Orkun_433118,433118,43972,,,,,,,2021-09-05T00:00:00Z,1,433118
Türkiye,TUR,TUR,Group D,Kerem AKTURKOGLU,AKTÜRKOĞLU,Forward,Forward,Unknown,7,1998-10-21,172.0,73.0,TUR,https://digitalhub.fifa.com/transform/9cccf7c0-ebfc-4b65-8587-74742f5a9992/AKTURKOGLU-Kerem_441188,441188,43972,,,,,,,2022-03-24T00:00:00Z,1,441188
Türkiye,TUR,TUR,Group D,Arda GULER,ARDA GÜLER,Forward,Forward,Unknown,8,2005-02-25,175.0,74.0,TUR,https://digitalhub.fifa.com/transform/e2f26175-13ac-4850-acd7-6408de06ce19/GULER-Arda_484087,484087,43972,,,,,,,2024-04-29T00:00:00Z,1,484087
Türkiye,TUR,TUR,Group D,Deniz GUL,DENİZ GÜL,Forward,Forward,Unknown,9,2004-07-02,192.0,92.0,TUR,https://digitalhub.fifa.com/transform/92368352-f3ab-459f-bb72-4a7e432dd39a/GUL-Deniz_495347,495347,43972,,,,,,,2025-04-01T00:00:00Z,1,495347
Türkiye,TUR,TUR,Group D,Hakan CALHANOGLU,ÇALHANOĞLU,Midfielder,Midfielder,Unknown,10,1994-02-08,178.0,75.0,TUR,https://digitalhub.fifa.com/transform/f192cf34-173f-47b3-9748-981bd3f21275/CALHANOGLU-Hakan_369304,369304,43972,,,,,,,2013-09-03T00:00:00Z,1,369304
Türkiye,TUR,TUR,Group D,Kenan YILDIZ,YILDIZ,Forward,Forward,Unknown,11,2005-05-04,187.0,84.0,TUR,https://digitalhub.fifa.com/transform/7dff809e-a965-4b36-a7b5-8da772fc96a5/YILDIZ-Kenan_484112,484112,43972,,,,,,,2024-04-29T00:00:00Z,1,484112
Türkiye,TUR,TUR,Group D,Altay BAYINDIR,ALTAY,Goalkeeper,Goalkeeper,Unknown,12,1998-04-14,198.0,90.0,TUR,https://digitalhub.fifa.com/transform/f8c86015-cce5-4965-9d7c-183ef908079a/BAYINDIR-Altay_441180,441180,43972,,,,,,,2022-03-24T00:00:00Z,1,441180
Türkiye,TUR,TUR,Group D,Eren ELMALI,EREN ELMALI,Defender,Defender,Unknown,13,2000-07-07,181.0,77.0,TUR,https://digitalhub.fifa.com/transform/9e9cf618-403b-4984-801d-3e82f0e11d3e/ELMALI-Eren_484065,484065,43972,,,,,,,2024-04-29T00:00:00Z,1,484065
Türkiye,TUR,TUR,Group D,Abdulkerim BARDAKCI,ABDÜLKERİM,Defender,Defender,Unknown,14,1994-09-07,185.0,91.0,TUR,https://digitalhub.fifa.com/transform/de2b1023-3aee-4233-b83d-07f94fd288d4/BARDAKCI-Abdulkerim_484082,484082,43972,,,,,,,2024-04-29T00:00:00Z,1,484082
Türkiye,TUR,TUR,Group D,Ozan KABAK,OZAN KABAK,Defender,Defender,Unknown,15,2000-03-25,187.0,87.0,TUR,https://digitalhub.fifa.com/transform/c42910db-c5e6-4706-bc99-1e08456bd3ef/KABAK-Ozan_406249,406249,43972,,,,,,,2021-03-24T00:00:00Z,1,406249
Türkiye,TUR,TUR,Group D,Ismail YUKSEK,İSMAİL,Midfielder,Midfielder,Unknown,16,1999-01-26,183.0,75.0,TUR,https://digitalhub.fifa.com/transform/1f8b0453-0b84-4eea-9c24-9cd992611aed/YUKSEK-Ismail_484092,484092,43972,,,,,,,2024-04-29T00:00:00Z,1,484092
Türkiye,TUR,TUR,Group D,Irfan Can KAHVECI,KAHVECİ,Forward,Forward,Unknown,17,1995-07-15,180.0,78.0,TUR,https://digitalhub.fifa.com/transform/4661ea5f-9a56-4047-bbcf-6748250e0ebe/KAHVECI-Irfan-Can_472877,472877,43972,,,,,,,2023-08-21T00:00:00Z,1,472877
Türkiye,TUR,TUR,Group D,Mert MULDUR,MERT MÜLDÜR,Defender,Defender,Unknown,18,1999-04-03,184.0,74.0,TUR,https://digitalhub.fifa.com/transform/61f43913-2824-4711-9838-0d620f393353/MULDUR-Mert_430120,430120,43972,,,,,,,2021-03-27T00:00:00Z,1,430120
Türkiye,TUR,TUR,Group D,Yunus AKGUN,YUNUS,Forward,Forward,Unknown,19,2000-07-07,173.0,72.0,TUR,https://digitalhub.fifa.com/transform/32587fe7-0e67-4aa1-8b07-3a1618183e80/AKGUN-Yunus_406231,406231,43972,,,,,,,2022-03-24T00:00:00Z,1,406231
Türkiye,TUR,TUR,Group D,Ferdi KADIOGLU,F. KADIOĞLU,Defender,Defender,Unknown,20,1999-10-07,174.0,74.0,TUR,https://digitalhub.fifa.com/transform/c69621e7-9ba5-438d-89dc-7871b6e0f611/KADIOGLU-Ferdi_484113,484113,43972,,,,,,,2024-04-29T00:00:00Z,1,484113
Türkiye,TUR,TUR,Group D,Baris Alper YILMAZ,BARIŞ,Forward,Forward,Unknown,21,2000-05-23,186.0,86.0,TUR,https://digitalhub.fifa.com/transform/49e46d17-bf69-41b1-a8df-5aeabf137c7d/YILMAZ-Baris-Alper_484139,484139,43972,,,,,,,2024-04-29T00:00:00Z,1,484139
Türkiye,TUR,TUR,Group D,Kaan Ayhan,KAAN,Midfielder,Midfielder,Unknown,22,1994-11-10,185.0,88.0,TUR,https://digitalhub.fifa.com/transform/e9747d8e-47e9-45f3-b3b7-d3caf1ba1ecf/AYHAN-Kaan_336170,336170,43972,,,,,,,2012-01-01T00:00:00Z,1,336170
Türkiye,TUR,TUR,Group D,Ugurcan CAKIR,UĞURCAN,Goalkeeper,Goalkeeper,Unknown,23,1996-04-05,191.0,85.0,TUR,https://digitalhub.fifa.com/transform/6cedaf47-2a99-4e31-bb0d-46ce78df26a6/CAKIR-Ugurcan_441181,441181,43972,,,,,,,2022-03-24T00:00:00Z,1,441181
Türkiye,TUR,TUR,Group D,Oguz AYDIN,OĞUZ,Forward,Forward,Unknown,24,2000-10-27,183.0,77.0,TUR,https://digitalhub.fifa.com/transform/b29233e3-0131-45eb-96e4-ad77044a1959/AYDIN-Oguz_486076,486076,43972,,,,,,,2024-05-30T00:00:00Z,1,486076
Türkiye,TUR,TUR,Group D,Samet AKAYDIN,SAMET AKAYDIN,Defender,Defender,Unknown,25,1994-03-13,190.0,85.0,TUR,https://digitalhub.fifa.com/transform/72f4dcdb-4463-412b-8ea1-9cb25d4fe44d/AKAYDIN-Samet_484072,484072,43972,,,,,,,2024-04-29T00:00:00Z,1,484072
Türkiye,TUR,TUR,Group D,Can UZUN,CAN UZUN,Forward,Forward,Unknown,26,2005-11-11,186.0,85.0,TUR,https://digitalhub.fifa.com/transform/18128593-2c01-460e-9db1-9212fa7dc369/UZUN-Can_486074,486074,43972,,,,,,,2024-05-30T00:00:00Z,1,486074
USA,USA,USA,Group D,Matt TURNER,TURNER,Goalkeeper,Goalkeeper,Unknown,1,1994-06-24,190.0,79.0,USA,https://digitalhub.fifa.com/transform/01fb042f-5de5-41df-8104-7445672fdca5/TURNER-Matt_448217,448217,43921,,,,,,,2022-10-21T00:00:00Z,1,448217
USA,USA,USA,Group D,Sergino DEST,DEST,Defender,Defender,Unknown,2,2000-11-03,173.0,62.0,USA,https://digitalhub.fifa.com/transform/5ee00bd8-552e-4e02-b680-b16534e53493/DEST-Sergino_406280,406280,43921,,,,,,,2022-10-21T00:00:00Z,1,406280
USA,USA,USA,Group D,Chris RICHARDS,RICHARDS,Defender,Defender,Unknown,3,2000-03-28,189.0,93.0,USA,https://digitalhub.fifa.com/transform/54036d3d-1588-4634-944b-a7c2d97d0b76/RICHARDS-Chris_419062,419062,43921,,,,,,,2022-10-21T00:00:00Z,1,419062
USA,USA,USA,Group D,Tyler ADAMS,ADAMS,Midfielder,Midfielder,Unknown,4,1999-02-14,175.0,72.0,USA,https://digitalhub.fifa.com/transform/7fdbded2-aa27-44b1-9bf1-ff1d17c58f86/ADAMS-Tyler_390238,390238,43921,,,,,,,2021-09-06T00:00:00Z,1,390238
USA,USA,USA,Group D,Antonee ROBINSON,A. ROBINSON,Defender,Defender,Unknown,5,1997-08-08,183.0,70.0,USA,https://digitalhub.fifa.com/transform/62363054-d9e0-4926-9404-90b975d56647/ROBINSON-Antonee_441251,441251,43921,,,,,,,2022-03-25T00:00:00Z,1,441251
USA,USA,USA,Group D,Auston TRUSTY,TRUSTY,Defender,Defender,Unknown,6,1998-08-12,190.0,78.0,USA,https://digitalhub.fifa.com/transform/e14ee5aa-4770-492a-9e51-95343310e5d9/TRUSTY-Auston_390272,390272,43921,,,,,,,2022-10-21T00:00:00Z,1,390272
USA,USA,USA,Group D,Giovanni REYNA,REYNA,Midfielder,Midfielder,Unknown,7,2002-11-13,187.0,79.0,USA,https://digitalhub.fifa.com/transform/b30d701d-d9eb-4b2d-8db4-6841fc9ed1a9/REYNA-Giovanni_419068,419068,43921,,,,,,,2022-03-25T00:00:00Z,1,419068
USA,USA,USA,Group D,Weston McKENNIE,MCKENNIE,Midfielder,Midfielder,Unknown,8,1998-08-28,180.0,88.0,USA,https://digitalhub.fifa.com/transform/4406f0ad-8f60-4a98-89c0-89797bfe804d/McKENNIE-Weston_390259,390259,43921,,,,,,,2021-09-03T00:00:00Z,1,390259
USA,USA,USA,Group D,Ricardo PEPI,PEPI,Forward,Forward,Unknown,9,2003-01-09,185.0,73.0,USA,https://digitalhub.fifa.com/transform/2a7c4d85-fa83-40ec-a953-d4cebbd63480/PEPI-Ricardo_419082,419082,43921,,,,,,,2021-11-13T00:00:00Z,1,419082
USA,USA,USA,Group D,Christian PULISIC,PULISIC,Forward,Forward,Unknown,10,1998-09-18,177.0,73.0,USA,https://digitalhub.fifa.com/transform/34d1c247-2a09-4fd6-87bc-71ec687a54aa/PULISIC-Christian_390267,390267,43921,,,,,,,2015-03-22T00:00:00Z,1,390267
USA,USA,USA,Group D,Brenden AARONSON,AARONSON,Forward,Forward,Unknown,11,2000-10-22,177.0,66.0,USA,https://digitalhub.fifa.com/transform/8352f743-68bc-4077-ad83-5cd22f1a62dd/AARONSON-Brenden_419055,419055,43921,,,,,,,2021-11-13T00:00:00Z,1,419055
USA,USA,USA,Group D,Miles ROBINSON,M. ROBINSON,Defender,Defender,Unknown,12,1997-03-14,187.0,88.0,USA,https://digitalhub.fifa.com/transform/30b49573-5890-4dc2-8e78-a8ab7d00d43e/ROBINSON-Miles_436599,436599,43921,,,,,,,2021-11-13T00:00:00Z,1,436599
USA,USA,USA,Group D,Tim REAM,REAM,Defender,Defender,Unknown,13,1987-10-05,186.0,79.0,USA,https://digitalhub.fifa.com/transform/964be907-1e8e-49ec-bd7f-7085cf7d79d3/REAM-Tim_339510,339510,43921,,,,,,,2011-01-11T00:00:00Z,1,339510
USA,USA,USA,Group D,Sebastian BERHALTER,BERHALTER,Midfielder,Midfielder,Unknown,14,2001-05-10,175.0,69.0,USA,https://digitalhub.fifa.com/transform/ef9aedbe-e6e8-4eba-9e62-beac982879ef/BERHALTER-Sebastian_499912,499912,43921,,,,,,,2025-06-11T00:00:00Z,1,499912
USA,USA,USA,Group D,Cristian ROLDAN,ROLDAN,Midfielder,Midfielder,Unknown,15,1995-06-03,173.0,75.0,USA,https://digitalhub.fifa.com/transform/8b0d52a9-62d1-4e23-9a23-e786cfde39dd/ROLDAN-Cristian_385994,385994,43921,,,,,,,2022-03-25T00:00:00Z,1,385994
USA,USA,USA,Group D,Alex FREEMAN,FREEMAN,Defender,Defender,Unknown,16,2004-08-09,188.0,81.0,USA,https://digitalhub.fifa.com/transform/554008b5-0520-4b67-8cab-c72ba087471f/FREEMAN-Alex_464542,464542,43921,,,,,,,2025-05-29T00:00:00Z,1,464542
USA,USA,USA,Group D,Malik TILLMAN,TILLMAN,Midfielder,Midfielder,Unknown,17,2002-05-28,187.0,71.0,USA,https://digitalhub.fifa.com/transform/c8c38ca3-7100-4bca-88e7-4ea66fd86ff7/TILLMAN-Malik_448214,448214,43921,,,,,,,2022-10-21T00:00:00Z,1,448214
USA,USA,USA,Group D,Max ARFSTEN,ARFSTEN,Defender,Defender,Unknown,18,2001-04-19,185.0,77.0,USA,https://digitalhub.fifa.com/transform/3670d375-3a2f-41c8-8c5a-9c9bbd8f93f4/ARFSTEN-Max_486390,486390,43921,,,,,,,2025-03-24T00:00:00Z,1,486390
USA,USA,USA,Group D,Haji WRIGHT,WRIGHT,Forward,Forward,Unknown,19,1998-03-27,191.0,80.0,USA,https://digitalhub.fifa.com/transform/31951bf6-a6b5-4646-b489-a2ca3fd4e550/WRIGHT-Haji_390276,390276,43921,,,,,,,2022-10-21T00:00:00Z,1,390276
USA,USA,USA,Group D,Folarin BALOGUN,BALOGUN,Forward,Forward,Unknown,20,2001-07-03,179.0,66.0,USA,https://digitalhub.fifa.com/transform/bd47db79-966e-4eba-a8da-f6ba01148f27/BALOGUN-Folarin_466624,466624,43921,,,,,,,2023-06-15T00:00:00Z,1,466624
USA,USA,USA,Group D,Timothy WEAH,WEAH,Forward,Forward,Unknown,21,2000-02-22,183.0,66.0,USA,https://digitalhub.fifa.com/transform/c0dcfa0a-b862-4cd2-9c33-034bd18dc231/WEAH-Timothy_406304,406304,43921,,,,,,,2021-11-13T00:00:00Z,1,406304
USA,USA,USA,Group D,Mark McKENZIE,MCKENZIE,Defender,Defender,Unknown,22,1999-02-25,186.0,84.0,USA,https://digitalhub.fifa.com/transform/492ad87d-f9a1-449e-9361-64323405107b/McKENZIE-Mark_419077,419077,43921,,,,,,,2022-10-21T00:00:00Z,1,419077
USA,USA,USA,Group D,Joe SCALLY,SCALLY,Defender,Defender,Unknown,23,2002-12-31,184.0,80.0,USA,https://digitalhub.fifa.com/transform/86a32b0d-9007-4451-bbc6-a383a284f32f/SCALLY-Joe_423700,423700,43921,,,,,,,2022-10-21T00:00:00Z,1,423700
USA,USA,USA,Group D,Matt FREESE,FREESE,Goalkeeper,Goalkeeper,Unknown,24,1998-09-02,198.0,85.0,USA,https://digitalhub.fifa.com/transform/c46f695b-3acc-4360-abf4-3110ff60d86e/FREESE-Matt_499913,499913,43921,,,,,,,2025-06-11T00:00:00Z,1,499913
USA,USA,USA,Group D,Chris BRADY,BRADY,Goalkeeper,Goalkeeper,Unknown,25,2004-03-03,193.0,83.0,USA,https://digitalhub.fifa.com/transform/843ccc00-8c38-4a4e-91ba-a25694677cf0/BRADY-Chris_464546,464546,43921,,,,,,,2025-05-29T00:00:00Z,1,464546
USA,USA,USA,Group D,Alex ZENDEJAS,ZENDEJAS,Forward,Forward,Unknown,26,1998-02-07,167.0,66.0,USA,https://digitalhub.fifa.com/transform/c23fe669-c31a-45e3-b5b2-bbe9ecb8b4de/ZENDEJAS-Alex_390278,390278,43921,,,,,,,2023-06-12T00:00:00Z,1,390278
Uruguay,URU,URU,Group H,Sergio ROCHET,S. ROCHET,Goalkeeper,Goalkeeper,Unknown,1,1993-03-23,189.0,83.0,URU,https://digitalhub.fifa.com/transform/b5a98e25-83d4-441e-9c25-0eb4581277dc/ROCHET-Sergio_368664,368664,43930,,,,,,,2022-03-25T00:00:00Z,1,368664
Uruguay,URU,URU,Group H,Jose Maria GIMENEZ,J.M. GIMÉNEZ,Defender,Defender,Unknown,2,1995-01-20,186.0,79.0,URU,https://digitalhub.fifa.com/transform/977da143-5380-497d-85f7-d6e5ca34b27c/GIMENEZ-Jose-Maria_368655,368655,43930,,,,,,,2011-10-07T00:00:00Z,1,368655
Uruguay,URU,URU,Group H,Sebastian CACERES,S. CACERES,Defender,Defender,Unknown,3,1999-08-18,180.0,88.0,URU,https://digitalhub.fifa.com/transform/f959cef5-7f3b-4baa-af52-c8972780fbce/CACERES-Sebastian_419108,419108,43930,,,,,,,2022-10-20T00:00:00Z,1,419108
Uruguay,URU,URU,Group H,Ronald ARAUJO,R. ARAUJO,Defender,Defender,Unknown,4,1999-03-07,185.0,81.0,URU,https://digitalhub.fifa.com/transform/41008beb-38a3-46e0-9229-229d0afc8db7/ARAUJO-Ronald_419101,419101,43930,,,,,,,2022-01-28T00:00:00Z,1,419101
Uruguay,URU,URU,Group H,Manuel UGARTE,M. UGARTE,Midfielder,Midfielder,Unknown,5,2001-04-11,182.0,75.0,URU,https://digitalhub.fifa.com/transform/4ff94bd7-9c21-4338-be92-bad080e8d541/UGARTE-Manuel_441623,441623,43930,,,,,,,2022-03-30T00:00:00Z,1,441623
Uruguay,URU,URU,Group H,Rodrigo BENTANCUR,R. BENTANCUR,Midfielder,Midfielder,Unknown,6,1997-06-25,187.0,73.0,URU,https://digitalhub.fifa.com/transform/148bf081-d6bb-4b52-8db0-9231126fa762/BENTANCUR-Rodrigo_386538,386538,43930,,,,,,,2015-10-08T00:00:00Z,1,386538
Uruguay,URU,URU,Group H,Nicolas DE LA CRUZ,N. DE LA CRUZ,Midfielder,Midfielder,Unknown,7,1997-06-01,167.0,66.0,URU,https://digitalhub.fifa.com/transform/7694c9e6-d4f9-4f60-8173-5a3a79bcaaa2/DE-LA-CRUZ-Nicolas_402898,402898,43930,,,,,,,2022-03-30T00:00:00Z,1,402898
Uruguay,URU,URU,Group H,Federico VALVERDE,F. VALVERDE,Midfielder,Midfielder,Unknown,8,1998-07-22,182.0,78.0,URU,https://digitalhub.fifa.com/transform/bc29f114-2d51-4605-ae7a-eadf774e9d38/VALVERDE-Federico_402884,402884,43930,,,,,,,2015-10-08T00:00:00Z,1,402884
Uruguay,URU,URU,Group H,Darwin NUNEZ,D. NUÑEZ,Forward,Forward,Unknown,9,1999-06-24,185.0,78.0,URU,https://digitalhub.fifa.com/transform/078805a6-5fbe-44f3-a58c-ed3837ca5665/NUNEZ-Darwin_419126,419126,43930,,,,,,,2022-03-25T00:00:00Z,1,419126
Uruguay,URU,URU,Group H,Giorgian DE ARRASCAETA,G. DE ARRASCAETA,Midfielder,Midfielder,Unknown,10,1994-06-01,177.0,71.0,URU,https://digitalhub.fifa.com/transform/ddf1b0a3-7ee9-4da9-b89e-773dc228fa58/DE-ARRASCAETA-Giorgian_368652,368652,43930,,,,,,,2015-10-08T00:00:00Z,1,368652
Uruguay,URU,URU,Group H,Facundo PELLISTRI,F. PELLISTRI,Forward,Forward,Unknown,11,2001-12-20,174.0,72.0,URU,https://digitalhub.fifa.com/transform/51b7eeb6-cac1-48cd-9ed3-4a18b34c5d90/PELLISTRI-Facundo_439956,439956,43930,,,,,,,2022-01-28T00:00:00Z,1,439956
Uruguay,URU,URU,Group H,Santiago MELE,S. MELE,Goalkeeper,Goalkeeper,Unknown,12,1997-09-06,185.0,80.0,URU,https://digitalhub.fifa.com/transform/39573fa9-f716-4703-b772-cf1892d1b748/MELE-Santiago_402897,402897,43930,,,,,,,2022-10-20T00:00:00Z,1,402897
Uruguay,URU,URU,Group H,Guillermo VARELA,G. VARELA,Defender,Defender,Unknown,13,1993-03-24,174.0,76.0,URU,https://digitalhub.fifa.com/transform/5e8ec886-a385-4ca6-9e90-d16b13c37534/VARELA-Guillermo_368660,368660,43930,,,,,,,2015-10-08T00:00:00Z,1,368660
Uruguay,URU,URU,Group H,Agustin CANOBBIO,A. CANOBBIO,Midfielder,Midfielder,Unknown,14,1998-10-01,176.0,81.0,URU,https://digitalhub.fifa.com/transform/5985fa52-e467-4c1c-95f2-355bd1cb3925/CANOBBIO-Agustin_402876,402876,43930,,,,,,,2022-10-20T00:00:00Z,1,402876
Uruguay,URU,URU,Group H,Emiliano MARTINEZ,E. MARTINEZ,Midfielder,Midfielder,Unknown,15,1999-08-17,184.0,65.0,URU,https://digitalhub.fifa.com/transform/0cf69c75-fc91-401b-a1f3-f8f833c87eed/MARTINEZ-Emiliano_473062,473062,43930,,,,,,,2023-09-06T00:00:00Z,1,473062
Uruguay,URU,URU,Group H,Mathias OLIVERA,M. OLIVERA,Defender,Defender,Unknown,16,1997-10-31,174.0,75.0,URU,https://digitalhub.fifa.com/transform/704d2d9d-1b5f-4296-87f4-b7b591a58116/OLIVERA-Mathias_402893,402893,43930,,,,,,,2022-02-02T00:00:00Z,1,402893
Uruguay,URU,URU,Group H,Matias VINA,M. VIÑA,Defender,Defender,Unknown,17,1997-11-09,180.0,74.0,URU,https://digitalhub.fifa.com/transform/b8714c68-0892-4c4f-8a51-deabf1e13879/VINA-Matias_402895,402895,43930,,,,,,,2022-03-30T00:00:00Z,1,402895
Uruguay,URU,URU,Group H,Brian RODRIGUEZ,B. RODRIGUEZ,Forward,Forward,Unknown,18,2000-05-20,175.0,70.0,URU,https://digitalhub.fifa.com/transform/c6c94193-1372-4e11-94b5-35bcdd575e62/RODRIGUEZ-Brian_419132,419132,43930,,,,,,,2023-08-29T00:00:00Z,1,419132
Uruguay,URU,URU,Group H,Rodrigo AGUIRRE,R. AGUIRRE,Forward,Forward,Unknown,19,1994-10-01,182.0,79.0,URU,https://digitalhub.fifa.com/transform/eadeb58a-387f-4979-ae12-23a0296c172c/AGUIRRE-Rodrigo_332897,332897,43930,,,,,,,2024-09-03T00:00:00Z,1,332897
Uruguay,URU,URU,Group H,Maxi ARAUJO,M. ARAUJO,Midfielder,Midfielder,Unknown,20,2000-02-15,176.0,71.0,URU,https://digitalhub.fifa.com/transform/f1a7af03-ada1-4642-927c-5fe06844c89c/ARAUJO-Maxi_419100,419100,43930,,,,,,,2022-10-20T00:00:00Z,1,419100
Uruguay,URU,URU,Group H,Federico VINAS,F. VIÑAS,Forward,Forward,Unknown,21,1998-06-30,181.0,85.0,URU,https://digitalhub.fifa.com/transform/d89cb053-d9ce-4999-91da-7e9b58f2682a/VINAS-Federico_477536,477536,43930,,,,,,,2023-11-17T00:00:00Z,1,477536
Uruguay,URU,URU,Group H,Joaquin PIQUEREZ,J. PIQUEREZ,Midfielder,Midfielder,Unknown,22,1998-08-24,185.0,75.0,URU,https://digitalhub.fifa.com/transform/327d3db2-1e08-4b63-8026-90c136c51612/PIQUEREZ-Joaquin_439538,439538,43930,,,,,,,2022-10-20T00:00:00Z,1,439538
Uruguay,URU,URU,Group H,Fernando MUSLERA,F. MUSLERA,Goalkeeper,Goalkeeper,Unknown,23,1986-06-16,190.0,74.0,URU,https://digitalhub.fifa.com/transform/bec34ba5-7129-44fe-b108-bc57a1fd3257/MUSLERA-Fernando_229498,229498,43930,,,,,,,2009-09-07T00:00:00Z,1,229498
Uruguay,URU,URU,Group H,Santiago BUENO,S. BUENO,Defender,Defender,Unknown,24,1998-11-09,191.0,73.0,URU,https://digitalhub.fifa.com/transform/cb547d8e-b176-46d1-8ae0-d53d106d168c/BUENO-Santiago_402904,402904,43930,,,,,,,2022-10-20T00:00:00Z,1,402904
Uruguay,URU,URU,Group H,Juan Manuel SANABRIA,J.M. SANABRIA,Midfielder,Midfielder,Unknown,25,2000-03-29,170.0,65.0,URU,https://digitalhub.fifa.com/transform/ad89e83d-ec32-4c30-a78f-1255d03ac0ed/SANABRIA-Juan-Manuel_419134,419134,43930,,,,,,,2025-06-03T00:00:00Z,1,419134
Uruguay,URU,URU,Group H,Rodrigo ZALAZAR,R. ZALAZAR,Midfielder,Midfielder,Unknown,26,1999-08-12,175.0,70.0,URU,https://digitalhub.fifa.com/transform/4b33d4cb-ddc9-4183-abbb-1f848e8c14a8/ZALAZAR-Rodrigo_419142,419142,43930,,,,,,,2023-08-29T00:00:00Z,1,419142
Uzbekistan,UZB,UZB,Group K,Utkir YUSUPOV,YUSUPOV,Goalkeeper,Goalkeeper,Unknown,1,1991-01-04,185.0,76.0,UZB,https://digitalhub.fifa.com/transform/c3025d34-eb01-4b77-85bd-127f692514c8/YUSUPOV-Utkir_479077,479077,44005,,,,,,,2023-11-15T00:00:00Z,1,479077
Uzbekistan,UZB,UZB,Group K,Abdukodir KHUSANOV,KHUSANOV,Defender,Defender,Unknown,2,2004-02-29,186.0,83.0,UZB,https://digitalhub.fifa.com/transform/de1f05c2-772c-4c3c-8410-b653f3e812c9/KHUSANOV-Abdukodir_479068,464924,44005,,,,,,,2023-11-10T00:00:00Z,1,464924
Uzbekistan,UZB,UZB,Group K,Khojiakbar ALIJONOV,ALIJONOV,Defender,Defender,Unknown,3,1997-04-19,180.0,65.0,UZB,https://digitalhub.fifa.com/transform/d87a603d-2a55-4ffd-b51b-c7d2d65dec58/ALIJONOV-Khojiakbar_479079,479079,44005,,,,,,,2023-11-15T00:00:00Z,1,479079
Uzbekistan,UZB,UZB,Group K,Farrukh SAYFIEV,SAYFIEV,Defender,Defender,Unknown,4,1991-01-17,183.0,70.0,UZB,https://digitalhub.fifa.com/transform/2db8b1e8-a601-41ad-aaf5-051040c9325c/SAYFIEV-Farrukh_385139,385139,44005,,,,,,,2015-03-05T00:00:00Z,1,385139
Uzbekistan,UZB,UZB,Group K,Rustam ASHURMATOV,ASHURMATOV,Defender,Defender,Unknown,5,1996-07-07,186.0,79.0,UZB,https://digitalhub.fifa.com/transform/8f306071-778f-4a11-bb29-76de06ba7a30/ASHURMATOV-Rustam_371415,371415,44005,,,,,,,2015-03-12T00:00:00Z,1,371415
Uzbekistan,UZB,UZB,Group K,Akmal MOZGOVOY,MOZGOVOY,Midfielder,Midfielder,Unknown,6,1999-04-02,180.0,70.0,UZB,https://digitalhub.fifa.com/transform/acea76c2-8e6c-4335-90da-062b53054ec0/MOZGOVOY-Akmal_479106,479106,44005,,,,,,,2023-11-15T00:00:00Z,1,479106
Uzbekistan,UZB,UZB,Group K,Otabek Shukurov,SHUKUROV,Midfielder,Midfielder,Unknown,7,1996-06-22,183.0,70.0,UZB,https://digitalhub.fifa.com/transform/eb1daf2f-c27b-45a4-a574-7ac0abd24061/SHUKUROV-Otabek_371348,371348,44005,,,,,,,2015-03-12T00:00:00Z,1,371348
Uzbekistan,UZB,UZB,Group K,Jamshid ISKANDEROV,ISKANDEROV,Midfielder,Midfielder,Unknown,8,1993-10-16,171.0,58.0,UZB,https://digitalhub.fifa.com/transform/457a0153-becf-4cf5-ab9c-9c3be220327a/ISKANDEROV-Jamshid_368545,368545,44005,,,,,,,2011-06-29T00:00:00Z,1,368545
Uzbekistan,UZB,UZB,Group K,Odiljon XAMROBEKOV,XAMROBEKOV,Midfielder,Midfielder,Unknown,9,1996-02-13,180.0,69.0,UZB,https://digitalhub.fifa.com/transform/3653b567-3520-45f9-b757-4f13a939ef39/XAMROBEKOV-Odiljon_371345,371345,44005,,,,,,,2021-06-08T00:00:00Z,1,371345
Uzbekistan,UZB,UZB,Group K,Ruslanbek JIYANOV,JIYANOV,Midfielder,Midfielder,Unknown,10,2001-06-05,176.0,64.0,UZB,https://digitalhub.fifa.com/transform/fa770cc8-4001-45ea-9087-2ab624e7ff79/RUSLANBEK-JIYANOV_484303,484303,44005,,,,,,,2025-03-18T00:00:00Z,1,484303
Uzbekistan,UZB,UZB,Group K,Oston URUNOV,URUNOV,Midfielder,Midfielder,Unknown,11,2000-12-19,181.0,76.0,UZB,https://digitalhub.fifa.com/transform/d7b6d477-eacd-4954-8662-07a51b5f29fa/URUNOV-Oston_479080,479080,44005,,,,,,,2023-11-15T00:00:00Z,1,479080
Uzbekistan,UZB,UZB,Group K,Abduvohid NEMATOV,NEMATOV,Goalkeeper,Goalkeeper,Unknown,12,2001-03-20,182.0,77.0,UZB,https://digitalhub.fifa.com/transform/1f1bfea3-5228-4270-ad8d-c1c8f08ef522/NEMATOV-Abduvohid_479110,479110,44005,,,,,,,2023-11-15T00:00:00Z,1,479110
Uzbekistan,UZB,UZB,Group K,Sherzod NASRULLAEV,NASRULLAEV,Defender,Defender,Unknown,13,1998-07-23,183.0,72.0,UZB,https://digitalhub.fifa.com/transform/a985d3f1-344f-45c8-947c-e8e458dca32c/NASRULLAEV-Sherzod_479075,479075,44005,,,,,,,2023-11-15T00:00:00Z,1,479075
Uzbekistan,UZB,UZB,Group K,Eldor SHOMURODOV,SHOMURODOV,Forward,Forward,Unknown,14,1995-06-29,190.0,78.0,UZB,https://digitalhub.fifa.com/transform/d311d575-b59c-4d9f-8825-b506b0aa3c49/SHOMURODOV-Eldor_385475,385475,44005,,,,,,,2015-03-12T00:00:00Z,1,385475
Uzbekistan,UZB,UZB,Group K,Umar ESHMURODOV,ESHMURODOV,Defender,Defender,Unknown,15,1992-11-30,185.0,72.0,UZB,https://digitalhub.fifa.com/transform/42481984-3ded-4b43-854c-28b38e79718e/ESHMURODOV-Umar_479084,479084,44005,,,,,,,2023-11-15T00:00:00Z,1,479084
Uzbekistan,UZB,UZB,Group K,Botirali ERGASHEV,ERGASHEV,Goalkeeper,Goalkeeper,Unknown,16,1995-06-23,189.0,78.0,UZB,https://digitalhub.fifa.com/transform/b358c6ce-2f88-4210-8035-4c33186ac486/ERGASHEV-Botirali_385472,385472,44005,,,,,,,2023-11-10T00:00:00Z,1,385472
Uzbekistan,UZB,UZB,Group K,Dostonbek Khamdamov,KHAMDAMOV,Midfielder,Midfielder,Unknown,17,1996-07-24,178.0,64.0,UZB,https://digitalhub.fifa.com/transform/e49aa204-3009-462c-920b-c9dfcd8b9c03/KHAMDAMOV-Dostonbek_371393,371393,44005,,,,,,,2015-03-12T00:00:00Z,1,371393
Uzbekistan,UZB,UZB,Group K,Abdulla ABDULLAEV,ABDULLAEV,Defender,Defender,Unknown,18,1997-09-01,181.0,72.0,UZB,https://digitalhub.fifa.com/transform/f771f66d-6eb1-41ec-aa83-644325f6b8fa/ABDULLAEV-Abdulla_479042,479042,44005,,,,,,,2023-11-15T00:00:00Z,1,479042
Uzbekistan,UZB,UZB,Group K,Azizjon GANIEV,GANIEV,Midfielder,Midfielder,Unknown,19,1998-02-22,178.0,64.0,UZB,https://digitalhub.fifa.com/transform/8ab4a549-fd61-4a4c-810a-c04ebd897062/GANIEV-Azizjon_479086,479086,44005,,,,,,,2023-11-15T00:00:00Z,1,479086
Uzbekistan,UZB,UZB,Group K,Azizbek AMONOV,AMONOV,Forward,Forward,Unknown,20,1997-10-30,181.0,72.0,UZB,https://digitalhub.fifa.com/transform/f9f09a67-08e1-43dc-8ad8-5e5e3aaa291d/AMONOV-Azizbek_481220,481220,44005,,,,,,,2024-01-06T00:00:00Z,1,481220
Uzbekistan,UZB,UZB,Group K,Igor Sergeev,SERGEEV,Forward,Forward,Unknown,21,1993-04-30,185.0,76.0,UZB,https://digitalhub.fifa.com/transform/5e05ab4f-a3c8-4086-b1a1-54ec0f4ee475/SERGEEV-Igor_368546,368546,44005,,,,,,,2011-06-29T00:00:00Z,1,368546
Uzbekistan,UZB,UZB,Group K,Abbosbek FAYZULLAEV,FAYZULLAEV,Midfielder,Midfielder,Unknown,22,2003-10-03,167.0,55.0,UZB,https://digitalhub.fifa.com/transform/184c6d22-8ce0-4701-8582-39e1653b77f8/FAYZULLAEV-Abbosbek_464933,464933,44005,,,,,,,2023-11-10T00:00:00Z,1,464933
Uzbekistan,UZB,UZB,Group K,Sherzod ESANOV,ESANOV,Midfielder,Midfielder,Unknown,23,2003-02-01,190.0,75.0,UZB,https://digitalhub.fifa.com/transform/0b3fd6fd-f931-45b7-ab1d-38b1751cb0a2/ESANOV-Sherzod_464897,464897,44005,,,,,,,2026-03-03T00:00:00Z,1,464897
Uzbekistan,UZB,UZB,Group K,Behruzjon KARIMOV,KARIMOV,Defender,Defender,Unknown,24,2007-08-07,172.0,65.0,UZB,https://digitalhub.fifa.com/transform/0b62bdac-feaf-4b23-a22b-31a73c68a475/KARIMOV-Behruzjon_475260,475260,44005,,,,,,,2026-03-03T00:00:00Z,1,475260
Uzbekistan,UZB,UZB,Group K,Avazbek ULMASALIYEV,ULMASALIYEV,Defender,Defender,Unknown,25,2000-03-27,187.0,72.0,UZB,https://digitalhub.fifa.com/transform/6f9231dd-bc07-4ab3-a1f4-dd96ce3aa5b4/ULMASALIYEV-Avazbek_518264,518264,44005,,,,,,,2026-03-03T00:00:00Z,1,518264
Uzbekistan,UZB,UZB,Group K,Jakhongir UROZOV,UROZOV,Defender,Defender,Unknown,26,2004-01-18,190.0,80.0,UZB,https://digitalhub.fifa.com/transform/67fe075a-e8c6-4169-846b-6d436d647014/UROZOV-Jakhongir_464906,464906,44005,,,,,,,2025-10-27T00:00:00Z,1,464906
